year,school_id,school_name,school_type,authority,gender,regional_council,education_region,territorial_authority,takiwa,total_students,male_students,female_students,another_gender_not_stated_students,european_pakeha_students,maori_students,pacific_students,asian_students,melaa_students,other_students
2025,1,Te Kura o Te Kao,Composite (Year 1-15),State: Not integrated,Co-Ed,Northland Region,Tai Tokerau,Far North District,Te Tai Raro,74,40.0,34.0,0.0,3,71,0,0,0,0
2025,10,Te Kura Taumata o Panguru,Composite (Year 1-15),State: Not integrated,Co-Ed,Northland Region,Tai Tokerau,Far North District,Te Tai Raro,123,55.0,68.0,0.0,0,121,2,0,0,0
2025,100,James Cook High School,Secondary (Year 9-15),State: Not integrated,Co-Ed,Auckland Region,Tāmaki Herenga Waka,Auckland- Manurewa,Te Tai Raro,1730,893.0,,,19,650,778,260,22,1
2025,1000,Ahipara School,Full Primary,State: Not integrated,Co-Ed,Northland Region,Tai Tokerau,Far North District,Te Tai Raro,222,111.0,111.0,0.0,26,185,6,3,2,0
2025,1001,Aranga School,Full Primary,State: Not integrated,Co-Ed,Northland Region,Tai Tokerau,Kaipara District,Te Tai Raro,14,9.0,5.0,0.0,1,12,0,0,1,0
2025,1002,Arapohue School,Full Primary,State: Not integrated,Co-Ed,Northland Region,Tai Tokerau,Kaipara District,Te Tai Raro,35,16.0,19.0,0.0,22,10,2,0,1,0
2025,1004,Awanui School,Contributing,State: Not integrated,Co-Ed,Northland Region,Tai Tokerau,Far North District,Te Tai Raro,46,21.0,25.0,0.0,1,44,0,1,0,0
2025,1007,Blomfield Special School and Resource Ctre,Specialist School,State: Not integrated,Co-Ed,Northland Region,Tai Tokerau,Whangarei District,Te Tai Raro,162,111.0,51.0,0.0,47,98,11,4,2,0
2025,1008,Dargaville Intermediate,Intermediate,State: Not integrated,Co-Ed,Northland Region,Tai Tokerau,Kaipara District,Te Tai Raro,169,86.0,83.0,0.0,45,102,16,5,1,0
2025,1009,Dargaville Primary School,Contributing,State: Not integrated,Co-Ed,Northland Region,Tai Tokerau,Kaipara District,Te Tai Raro,399,190.0,209.0,0.0,165,193,21,17,1,2
2025,101,Papakura High School,Secondary (Year 9-15),State: Not integrated,Co-Ed,Auckland Region,Tāmaki Herenga Waka,Auckland- Papakura,Te Tai Raro,1254,639.0,,,36,610,358,230,14,6
2025,1011,Glenbervie School,Contributing,State: Not integrated,Co-Ed,Northland Region,Tai Tokerau,Whangarei District,Te Tai Raro,224,111.0,113.0,0.0,141,77,3,1,2,0
2025,1013,Herekino School,Full Primary,State: Not integrated,Co-Ed,Northland Region,Tai Tokerau,Far North District,Te Tai Raro,14,6.0,8.0,0.0,0,14,0,0,0,0
2025,1014,Hikurangi School,Full Primary,State: Not integrated,Co-Ed,Northland Region,Tai Tokerau,Whangarei District,Te Tai Raro,204,97.0,107.0,0.0,33,168,2,0,1,0
2025,1015,Hora Hora School (Te Mai),Contributing,State: Not integrated,Co-Ed,Northland Region,Tai Tokerau,Whangarei District,Te Tai Raro,313,172.0,141.0,0.0,24,250,10,25,1,3
2025,1016,Horeke School,Contributing,State: Not integrated,Co-Ed,Northland Region,Tai Tokerau,Far North District,Te Tai Raro,24,10.0,14.0,0.0,3,21,0,0,0,0
2025,1017,Hukerenui School Years 1-8,Full Primary,State: Not integrated,Co-Ed,Northland Region,Tai Tokerau,Whangarei District,Te Tai Raro,168,85.0,83.0,0.0,97,57,8,5,0,1
2025,1018,Hurupaki School,Contributing,State: Not integrated,Co-Ed,Northland Region,Tai Tokerau,Whangarei District,Te Tai Raro,320,171.0,149.0,0.0,145,104,9,55,7,0
2025,1019,Kaeo School,Contributing,State: Not integrated,Co-Ed,Northland Region,Tai Tokerau,Far North District,Te Tai Raro,136,68.0,68.0,0.0,21,107,6,2,0,0
2025,102,Rosehill College,Secondary (Year 9-15),State: Not integrated,Co-Ed,Auckland Region,Tāmaki Herenga Waka,Auckland- Papakura,Te Tai Raro,1684,852.0,,,396,451,286,497,29,8
2025,1020,Kaihu Valley School,Full Primary,State: Not integrated,Co-Ed,Northland Region,Tai Tokerau,Kaipara District,Te Tai Raro,15,6.0,9.0,0.0,3,12,0,0,0,0
2025,1021,Kaikohe East School,Contributing,State: Not integrated,Co-Ed,Northland Region,Tai Tokerau,Far North District,Te Tai Raro,231,125.0,106.0,0.0,7,211,10,3,0,0
2025,1022,Kaikohe Intermediate,Intermediate,State: Not integrated,Co-Ed,Northland Region,Tai Tokerau,Far North District,Te Tai Raro,122,70.0,52.0,0.0,2,112,6,2,0,0
2025,1023,Kaikohe West School,Contributing,State: Not integrated,Co-Ed,Northland Region,Tai Tokerau,Far North District,Te Tai Raro,174,82.0,92.0,0.0,1,168,3,1,0,1
2025,1024,Kaingaroa School (Kaitaia),Full Primary,State: Not integrated,Co-Ed,Northland Region,Tai Tokerau,Far North District,Te Tai Raro,114,60.0,54.0,0.0,48,62,1,2,1,0
2025,1025,Kaitaia Intermediate,Intermediate,State: Not integrated,Co-Ed,Northland Region,Tai Tokerau,Far North District,Te Tai Raro,208,111.0,97.0,0.0,14,180,5,8,0,1
2025,1026,Kaitaia School,Contributing,State: Not integrated,Co-Ed,Northland Region,Tai Tokerau,Far North District,Te Tai Raro,306,157.0,149.0,0.0,23,261,16,6,0,0
2025,1027,Kaiwaka School,Contributing,State: Not integrated,Co-Ed,Northland Region,Tai Tokerau,Kaipara District,Te Tai Raro,133,59.0,74.0,0.0,48,67,2,12,3,1
2025,1028,Totara Grove School,Contributing,State: Not integrated,Co-Ed,Northland Region,Tai Tokerau,Whangarei District,Te Tai Raro,283,155.0,128.0,0.0,47,205,12,15,4,0
2025,1029,Te Kamo Intermediate School,Intermediate,State: Not integrated,Co-Ed,Northland Region,Tai Tokerau,Whangarei District,Te Tai Raro,702,346.0,356.0,0.0,304,310,25,53,8,2
2025,103,Pukekohe High School,Secondary (Year 9-15),State: Not integrated,Co-Ed,Auckland Region,Tāmaki Herenga Waka,Auckland- Franklin,Te Tai Raro,1871,,945.0,,858,476,177,283,32,20
2025,1030,Te Kamo School,Contributing,State: Not integrated,Co-Ed,Northland Region,Tai Tokerau,Whangarei District,Te Tai Raro,433,243.0,190.0,0.0,180,175,21,45,12,0
2025,1031,Karetu School,Full Primary,State: Not integrated,Co-Ed,Northland Region,Tai Tokerau,Far North District,Te Tai Raro,87,44.0,43.0,0.0,22,64,0,1,0,0
2025,1032,Kaurihohore School,Contributing,State: Not integrated,Co-Ed,Northland Region,Tai Tokerau,Whangarei District,Te Tai Raro,179,101.0,78.0,0.0,96,66,2,7,7,1
2025,1033,Kawakawa Primary School,Full Primary,State: Not integrated,Co-Ed,Northland Region,Tai Tokerau,Far North District,Te Tai Raro,246,127.0,119.0,0.0,5,230,10,1,0,0
2025,1034,Kerikeri Primary School,Contributing,State: Not integrated,Co-Ed,Northland Region,Tai Tokerau,Far North District,Te Tai Raro,551,290.0,261.0,0.0,210,243,18,60,18,2
2025,1035,Kohukohu School,Full Primary,State: Not integrated,Co-Ed,Northland Region,Tai Tokerau,Far North District,Te Tai Raro,31,14.0,17.0,0.0,3,28,0,0,0,0
2025,1036,Kokopu School,Full Primary,State: Not integrated,Co-Ed,Northland Region,Tai Tokerau,Whangarei District,Te Tai Raro,124,68.0,56.0,0.0,78,34,3,6,3,0
2025,1037,Mangamuka School,Contributing,State: Not integrated,Co-Ed,Northland Region,Tai Tokerau,Far North District,Te Tai Raro,11,7.0,4.0,0.0,0,11,0,0,0,0
2025,1038,Mangawhai Beach School,Full Primary,State: Not integrated,Co-Ed,Northland Region,Tai Tokerau,Kaipara District,Te Tai Raro,693,359.0,334.0,0.0,470,156,14,34,16,3
2025,1039,Mangonui School,Contributing,State: Not integrated,Co-Ed,Northland Region,Tai Tokerau,Far North District,Te Tai Raro,148,85.0,63.0,0.0,48,92,4,2,1,1
2025,104,Wesley College,Secondary (Year 7-15),State: Integrated,Co-Ed,Auckland Region,Tāmaki Herenga Waka,Auckland- Franklin,Te Tai Raro,341,248.0,93.0,0.0,4,76,242,3,3,0
2025,1042,Matakohe School,Full Primary,State: Not integrated,Co-Ed,Northland Region,Tai Tokerau,Kaipara District,Te Tai Raro,40,23.0,17.0,0.0,28,12,0,0,0,0
2025,1043,Matarau School,Full Primary,State: Not integrated,Co-Ed,Northland Region,Tai Tokerau,Whangarei District,Te Tai Raro,276,125.0,151.0,0.0,185,68,5,10,6,2
2025,1044,Matauri Bay School,Contributing,State: Not integrated,Co-Ed,Northland Region,Tai Tokerau,Far North District,Te Tai Raro,57,39.0,18.0,0.0,5,52,0,0,0,0
2025,1046,Te Kura o Mātihetihe,Composite (Year 1-15),State: Not integrated,Co-Ed,Northland Region,Tai Tokerau,Far North District,Te Tai Raro,8,5.0,3.0,0.0,1,7,0,0,0,0
2025,1047,Maungakaramea School,Full Primary,State: Not integrated,Co-Ed,Northland Region,Tai Tokerau,Whangarei District,Te Tai Raro,111,60.0,51.0,0.0,76,25,5,5,0,0
2025,1048,Maungatapere School,Full Primary,State: Not integrated,Co-Ed,Northland Region,Tai Tokerau,Whangarei District,Te Tai Raro,315,154.0,161.0,0.0,197,84,5,13,9,7
2025,1049,Maungaturoto School,Contributing,State: Not integrated,Co-Ed,Northland Region,Tai Tokerau,Kaipara District,Te Tai Raro,211,106.0,105.0,0.0,123,66,10,10,2,0
2025,105,Waiuku College,Secondary (Year 9-15),State: Not integrated,Co-Ed,Auckland Region,Tāmaki Herenga Waka,Auckland- Franklin,Te Tai Raro,980,506.0,,,492,325,54,69,9,10
2025,1050,Maunu School,Contributing,State: Not integrated,Co-Ed,Northland Region,Tai Tokerau,Whangarei District,Te Tai Raro,306,154.0,152.0,0.0,142,60,5,80,12,7
2025,1052,Morningside School,Contributing,State: Not integrated,Co-Ed,Northland Region,Tai Tokerau,Whangarei District,Te Tai Raro,351,185.0,166.0,0.0,122,168,27,26,7,1
2025,1053,Motatau School,Full Primary,State: Not integrated,Co-Ed,Northland Region,Tai Tokerau,Far North District,Te Tai Raro,60,34.0,26.0,0.0,0,60,0,0,0,0
2025,1055,Ngataki School,Composite (Year 1-15),State: Not integrated,Co-Ed,Northland Region,Tai Tokerau,Far North District,Te Tai Raro,48,25.0,23.0,0.0,1,45,0,2,0,0
2025,1056,Ngunguru School,Full Primary,State: Not integrated,Co-Ed,Northland Region,Tai Tokerau,Whangarei District,Te Tai Raro,220,117.0,103.0,0.0,143,52,7,12,2,4
2025,1058,Ohaeawai School,Contributing,State: Not integrated,Co-Ed,Northland Region,Tai Tokerau,Far North District,Te Tai Raro,144,65.0,79.0,0.0,35,98,3,8,0,0
2025,1059,Okaihau Primary School,Contributing,State: Not integrated,Co-Ed,Northland Region,Tai Tokerau,Far North District,Te Tai Raro,144,84.0,60.0,0.0,28,110,6,0,0,0
2025,106,Tuakau College,Secondary (Year 7-15),State: Not integrated,Co-Ed,Waikato Region,Tāmaki Herenga Waka,Waikato District,Te Tai Raro,1034,506.0,528.0,0.0,357,369,119,146,22,21
2025,1060,Te Kura o Ōmanaia,Full Primary,State: Not integrated,Co-Ed,Northland Region,Tai Tokerau,Far North District,Te Tai Raro,62,28.0,34.0,0.0,5,57,0,0,0,0
2025,1061,One Tree Point School,Contributing,State: Not integrated,Co-Ed,Northland Region,Tai Tokerau,Whangarei District,Te Tai Raro,218,119.0,99.0,0.0,107,67,11,17,15,1
2025,1062,Onerahi School,Contributing,State: Not integrated,Co-Ed,Northland Region,Tai Tokerau,Whangarei District,Te Tai Raro,371,188.0,183.0,0.0,135,198,17,15,5,1
2025,1063,Opua School,Full Primary,State: Not integrated,Co-Ed,Northland Region,Tai Tokerau,Far North District,Te Tai Raro,103,60.0,43.0,0.0,63,22,3,11,1,0
2025,1065,Oromahoe School,Full Primary,State: Not integrated,Co-Ed,Northland Region,Tai Tokerau,Far North District,Te Tai Raro,174,83.0,91.0,0.0,93,65,3,7,1,5
2025,1066,Oruaiti School,Full Primary,State: Not integrated,Co-Ed,Northland Region,Tai Tokerau,Far North District,Te Tai Raro,168,,98.0,,57,99,1,7,2,2
2025,1068,Otaika Valley School,Contributing,State: Not integrated,Co-Ed,Northland Region,Tai Tokerau,Whangarei District,Te Tai Raro,131,67.0,64.0,0.0,72,54,2,3,0,0
2025,1069,Te Kura o Otangarei,Full Primary,State: Not integrated,Co-Ed,Northland Region,Tai Tokerau,Whangarei District,Te Tai Raro,79,34.0,45.0,0.0,2,77,0,0,0,0
2025,1071,Oturu School,Full Primary,State: Not integrated,Co-Ed,Northland Region,Tai Tokerau,Far North District,Te Tai Raro,120,65.0,55.0,0.0,5,113,2,0,0,0
2025,1072,Paihia School,Full Primary,State: Not integrated,Co-Ed,Northland Region,Tai Tokerau,Far North District,Te Tai Raro,152,82.0,70.0,0.0,55,62,10,23,2,0
2025,1073,Pakaraka School,Full Primary,State: Not integrated,Co-Ed,Northland Region,Tai Tokerau,Far North District,Te Tai Raro,53,26.0,27.0,0.0,19,27,3,2,0,2
2025,1074,Pakiri School,Full Primary,State: Not integrated,Co-Ed,Auckland Region,Tāmaki Herenga Tāngata,Auckland- Rodney,Te Tai Raro,10,5.0,5.0,0.0,5,5,0,0,0,0
2025,1075,Pakotai School,Full Primary,State: Not integrated,Co-Ed,Northland Region,Tai Tokerau,Whangarei District,Te Tai Raro,21,12.0,9.0,0.0,1,18,2,0,0,0
2025,1076,Pamapuria School,Full Primary,State: Not integrated,Co-Ed,Northland Region,Tai Tokerau,Far North District,Te Tai Raro,85,39.0,46.0,0.0,15,62,7,0,1,0
2025,1077,Paparoa School,Contributing,State: Not integrated,Co-Ed,Northland Region,Tai Tokerau,Kaipara District,Te Tai Raro,40,18.0,22.0,0.0,16,18,2,4,0,0
2025,1078,Paparore School,Contributing,State: Not integrated,Co-Ed,Northland Region,Tai Tokerau,Far North District,Te Tai Raro,167,81.0,86.0,0.0,19,139,1,8,0,0
2025,108,Onewhero Area School,Composite (Year 1-15),State: Not integrated,Co-Ed,Waikato Region,Tāmaki Herenga Waka,Waikato District,Te Tai Raro,402,218.0,184.0,0.0,243,105,26,16,7,5
2025,1080,Parua Bay School,Full Primary,State: Not integrated,Co-Ed,Northland Region,Tai Tokerau,Whangarei District,Te Tai Raro,304,173.0,131.0,0.0,206,71,7,8,9,3
2025,1081,Peria School,Full Primary,State: Not integrated,Co-Ed,Northland Region,Tai Tokerau,Far North District,Te Tai Raro,82,36.0,46.0,0.0,29,48,1,1,1,2
2025,1082,Pompallier Catholic School,Full Primary,State: Integrated,Co-Ed,Northland Region,Tai Tokerau,Far North District,Te Tai Raro,157,71.0,86.0,0.0,34,68,14,34,5,2
2025,1083,Poroti School,Full Primary,State: Not integrated,Co-Ed,Northland Region,Tai Tokerau,Whangarei District,Te Tai Raro,46,20.0,26.0,0.0,16,26,0,1,2,1
2025,1084,Portland School Te Kura o Tikorangi,Contributing,State: Not integrated,Co-Ed,Northland Region,Tai Tokerau,Whangarei District,Te Tai Raro,104,49.0,55.0,0.0,7,91,2,2,2,0
2025,1085,Pouto School,Full Primary,State: Not integrated,Co-Ed,Northland Region,Tai Tokerau,Kaipara District,Te Tai Raro,8,6.0,2.0,0.0,1,7,0,0,0,0
2025,1086,Pukenui School (Kaitaia),Full Primary,State: Not integrated,Co-Ed,Northland Region,Tai Tokerau,Far North District,Te Tai Raro,102,50.0,52.0,0.0,35,60,1,1,5,0
2025,1087,Pukepoto School,Contributing,State: Not integrated,Co-Ed,Northland Region,Tai Tokerau,Far North District,Te Tai Raro,26,14.0,12.0,0.0,0,25,1,0,0,0
2025,1089,Purua School,Full Primary,State: Not integrated,Co-Ed,Northland Region,Tai Tokerau,Whangarei District,Te Tai Raro,29,12.0,17.0,0.0,5,22,0,0,2,0
2025,109,Coromandel Area School,Composite (Year 1-15),State: Not integrated,Co-Ed,Waikato Region,Waikato,Thames-Coromandel District,Te Tai Whenua,210,98.0,112.0,0.0,62,142,3,1,0,2
2025,1092,Raurimu Avenue School,Full Primary,State: Not integrated,Co-Ed,Northland Region,Tai Tokerau,Whangarei District,Te Tai Raro,57,30.0,27.0,0.0,9,47,1,0,0,0
2025,1093,Rawene School,Full Primary,State: Not integrated,Co-Ed,Northland Region,Tai Tokerau,Far North District,Te Tai Raro,81,43.0,38.0,0.0,11,67,0,2,1,0
2025,1094,Ruakākā School,Contributing,State: Not integrated,Co-Ed,Northland Region,Tai Tokerau,Whangarei District,Te Tai Raro,306,155.0,151.0,0.0,108,178,10,7,3,0
2025,1095,Ruawai Primary School,Contributing,State: Not integrated,Co-Ed,Northland Region,Tai Tokerau,Kaipara District,Te Tai Raro,109,53.0,56.0,0.0,65,35,7,2,0,0
2025,1096,Russell School (Bay Of Islands),Full Primary,State: Not integrated,Co-Ed,Northland Region,Tai Tokerau,Far North District,Te Tai Raro,68,29.0,39.0,0.0,29,35,4,0,0,0
2025,1097,Selwyn Park School,Contributing,State: Not integrated,Co-Ed,Northland Region,Tai Tokerau,Kaipara District,Te Tai Raro,146,76.0,70.0,0.0,9,110,24,2,1,0
2025,1098,St Joseph's Catholic School (Dargaville),Full Primary,State: Integrated,Co-Ed,Northland Region,Tai Tokerau,Kaipara District,Te Tai Raro,106,51.0,55.0,0.0,32,22,32,17,1,2
2025,11,Opononi Area School,Composite (Year 1-15),State: Not integrated,Co-Ed,Northland Region,Tai Tokerau,Far North District,Te Tai Raro,157,91.0,66.0,0.0,11,140,2,4,0,0
2025,110,Mercury Bay Area School,Composite (Year 1-15),State: Not integrated,Co-Ed,Waikato Region,Waikato,Thames-Coromandel District,Te Tai Whenua,873,466.0,,,548,223,26,47,6,2
2025,1100,Te Kura o Hato Hohepa Te Kamura,Full Primary,State: Integrated,Co-Ed,Northland Region,Tai Tokerau,Far North District,Te Tai Raro,10,2.0,8.0,0.0,0,10,0,0,0,0
2025,1104,Tangiteroria School,Full Primary,State: Not integrated,Co-Ed,Northland Region,Tai Tokerau,Kaipara District,Te Tai Raro,35,23.0,12.0,0.0,16,17,2,0,0,0
2025,1105,Tangowahine School,Full Primary,State: Not integrated,Co-Ed,Northland Region,Tai Tokerau,Kaipara District,Te Tai Raro,25,12.0,13.0,0.0,14,11,0,0,0,0
2025,1106,Tapora School,Full Primary,State: Not integrated,Co-Ed,Auckland Region,Tāmaki Herenga Tāngata,Auckland- Rodney,Te Tai Raro,16,7.0,9.0,0.0,7,4,0,4,1,0
2025,1107,Tauhoa School,Full Primary,State: Not integrated,Co-Ed,Auckland Region,Tāmaki Herenga Tāngata,Auckland- Rodney,Te Tai Raro,78,44.0,34.0,0.0,55,18,1,3,1,0
2025,1109,Te Hapua School,Full Primary,State: Not integrated,Co-Ed,Northland Region,Tai Tokerau,Far North District,Te Tai Raro,16,8.0,8.0,0.0,0,16,0,0,0,0
2025,111,Thames High School,Secondary (Year 9-15),State: Not integrated,Co-Ed,Waikato Region,Waikato,Thames-Coromandel District,Te Tai Whenua,395,181.0,214.0,0.0,161,160,8,36,6,6
2025,1110,Te Horo School (Whangarei),Full Primary,State: Not integrated,Co-Ed,Northland Region,Tai Tokerau,Whangarei District,Te Tai Raro,26,11.0,15.0,0.0,0,26,0,0,0,0
2025,1111,Te Kopuru School,Full Primary,State: Not integrated,Co-Ed,Northland Region,Tai Tokerau,Kaipara District,Te Tai Raro,84,43.0,41.0,0.0,15,63,5,1,0,0
2025,1112,Bay of Islands International Academy,Full Primary,State: Not integrated,Co-Ed,Northland Region,Tai Tokerau,Far North District,Te Tai Raro,53,28.0,25.0,0.0,18,34,0,1,0,0
2025,1113,Tikipunga Primary School,Contributing,State: Not integrated,Co-Ed,Northland Region,Tai Tokerau,Whangarei District,Te Tai Raro,354,179.0,175.0,0.0,33,307,8,3,3,0
2025,1114,Tinopai School,Full Primary,State: Not integrated,Co-Ed,Northland Region,Tai Tokerau,Kaipara District,Te Tai Raro,14,6.0,8.0,0.0,3,11,0,0,0,0
2025,1115,Tomarata School,Full Primary,State: Not integrated,Co-Ed,Auckland Region,Tāmaki Herenga Tāngata,Auckland- Rodney,Te Tai Raro,76,40.0,36.0,0.0,44,27,1,2,2,0
2025,1116,Totara North School,Contributing,State: Not integrated,Co-Ed,Northland Region,Tai Tokerau,Far North District,Te Tai Raro,22,10.0,12.0,0.0,6,13,3,0,0,0
2025,1119,Umawera School,Contributing,State: Not integrated,Co-Ed,Northland Region,Tai Tokerau,Far North District,Te Tai Raro,28,14.0,14.0,0.0,6,22,0,0,0,0
2025,112,Hauraki Plains College,Secondary (Year 9-15),State: Not integrated,Co-Ed,Waikato Region,Waikato,Hauraki District,Te Tai Whenua,907,473.0,434.0,0.0,606,221,16,53,3,8
2025,1120,Waihārara School,Full Primary,State: Not integrated,Co-Ed,Northland Region,Tai Tokerau,Far North District,Te Tai Raro,20,12.0,8.0,0.0,3,17,0,0,0,0
2025,1122,Waima School,Full Primary,State: Not integrated,Co-Ed,Northland Region,Tai Tokerau,Far North District,Te Tai Raro,45,24.0,21.0,0.0,0,45,0,0,0,0
2025,1124,Waiotira School,Contributing,State: Not integrated,Co-Ed,Northland Region,Tai Tokerau,Whangarei District,Te Tai Raro,30,12.0,18.0,0.0,16,14,0,0,0,0
2025,1125,Waipu School,Contributing,State: Not integrated,Co-Ed,Northland Region,Tai Tokerau,Whangarei District,Te Tai Raro,258,127.0,131.0,0.0,168,63,14,11,2,0
2025,1126,Wellsford School,Full Primary,State: Not integrated,Co-Ed,Auckland Region,Tāmaki Herenga Tāngata,Auckland- Rodney,Te Tai Raro,321,176.0,145.0,0.0,159,111,12,33,5,1
2025,1127,Whananaki School,Full Primary,State: Not integrated,Co-Ed,Northland Region,Tai Tokerau,Whangarei District,Te Tai Raro,36,23.0,13.0,0.0,6,30,0,0,0,0
2025,1128,Whangarei Heads School,Full Primary,State: Not integrated,Co-Ed,Northland Region,Tai Tokerau,Whangarei District,Te Tai Raro,138,81.0,57.0,0.0,106,19,2,4,7,0
2025,1129,Whangarei Intermediate,Intermediate,State: Not integrated,Co-Ed,Northland Region,Tai Tokerau,Whangarei District,Te Tai Raro,522,279.0,243.0,0.0,117,311,35,50,8,1
2025,113,Paeroa College,Secondary (Year 9-15),State: Not integrated,Co-Ed,Waikato Region,Waikato,Hauraki District,Te Tai Whenua,356,,182.0,,158,169,5,14,5,2
2025,1130,Whangarei School,Contributing,State: Not integrated,Co-Ed,Northland Region,Tai Tokerau,Whangarei District,Te Tai Raro,465,233.0,232.0,0.0,178,169,20,88,9,0
2025,1131,Whau Valley School,Contributing,State: Not integrated,Co-Ed,Northland Region,Tai Tokerau,Whangarei District,Te Tai Raro,292,157.0,135.0,0.0,40,223,10,15,2,2
2025,1138,Renew School,Composite (Year 1-15),State: Integrated,Co-Ed,Northland Region,Tai Tokerau,Whangarei District,Te Tai Raro,207,108.0,99.0,0.0,80,56,5,34,27,5
2025,1139,Lake Taupo Christian School,Composite (Year 1-15),State: Integrated,Co-Ed,Waikato Region,"Bay of Plenty, Waiariki",Taupo District,Te Tai Whenua,129,72.0,57.0,0.0,52,21,9,21,25,1
2025,114,Waihi College,Secondary (Year 7-15),State: Not integrated,Co-Ed,Waikato Region,Waikato,Hauraki District,Te Tai Whenua,572,288.0,284.0,0.0,275,224,9,43,3,2
2025,1142,TKKM o Takapau,Full Primary,State: Not integrated,Co-Ed,Hawkes Bay Region,"Hawke's Bay, Tairawhiti",Central Hawke's Bay District,Te Tai Whenua,35,16.0,19.0,0.0,0,35,0,0,0,0
2025,1143,TKKM o Nga Mokopuna,Composite (Year 1-15),State: Not integrated,Co-Ed,Wellington Region,Wellington,Wellington City,Te Tai Runga,149,81.0,68.0,0.0,0,149,0,0,0,0
2025,1147,Te Rangi Aniwaniwa,Composite (Year 1-15),State: Not integrated,Co-Ed,Northland Region,Tai Tokerau,Far North District,Te Tai Raro,199,80.0,119.0,0.0,0,199,0,0,0,0
2025,1148,Nelson Christian Academy,Full Primary,State: Integrated,Co-Ed,Nelson Region,"Nelson, Marlborough, West Coast",Nelson City,Te Tai Runga,302,160.0,142.0,0.0,144,28,22,101,7,0
2025,1149,Sonrise Christian School,Composite (Year 1-15),State: Integrated,Co-Ed,Gisborne Region,"Hawke's Bay, Tairawhiti",Gisborne District,Te Tai Whenua,134,64.0,70.0,0.0,39,57,11,10,17,0
2025,115,Te Kauwhata College,Secondary (Year 7-15),State: Not integrated,Co-Ed,Waikato Region,Waikato,Waikato District,Te Tai Whenua,459,239.0,,,126,212,46,63,10,2
2025,1151,TKKM o Te Puaha o Waikato,Full Primary,State: Not integrated,Co-Ed,Waikato Region,Waikato,Waikato District,Te Tai Whenua,59,36.0,23.0,0.0,0,59,0,0,0,0
2025,1153,TKKM o Te Koutu,Composite (Year 1-15),State: Not integrated,Co-Ed,Bay of Plenty Region,"Bay of Plenty, Waiariki",Rotorua District,Te Tai Whenua,354,168.0,186.0,0.0,0,352,1,0,0,1
2025,1154,TKKM o Te Rawhiti Roa,Composite (Year 1-15),State: Not integrated,Co-Ed,Northland Region,Tai Tokerau,Whangarei District,Te Tai Raro,184,84.0,100.0,0.0,0,184,0,0,0,0
2025,1156,Horizon School,Composite (Year 1-15),State: Integrated,Co-Ed,Auckland Region,Tāmaki Herenga Tāngata,Auckland- Rodney,Te Tai Raro,195,91.0,104.0,0.0,140,21,10,13,5,6
2025,116,Te Aroha College,Secondary (Year 9-15),State: Not integrated,Co-Ed,Waikato Region,Waikato,Matamata-Piako District,Te Tai Whenua,391,211.0,180.0,0.0,200,123,17,48,0,2
2025,1164,Everglade School,Contributing,State: Not integrated,Co-Ed,Auckland Region,Tāmaki Herenga Waka,Auckland- Manurewa,Te Tai Raro,506,266.0,240.0,0.0,41,68,130,259,8,0
2025,1165,TKKM o Ruamata,Composite (Year 1-15),State: Not integrated,Co-Ed,Bay of Plenty Region,"Bay of Plenty, Waiariki",Rotorua District,Te Tai Whenua,288,134.0,154.0,0.0,0,288,0,0,0,0
2025,1167,Wanaka Primary School,Contributing,State: Not integrated,Co-Ed,Otago Region,"Otago, Southland",Queenstown-Lakes District,Te Tai Runga,480,258.0,222.0,0.0,374,40,2,48,7,9
2025,1168,Emmanuel Christian School,Composite (Year 1-15),State: Integrated,Co-Ed,Canterbury Region,Canterbury and Chatham Islands,Christchurch City,Te Tai Runga,274,148.0,126.0,0.0,108,20,21,87,38,0
2025,1169,Paeroa Christian School,Full Primary,State: Integrated,Co-Ed,Waikato Region,Waikato,Hauraki District,Te Tai Whenua,51,27.0,24.0,0.0,28,10,4,5,4,0
2025,117,Katikati College,Secondary (Year 7-15),State: Not integrated,Co-Ed,Bay of Plenty Region,"Bay of Plenty, Waiariki",Western Bay of Plenty District,Te Tai Whenua,816,419.0,397.0,0.0,449,203,49,107,3,0
2025,1170,Whakatane S D A School,Full Primary,State: Integrated,Co-Ed,Bay of Plenty Region,"Bay of Plenty, Waiariki",Whakatane District,Te Tai Whenua,47,27.0,20.0,0.0,6,21,3,16,1,0
2025,1172,Cornerstone Christian School,Composite (Year 1-15),State: Integrated,Co-Ed,Manawatū-Whanganui Regio,"Taranaki, Whanganui, Manawatu",Palmerston North City,Te Tai Whenua,610,323.0,287.0,0.0,278,73,37,182,37,3
2025,1175,Kaikohe Christian School,Composite (Year 1-15),State: Integrated,Co-Ed,Northland Region,Tai Tokerau,Far North District,Te Tai Raro,155,80.0,75.0,0.0,13,117,8,10,0,7
2025,1177,Te Huruhi School,Contributing,State: Not integrated,Co-Ed,Auckland Region,Tāmaki Herenga Manawa,Auckland- Waiheke,Te Tai Raro,260,113.0,147.0,0.0,142,74,7,24,13,0
2025,1178,Tasman Bay Christian School,Full Primary,State: Integrated,Co-Ed,Tasman Region,"Nelson, Marlborough, West Coast",Tasman District,Te Tai Runga,74,34.0,40.0,0.0,47,17,7,3,0,0
2025,1179,Maranatha Christian School,Full Primary,State: Integrated,Co-Ed,Wellington Region,Wellington,Lower Hutt City,Te Tai Runga,156,82.0,74.0,0.0,59,21,20,28,12,16
2025,118,Mount Maunganui College,Secondary (Year 9-15),State: Not integrated,Co-Ed,Bay of Plenty Region,"Bay of Plenty, Waiariki",Tauranga City,Te Tai Whenua,1711,785.0,921.0,5.0,943,518,51,92,43,25
2025,1184,Hāwera Christian School,Full Primary,State: Integrated,Co-Ed,Taranaki Region,"Taranaki, Whanganui, Manawatu",South Taranaki District,Te Tai Whenua,51,26.0,25.0,0.0,19,11,3,11,7,0
2025,1185,Matahui School,Full Primary,Private: Fully Reg.,Co-Ed,Bay of Plenty Region,"Bay of Plenty, Waiariki",Western Bay of Plenty District,Te Tai Whenua,44,31.0,13.0,0.0,33,6,0,5,0,0
2025,1186,Matamata Christian School,Full Primary,State: Integrated,Co-Ed,Waikato Region,Waikato,Matamata-Piako District,Te Tai Whenua,113,55.0,58.0,0.0,71,16,7,17,0,2
2025,1187,Tauranga Waldorf School,Full Primary,State: Integrated,Co-Ed,Bay of Plenty Region,"Bay of Plenty, Waiariki",Tauranga City,Te Tai Whenua,204,85.0,119.0,0.0,153,29,1,8,7,5
2025,1189,Wā Ora Montessori,Composite (Year 1-15),State: Integrated,Co-Ed,Wellington Region,Wellington,Lower Hutt City,Te Tai Runga,265,132.0,133.0,0.0,143,31,9,66,13,3
2025,119,Huntly College,Secondary (Year 9-15),State: Not integrated,Co-Ed,Waikato Region,Waikato,Waikato District,Te Tai Whenua,174,86.0,88.0,0.0,9,136,12,16,1,0
2025,1190,Elim Christian College,Composite (Year 1-15),State: Integrated,Co-Ed,Auckland Region,Tāmaki Herenga Manawa,Auckland- Howick,Te Tai Raro,994,462.0,532.0,0.0,420,38,52,384,36,17
2025,1192,Dunedin Rudolf Steiner School,Full Primary,State: Integrated,Co-Ed,Otago Region,"Otago, Southland",Dunedin City,Te Tai Runga,85,35.0,50.0,0.0,54,10,4,9,3,2
2025,1194,Red Beach School,Contributing,State: Not integrated,Co-Ed,Auckland Region,Tāmaki Herenga Tāngata,Auckland- Hibiscus and Bays,Te Tai Raro,461,241.0,220.0,0.0,282,65,33,58,17,3
2025,1195,Adventure School,Full Primary,State: Not integrated,Co-Ed,Wellington Region,Wellington,Porirua City,Te Tai Runga,480,253.0,227.0,0.0,277,53,17,118,13,2
2025,12,Tauraroa Area School,Composite (Year 1-15),State: Not integrated,Co-Ed,Northland Region,Tai Tokerau,Whangarei District,Te Tai Raro,440,222.0,218.0,0.0,273,131,8,15,1,6
2025,120,Ōtūmoetai College,Secondary (Year 9-15),State: Not integrated,Co-Ed,Bay of Plenty Region,"Bay of Plenty, Waiariki",Tauranga City,Te Tai Whenua,1996,,1119.0,,1228,422,59,181,33,7
2025,1200,Ahuroa School,Full Primary,State: Not integrated,Co-Ed,Auckland Region,Tāmaki Herenga Tāngata,Auckland- Rodney,Te Tai Raro,53,28.0,25.0,0.0,28,22,2,1,0,0
2025,1201,Aka Aka School,Full Primary,State: Not integrated,Co-Ed,Waikato Region,Tāmaki Herenga Waka,Waikato District,Te Tai Raro,62,30.0,32.0,0.0,28,31,3,0,0,0
2025,1202,Albany School,Contributing,State: Not integrated,Co-Ed,Auckland Region,Tāmaki Herenga Tāngata,Auckland- Upper Harbour,Te Tai Raro,667,348.0,319.0,0.0,86,41,15,446,68,2
2025,1203,Alfriston School,Full Primary,State: Not integrated,Co-Ed,Auckland Region,Tāmaki Herenga Waka,Auckland- Franklin,Te Tai Raro,380,212.0,168.0,0.0,58,37,59,210,9,7
2025,1204,Anchorage Park School,Contributing,State: Not integrated,Co-Ed,Auckland Region,Tāmaki Herenga Manawa,Auckland- Howick,Te Tai Raro,130,71.0,59.0,0.0,21,24,30,42,13,0
2025,1206,Arahoe School,Contributing,State: Not integrated,Co-Ed,Auckland Region,Tāmaki Herenga Tāngata,Auckland- Whau,Te Tai Raro,414,227.0,187.0,0.0,74,48,48,226,14,2
2025,1207,Ararimu School,Full Primary,State: Not integrated,Co-Ed,Auckland Region,Tāmaki Herenga Waka,Auckland- Franklin,Te Tai Raro,122,63.0,59.0,0.0,81,27,1,8,2,3
2025,1208,Ardmore School,Full Primary,State: Not integrated,Co-Ed,Auckland Region,Tāmaki Herenga Waka,Auckland- Franklin,Te Tai Raro,354,186.0,168.0,0.0,87,63,14,173,17,0
2025,1209,Arohanui Special School,Specialist School,State: Not integrated,Co-Ed,Auckland Region,Tāmaki Herenga Tāngata,Auckland- Henderson-Massey,Te Tai Raro,260,196.0,64.0,0.0,50,73,79,47,9,2
2025,121,Tauranga Boys' College,Secondary (Year 9-15),State: Not integrated,Single Sex-Boys,Bay of Plenty Region,"Bay of Plenty, Waiariki",Tauranga City,Te Tai Whenua,2212,2212.0,0.0,0.0,1132,589,109,272,26,30
2025,1210,Northern Health School,Specialist School,State: Not integrated,Co-Ed,Auckland Region,Tāmaki Herenga Manawa,Auckland- Waitematā,Te Tai Raro,5,3.0,2.0,0.0,1,2,1,0,1,0
2025,1211,Auckland Normal Intermediate,Intermediate,State: Not integrated,Co-Ed,Auckland Region,Tāmaki Herenga Manawa,Auckland- Albert-Eden,Te Tai Raro,727,396.0,331.0,0.0,114,39,37,474,29,9
2025,1212,Avondale Intermediate,Intermediate,State: Not integrated,Co-Ed,Auckland Region,Tāmaki Herenga Manawa,Auckland- Whau,Te Tai Raro,368,199.0,169.0,0.0,30,55,102,134,26,21
2025,1213,Avondale Primary School (Auckland),Contributing,State: Not integrated,Co-Ed,Auckland Region,Tāmaki Herenga Manawa,Auckland- Whau,Te Tai Raro,365,186.0,179.0,0.0,51,51,63,174,24,2
2025,1214,Awhitu District School,Full Primary,State: Not integrated,Co-Ed,Auckland Region,Tāmaki Herenga Waka,Auckland- Franklin,Te Tai Raro,110,65.0,45.0,0.0,59,34,12,4,0,1
2025,1215,Sir Douglas Bader Intermediate School,Intermediate,State: Not integrated,Co-Ed,Auckland Region,Tāmaki Herenga Waka,Auckland- Māngere-Ōtāhuhu,Te Tai Raro,269,121.0,148.0,0.0,3,66,192,5,3,0
2025,1216,Bailey Road School,Full Primary,State: Not integrated,Co-Ed,Auckland Region,Tāmaki Herenga Manawa,Auckland- Maungakiekie-Tāmaki,Te Tai Raro,354,186.0,168.0,0.0,21,95,136,90,12,0
2025,1217,Sir Edmund Hillary Collegiate Middle School,Intermediate,State: Not integrated,Co-Ed,Auckland Region,Tāmaki Herenga Waka,Auckland- Ōtara-Papatoetoe,Te Tai Raro,310,166.0,144.0,0.0,0,64,240,5,0,1
2025,1218,Bairds Mainfreight Primary School,Contributing,State: Not integrated,Co-Ed,Auckland Region,Tāmaki Herenga Waka,Auckland- Ōtara-Papatoetoe,Te Tai Raro,338,183.0,155.0,0.0,0,106,227,2,3,0
2025,1219,Balmoral School (Auckland),Full Primary,State: Not integrated,Co-Ed,Auckland Region,Tāmaki Herenga Manawa,Auckland- Albert-Eden,Te Tai Raro,776,396.0,380.0,0.0,306,27,45,357,28,8
2025,122,Tauranga Girls' College,Secondary (Year 9-15),State: Not integrated,Single Sex-Girls,Bay of Plenty Region,"Bay of Plenty, Waiariki",Tauranga City,Te Tai Whenua,1430,,1424.0,,654,425,78,207,13,17
2025,1220,Bayfield School,Contributing,State: Not integrated,Co-Ed,Auckland Region,Tāmaki Herenga Manawa,Auckland- Waitematā,Te Tai Raro,373,203.0,170.0,0.0,255,24,10,63,11,6
2025,1221,Bayswater School,Contributing,State: Not integrated,Co-Ed,Auckland Region,Tāmaki Herenga Tāngata,Auckland- Devonport-Takapuna,Te Tai Raro,131,67.0,64.0,0.0,49,37,13,27,4,0
2025,1222,Bayview School,Contributing,State: Not integrated,Co-Ed,Auckland Region,Tāmaki Herenga Tāngata,Auckland- Kaipātiki,Te Tai Raro,395,200.0,195.0,0.0,167,61,25,108,30,4
2025,1223,Beach Haven School,Contributing,State: Not integrated,Co-Ed,Auckland Region,Tāmaki Herenga Tāngata,Auckland- Kaipātiki,Te Tai Raro,461,250.0,211.0,0.0,208,115,66,56,11,5
2025,1224,Beachlands School,Full Primary,State: Not integrated,Co-Ed,Auckland Region,Tāmaki Herenga Manawa,Auckland- Franklin,Te Tai Raro,628,325.0,303.0,0.0,413,75,25,55,55,5
2025,1225,Belmont Intermediate,Intermediate,State: Not integrated,Co-Ed,Auckland Region,Tāmaki Herenga Tāngata,Auckland- Devonport-Takapuna,Te Tai Raro,627,329.0,298.0,0.0,355,47,15,156,21,7
2025,1226,Belmont School (Auckland),Contributing,State: Not integrated,Co-Ed,Auckland Region,Tāmaki Herenga Tāngata,Auckland- Devonport-Takapuna,Te Tai Raro,411,207.0,204.0,0.0,222,33,18,112,17,6
2025,1227,Birdwood School,Full Primary,State: Not integrated,Co-Ed,Auckland Region,Tāmaki Herenga Tāngata,Auckland- Henderson-Massey,Te Tai Raro,264,139.0,125.0,0.0,16,115,100,24,9,0
2025,1228,Birkdale Intermediate,Intermediate,State: Not integrated,Co-Ed,Auckland Region,Tāmaki Herenga Tāngata,Auckland- Kaipātiki,Te Tai Raro,240,122.0,118.0,0.0,69,68,44,46,8,5
2025,1229,Birkdale North School,Contributing,State: Not integrated,Co-Ed,Auckland Region,Tāmaki Herenga Tāngata,Auckland- Kaipātiki,Te Tai Raro,137,73.0,64.0,0.0,51,25,19,36,4,2
2025,123,Te Puke High School,Secondary (Year 9-15),State: Not integrated,Co-Ed,Bay of Plenty Region,"Bay of Plenty, Waiariki",Western Bay of Plenty District,Te Tai Whenua,1083,570.0,508.0,5.0,367,442,40,170,9,6
2025,1230,Birkdale Primary School,Contributing,State: Not integrated,Co-Ed,Auckland Region,Tāmaki Herenga Tāngata,Auckland- Kaipātiki,Te Tai Raro,181,92.0,89.0,0.0,43,72,29,24,12,1
2025,1231,Birkenhead School,Contributing,State: Not integrated,Co-Ed,Auckland Region,Tāmaki Herenga Tāngata,Auckland- Kaipātiki,Te Tai Raro,452,219.0,233.0,0.0,261,33,14,122,17,4
2025,1232,Blockhouse Bay Intermediate,Intermediate,State: Not integrated,Co-Ed,Auckland Region,Tāmaki Herenga Manawa,Auckland- Whau,Te Tai Raro,864,430.0,434.0,0.0,124,57,106,492,68,15
2025,1233,Blockhouse Bay School,Contributing,State: Not integrated,Co-Ed,Auckland Region,Tāmaki Herenga Manawa,Auckland- Whau,Te Tai Raro,505,242.0,263.0,0.0,60,33,37,364,10,1
2025,1234,Bombay School,Full Primary,State: Not integrated,Co-Ed,Auckland Region,Tāmaki Herenga Waka,Auckland- Franklin,Te Tai Raro,386,187.0,199.0,0.0,224,68,24,48,22,0
2025,1235,Botany Downs School,Contributing,State: Not integrated,Co-Ed,Auckland Region,Tāmaki Herenga Manawa,Auckland- Howick,Te Tai Raro,585,309.0,276.0,0.0,198,28,58,258,36,1
2025,1236,Brookby School,Full Primary,State: Not integrated,Co-Ed,Auckland Region,Tāmaki Herenga Manawa,Auckland- Franklin,Te Tai Raro,117,55.0,62.0,0.0,74,22,4,11,3,3
2025,1237,Browns Bay School,Contributing,State: Not integrated,Co-Ed,Auckland Region,Tāmaki Herenga Tāngata,Auckland- Hibiscus and Bays,Te Tai Raro,637,340.0,297.0,0.0,220,34,10,316,33,19
2025,1238,Bruce McLaren Intermediate,Intermediate,State: Not integrated,Co-Ed,Auckland Region,Tāmaki Herenga Tāngata,Auckland- Henderson-Massey,Te Tai Raro,273,144.0,129.0,0.0,50,39,98,64,18,4
2025,1239,Buckland School,Full Primary,State: Not integrated,Co-Ed,Auckland Region,Tāmaki Herenga Waka,Auckland- Franklin,Te Tai Raro,255,134.0,121.0,0.0,159,58,8,26,4,0
2025,124,Matamata College,Secondary (Year 9-15),State: Not integrated,Co-Ed,Waikato Region,Waikato,Matamata-Piako District,Te Tai Whenua,824,406.0,418.0,0.0,467,223,30,89,9,6
2025,1240,Bucklands Beach Intermediate,Intermediate,State: Not integrated,Co-Ed,Auckland Region,Tāmaki Herenga Manawa,Auckland- Howick,Te Tai Raro,892,472.0,420.0,0.0,151,31,16,653,18,5
2025,1241,Bucklands Beach Primary School,Contributing,State: Not integrated,Co-Ed,Auckland Region,Tāmaki Herenga Manawa,Auckland- Howick,Te Tai Raro,401,214.0,187.0,0.0,75,21,8,271,23,1
2025,1242,Campbells Bay School,Contributing,State: Not integrated,Co-Ed,Auckland Region,Tāmaki Herenga Tāngata,Auckland- Devonport-Takapuna,Te Tai Raro,793,424.0,369.0,0.0,279,25,6,424,29,3
2025,1243,Chaucer School,Contributing,State: Not integrated,Co-Ed,Auckland Region,Tāmaki Herenga Manawa,Auckland- Whau,Te Tai Raro,211,103.0,108.0,0.0,7,22,39,100,43,0
2025,1244,Chelsea School,Contributing,State: Not integrated,Co-Ed,Auckland Region,Tāmaki Herenga Tāngata,Auckland- Kaipātiki,Te Tai Raro,381,201.0,180.0,0.0,190,21,6,139,19,0
2025,1245,Christ the King Catholic School (Owairaka),Full Primary,State: Integrated,Year 1-6 Co-Ed/Year 7,Auckland Region,Tāmaki Herenga Manawa,Auckland- Puketāpapa,Te Tai Raro,106,50.0,56.0,0.0,11,8,45,34,8,0
2025,1246,Churchill Park School,Full Primary,State: Not integrated,Co-Ed,Auckland Region,Tāmaki Herenga Manawa,Auckland- Ōrākei,Te Tai Raro,368,181.0,187.0,0.0,229,24,2,66,32,10
2025,1247,Clayton Park School,Full Primary,State: Not integrated,Co-Ed,Auckland Region,Tāmaki Herenga Waka,Auckland- Manurewa,Te Tai Raro,309,163.0,146.0,0.0,9,121,129,44,6,0
2025,1248,Clendon Park School,Contributing,State: Not integrated,Co-Ed,Auckland Region,Tāmaki Herenga Waka,Auckland- Manurewa,Te Tai Raro,727,369.0,358.0,0.0,9,330,341,38,9,0
2025,1249,Clevedon School,Full Primary,State: Not integrated,Co-Ed,Auckland Region,Tāmaki Herenga Manawa,Auckland- Franklin,Te Tai Raro,393,192.0,201.0,0.0,210,108,15,42,17,0
2025,125,Raglan Area School,Composite (Year 1-15),State: Not integrated,Co-Ed,Waikato Region,Waikato,Waikato District,Te Tai Whenua,627,322.0,305.0,0.0,319,254,8,31,6,9
2025,1251,Sir Edmund Hillary Collegiate Junior School,Contributing,State: Not integrated,Co-Ed,Auckland Region,Tāmaki Herenga Waka,Auckland- Ōtara-Papatoetoe,Te Tai Raro,383,196.0,187.0,0.0,1,51,318,8,0,5
2025,1252,Coatesville School,Contributing,State: Not integrated,Co-Ed,Auckland Region,Tāmaki Herenga Tāngata,Auckland- Rodney,Te Tai Raro,280,123.0,157.0,0.0,185,38,9,39,7,2
2025,1253,Cockle Bay School,Contributing,State: Not integrated,Co-Ed,Auckland Region,Tāmaki Herenga Manawa,Auckland- Howick,Te Tai Raro,761,403.0,358.0,0.0,290,34,20,374,17,20
2025,1254,Colwill School Massey,Full Primary,State: Not integrated,Co-Ed,Auckland Region,Tāmaki Herenga Tāngata,Auckland- Henderson-Massey,Te Tai Raro,249,128.0,121.0,0.0,17,66,103,43,20,0
2025,1255,Conifer Grove School,Full Primary,State: Not integrated,Co-Ed,Auckland Region,Tāmaki Herenga Waka,Auckland- Papakura,Te Tai Raro,547,275.0,272.0,0.0,78,119,78,253,18,1
2025,1256,Cornwall Park District School,Contributing,State: Not integrated,Co-Ed,Auckland Region,Tāmaki Herenga Manawa,Auckland- Albert-Eden,Te Tai Raro,696,352.0,344.0,0.0,162,37,32,421,28,4
2025,1257,Cosgrove School,Contributing,State: Not integrated,Co-Ed,Auckland Region,Tāmaki Herenga Waka,Auckland- Papakura,Te Tai Raro,595,291.0,304.0,0.0,29,235,223,96,10,2
2025,1258,Dairy Flat School,Contributing,State: Not integrated,Co-Ed,Auckland Region,Tāmaki Herenga Tāngata,Auckland- Rodney,Te Tai Raro,311,156.0,155.0,0.0,196,29,12,57,12,5
2025,1259,Dawson School,Contributing,State: Not integrated,Co-Ed,Auckland Region,Tāmaki Herenga Waka,Auckland- Ōtara-Papatoetoe,Te Tai Raro,296,166.0,130.0,0.0,2,44,229,16,3,2
2025,126,Morrinsville College,Secondary (Year 9-15),State: Not integrated,Co-Ed,Waikato Region,Waikato,Matamata-Piako District,Te Tai Whenua,752,337.0,415.0,0.0,422,204,14,83,13,2
2025,1260,Devonport Primary School,Contributing,State: Not integrated,Co-Ed,Auckland Region,Tāmaki Herenga Tāngata,Auckland- Devonport-Takapuna,Te Tai Raro,226,115.0,111.0,0.0,180,11,3,13,14,5
2025,1261,Dominion Road School,Contributing,State: Not integrated,Co-Ed,Auckland Region,Tāmaki Herenga Manawa,Auckland- Puketāpapa,Te Tai Raro,224,121.0,103.0,0.0,11,29,85,83,16,0
2025,1262,Don Buck School,Full Primary,State: Not integrated,Co-Ed,Auckland Region,Tāmaki Herenga Tāngata,Auckland- Henderson-Massey,Te Tai Raro,262,113.0,149.0,0.0,35,41,101,67,14,4
2025,1263,Drury School,Full Primary,State: Not integrated,Co-Ed,Auckland Region,Tāmaki Herenga Waka,Auckland- Papakura,Te Tai Raro,362,171.0,191.0,0.0,104,93,56,94,13,2
2025,1264,East Tamaki School,Contributing,State: Not integrated,Co-Ed,Auckland Region,Tāmaki Herenga Waka,Auckland- Ōtara-Papatoetoe,Te Tai Raro,163,92.0,71.0,0.0,0,34,120,8,0,1
2025,1265,Edendale School (Auckland),Contributing,State: Not integrated,Co-Ed,Auckland Region,Tāmaki Herenga Manawa,Auckland- Albert-Eden,Te Tai Raro,538,263.0,275.0,0.0,155,23,53,275,23,3
2025,1266,Edmonton School,Contributing,State: Not integrated,Co-Ed,Auckland Region,Tāmaki Herenga Tāngata,Auckland- Henderson-Massey,Te Tai Raro,203,117.0,86.0,0.0,26,57,42,65,13,0
2025,1267,Edmund Hillary School,Full Primary,State: Not integrated,Co-Ed,Auckland Region,Tāmaki Herenga Waka,Auckland- Papakura,Te Tai Raro,197,100.0,97.0,0.0,5,80,81,31,0,0
2025,1268,Ellerslie School,Full Primary,State: Not integrated,Co-Ed,Auckland Region,Tāmaki Herenga Manawa,Auckland- Maungakiekie-Tāmaki,Te Tai Raro,780,389.0,391.0,0.0,215,50,49,411,45,10
2025,1269,Elm Park School,Contributing,State: Not integrated,Co-Ed,Auckland Region,Tāmaki Herenga Manawa,Auckland- Howick,Te Tai Raro,501,259.0,242.0,0.0,107,61,65,232,34,1
2025,127,Ngaruawahia High School,Secondary (Year 9-15),State: Not integrated,Co-Ed,Waikato Region,Waikato,Waikato District,Te Tai Whenua,379,209.0,170.0,0.0,102,228,27,16,2,4
2025,1270,Epsom Normal School,Contributing,State: Not integrated,Co-Ed,Auckland Region,Tāmaki Herenga Manawa,Auckland- Albert-Eden,Te Tai Raro,616,294.0,322.0,0.0,21,16,47,484,47,1
2025,1271,Fairburn School,Contributing,State: Not integrated,Co-Ed,Auckland Region,Tāmaki Herenga Waka,Auckland- Māngere-Ōtāhuhu,Te Tai Raro,434,234.0,200.0,0.0,9,71,210,136,8,0
2025,1272,Farm Cove Intermediate,Intermediate,State: Not integrated,Co-Ed,Auckland Region,Tāmaki Herenga Manawa,Auckland- Howick,Te Tai Raro,503,250.0,253.0,0.0,123,63,45,226,27,13
2025,1273,Favona School,Contributing,State: Not integrated,Co-Ed,Auckland Region,Tāmaki Herenga Waka,Auckland- Māngere-Ōtāhuhu,Te Tai Raro,293,160.0,133.0,0.0,1,64,197,25,6,0
2025,1274,Ferguson Intermediate (Otara),Intermediate,State: Not integrated,Co-Ed,Auckland Region,Tāmaki Herenga Waka,Auckland- Ōtara-Papatoetoe,Te Tai Raro,419,231.0,188.0,0.0,3,90,293,24,4,5
2025,1275,Finlayson Park School,Contributing,State: Not integrated,Co-Ed,Auckland Region,Tāmaki Herenga Waka,Auckland- Manurewa,Te Tai Raro,920,483.0,437.0,0.0,6,316,533,63,2,0
2025,1276,Flanshaw Road School,Contributing,State: Not integrated,Co-Ed,Auckland Region,Tāmaki Herenga Tāngata,Auckland- Henderson-Massey,Te Tai Raro,341,165.0,176.0,0.0,63,83,82,94,17,1
2025,1277,Flat Bush School,Contributing,State: Not integrated,Co-Ed,Auckland Region,Tāmaki Herenga Waka,Auckland- Ōtara-Papatoetoe,Te Tai Raro,398,198.0,200.0,0.0,0,84,299,13,2,0
2025,1278,Forrest Hill School,Contributing,State: Not integrated,Co-Ed,Auckland Region,Tāmaki Herenga Tāngata,Auckland- Devonport-Takapuna,Te Tai Raro,470,247.0,223.0,0.0,92,36,7,292,35,2
2025,1279,Freemans Bay School,Contributing,State: Not integrated,Co-Ed,Auckland Region,Tāmaki Herenga Manawa,Auckland- Waitematā,Te Tai Raro,592,309.0,283.0,0.0,43,46,33,419,36,8
2025,1280,Freyberg Community School,Contributing,State: Not integrated,Co-Ed,Auckland Region,Tāmaki Herenga Tāngata,Auckland- Henderson-Massey,Te Tai Raro,407,211.0,196.0,0.0,121,69,65,122,28,2
2025,1281,Fruitvale Road School,Contributing,State: Not integrated,Co-Ed,Auckland Region,Tāmaki Herenga Tāngata,Auckland- Whau,Te Tai Raro,345,181.0,164.0,0.0,64,41,92,121,26,1
2025,1282,Gladstone School (Auckland),Contributing,State: Not integrated,Co-Ed,Auckland Region,Tāmaki Herenga Manawa,Auckland- Albert-Eden,Te Tai Raro,788,412.0,376.0,0.0,305,75,63,307,34,4
2025,1283,Glamorgan School,Contributing,State: Not integrated,Co-Ed,Auckland Region,Tāmaki Herenga Tāngata,Auckland- Hibiscus and Bays,Te Tai Raro,524,269.0,255.0,0.0,237,35,10,186,47,2
2025,1284,Glen Eden Intermediate,Intermediate,State: Not integrated,Co-Ed,Auckland Region,Tāmaki Herenga Tāngata,Auckland- Waitākere Ranges,Te Tai Raro,972,504.0,468.0,0.0,437,171,108,204,42,7
2025,1285,Glen Eden School,Contributing,State: Not integrated,Co-Ed,Auckland Region,Tāmaki Herenga Tāngata,Auckland- Waitākere Ranges,Te Tai Raro,324,161.0,163.0,0.0,42,84,95,82,18,3
2025,1287,Glen Innes School,Full Primary,State: Not integrated,Co-Ed,Auckland Region,Tāmaki Herenga Manawa,Auckland- Maungakiekie-Tāmaki,Te Tai Raro,122,60.0,62.0,0.0,0,33,68,15,6,0
2025,1289,Glen Taylor School,Full Primary,State: Not integrated,Co-Ed,Auckland Region,Tāmaki Herenga Manawa,Auckland- Ōrākei,Te Tai Raro,178,91.0,87.0,0.0,8,62,91,13,4,0
2025,129,Fairfield College,Secondary (Year 9-15),State: Not integrated,Co-Ed,Waikato Region,Waikato,Hamilton City,Te Tai Whenua,981,557.0,417.0,7.0,213,518,81,117,39,13
2025,1290,Glenavon School,Full Primary,State: Not integrated,Co-Ed,Auckland Region,Tāmaki Herenga Manawa,Auckland- Whau,Te Tai Raro,370,203.0,167.0,0.0,17,77,159,81,26,10
2025,1291,Glenbrae Primary School,Full Primary,State: Not integrated,Co-Ed,Auckland Region,Tāmaki Herenga Manawa,Auckland- Maungakiekie-Tāmaki,Te Tai Raro,165,90.0,75.0,0.0,1,70,81,12,1,0
2025,1292,Glenbrook School,Full Primary,State: Not integrated,Co-Ed,Auckland Region,Tāmaki Herenga Waka,Auckland- Franklin,Te Tai Raro,295,150.0,145.0,0.0,135,77,31,38,12,2
2025,1293,Glendene School,Contributing,State: Not integrated,Co-Ed,Auckland Region,Tāmaki Herenga Tāngata,Auckland- Henderson-Massey,Te Tai Raro,114,61.0,53.0,0.0,8,31,56,14,5,0
2025,1294,Glendowie School,Full Primary,State: Not integrated,Co-Ed,Auckland Region,Tāmaki Herenga Manawa,Auckland- Ōrākei,Te Tai Raro,661,353.0,308.0,0.0,283,41,21,210,62,7
2025,1295,Glenfield Intermediate,Intermediate,State: Not integrated,Co-Ed,Auckland Region,Tāmaki Herenga Tāngata,Auckland- Kaipātiki,Te Tai Raro,436,227.0,209.0,0.0,107,59,37,207,21,3
2025,1296,Glenfield Primary School,Contributing,State: Not integrated,Co-Ed,Auckland Region,Tāmaki Herenga Tāngata,Auckland- Kaipātiki,Te Tai Raro,312,164.0,148.0,0.0,33,31,25,201,20,2
2025,1297,Good Shepherd School (Balmoral),Contributing,State: Integrated,Co-Ed,Auckland Region,Tāmaki Herenga Manawa,Auckland- Albert-Eden,Te Tai Raro,190,115.0,75.0,0.0,80,14,41,50,4,1
2025,1298,Green Bay Primary School,Full Primary,State: Not integrated,Co-Ed,Auckland Region,Tāmaki Herenga Tāngata,Auckland- Whau,Te Tai Raro,667,353.0,314.0,0.0,263,82,53,237,27,5
2025,1299,Greenhithe School,Contributing,State: Not integrated,Co-Ed,Auckland Region,Tāmaki Herenga Tāngata,Auckland- Upper Harbour,Te Tai Raro,472,223.0,249.0,0.0,227,27,5,179,18,8
2025,13,Te Kamo High School,Secondary (Year 9-15),State: Not integrated,Co-Ed,Northland Region,Tai Tokerau,Whangarei District,Te Tai Raro,788,420.0,,,262,442,30,32,4,1
2025,130,St Paul's Collegiate (Hamilton),Secondary (Year 9-15),Private: Fully Reg.,"Sen.Co-Ed, Jun.Boys",Waikato Region,Waikato,Hamilton City,Te Tai Whenua,880,650.0,230.0,0.0,592,97,3,134,7,15
2025,1300,Greenmeadows Intermediate,Intermediate,State: Not integrated,Co-Ed,Auckland Region,Tāmaki Herenga Waka,Auckland- Manurewa,Te Tai Raro,382,213.0,169.0,0.0,27,105,133,109,3,5
2025,1301,Grey Lynn School,Contributing,State: Not integrated,Co-Ed,Auckland Region,Tāmaki Herenga Manawa,Auckland- Waitematā,Te Tai Raro,255,124.0,131.0,0.0,134,38,37,40,6,0
2025,1302,Halsey Drive School,Contributing,State: Not integrated,Co-Ed,Auckland Region,Tāmaki Herenga Manawa,Auckland- Puketāpapa,Te Tai Raro,459,219.0,240.0,0.0,33,14,26,358,28,0
2025,1303,Harrisville School,Contributing,State: Not integrated,Co-Ed,Waikato Region,Tāmaki Herenga Waka,Waikato District,Te Tai Raro,208,98.0,110.0,0.0,108,62,9,24,5,0
2025,1304,Hauraki School,Contributing,State: Not integrated,Co-Ed,Auckland Region,Tāmaki Herenga Tāngata,Auckland- Devonport-Takapuna,Te Tai Raro,510,271.0,239.0,0.0,254,31,6,184,23,5
2025,1305,Hay Park School,Contributing,State: Not integrated,Co-Ed,Auckland Region,Tāmaki Herenga Manawa,Auckland- Puketāpapa,Te Tai Raro,160,83.0,77.0,0.0,3,23,59,47,12,16
2025,1306,Helensville School,Full Primary,State: Not integrated,Co-Ed,Auckland Region,Tāmaki Herenga Tāngata,Auckland- Rodney,Te Tai Raro,493,259.0,234.0,0.0,264,143,27,32,27,0
2025,1307,Henderson Intermediate,Intermediate,State: Not integrated,Co-Ed,Auckland Region,Tāmaki Herenga Tāngata,Auckland- Henderson-Massey,Te Tai Raro,717,389.0,328.0,0.0,69,247,201,167,32,1
2025,1308,Henderson North School,Contributing,State: Not integrated,Co-Ed,Auckland Region,Tāmaki Herenga Tāngata,Auckland- Henderson-Massey,Te Tai Raro,365,182.0,183.0,0.0,12,88,109,116,40,0
2025,1309,Henderson School,Contributing,State: Not integrated,Co-Ed,Auckland Region,Tāmaki Herenga Tāngata,Auckland- Henderson-Massey,Te Tai Raro,207,105.0,102.0,0.0,21,70,41,58,17,0
2025,131,Hamilton Boys' High School,Secondary (Year 9-15),State: Not integrated,Single Sex-Boys,Waikato Region,Waikato,Hamilton City,Te Tai Whenua,2314,2314.0,0.0,0.0,969,551,109,561,70,0
2025,1310,Henderson South School,Contributing,State: Not integrated,Co-Ed,Auckland Region,Tāmaki Herenga Tāngata,Auckland- Henderson-Massey,Te Tai Raro,274,139.0,135.0,0.0,6,56,157,37,16,2
2025,1311,Henderson Valley School,Contributing,State: Not integrated,Co-Ed,Auckland Region,Tāmaki Herenga Tāngata,Auckland- Waitākere Ranges,Te Tai Raro,332,165.0,167.0,0.0,150,83,34,52,7,6
2025,1312,Hillpark School,Contributing,State: Not integrated,Co-Ed,Auckland Region,Tāmaki Herenga Waka,Auckland- Manurewa,Te Tai Raro,468,243.0,225.0,0.0,40,95,104,219,9,0
2025,1313,Hillsborough School,Contributing,State: Not integrated,Co-Ed,Auckland Region,Tāmaki Herenga Manawa,Auckland- Puketāpapa,Te Tai Raro,357,184.0,173.0,0.0,59,25,41,218,14,0
2025,1314,Hobsonville School,Full Primary,State: Not integrated,Co-Ed,Auckland Region,Tāmaki Herenga Tāngata,Auckland- Upper Harbour,Te Tai Raro,510,246.0,264.0,0.0,179,62,49,203,12,1
2025,1315,Holy Cross School (Papatoetoe),Full Primary,State: Integrated,Year 1-6 Co-Ed/Year 7,Auckland Region,Tāmaki Herenga Waka,Auckland- Ōtara-Papatoetoe,Te Tai Raro,561,222.0,339.0,0.0,8,50,369,116,18,0
2025,1316,Holy Cross Catholic School (Henderson),Full Primary,State: Integrated,Year 1-6 Co-Ed/Year 7,Auckland Region,Tāmaki Herenga Tāngata,Auckland- Henderson-Massey,Te Tai Raro,445,198.0,247.0,0.0,20,26,140,226,25,8
2025,1317,Homai School,Contributing,State: Not integrated,Co-Ed,Auckland Region,Tāmaki Herenga Waka,Auckland- Manurewa,Te Tai Raro,398,184.0,214.0,0.0,2,131,193,69,0,3
2025,1318,Howick Intermediate,Intermediate,State: Not integrated,Co-Ed,Auckland Region,Tāmaki Herenga Manawa,Auckland- Howick,Te Tai Raro,618,317.0,301.0,0.0,176,59,71,242,61,8
2025,1319,Howick Primary School,Contributing,State: Not integrated,Co-Ed,Auckland Region,Tāmaki Herenga Manawa,Auckland- Howick,Te Tai Raro,335,170.0,165.0,0.0,107,31,38,138,16,1
2025,132,Hamilton Girls' High School,Secondary (Year 9-15),State: Not integrated,Single Sex-Girls,Waikato Region,Waikato,Hamilton City,Te Tai Whenua,1777,0.0,1777.0,0.0,622,581,165,310,77,10
2025,1320,Huapai District School,Full Primary,State: Not integrated,Co-Ed,Auckland Region,Tāmaki Herenga Tāngata,Auckland- Rodney,Te Tai Raro,523,270.0,253.0,0.0,228,78,39,156,21,1
2025,1321,Hunua School,Full Primary,State: Not integrated,Co-Ed,Auckland Region,Tāmaki Herenga Waka,Auckland- Franklin,Te Tai Raro,132,63.0,69.0,0.0,79,31,6,12,4,0
2025,1322,Jean Batten School,Contributing,State: Not integrated,Co-Ed,Auckland Region,Tāmaki Herenga Waka,Auckland- Māngere-Ōtāhuhu,Te Tai Raro,256,137.0,119.0,0.0,5,43,177,27,4,0
2025,1323,Kaiaua School,Full Primary,State: Not integrated,Co-Ed,Waikato Region,Tāmaki Herenga Waka,Hauraki District,Te Tai Raro,41,25.0,16.0,0.0,8,33,0,0,0,0
2025,1324,Kaipara Flats School,Contributing,State: Not integrated,Co-Ed,Auckland Region,Tāmaki Herenga Tāngata,Auckland- Rodney,Te Tai Raro,117,51.0,66.0,0.0,96,16,3,0,2,0
2025,1325,Karaka School,Full Primary,State: Not integrated,Co-Ed,Auckland Region,Tāmaki Herenga Waka,Auckland- Franklin,Te Tai Raro,234,115.0,119.0,0.0,132,37,19,40,6,0
2025,1326,Kaukapakapa School,Full Primary,State: Not integrated,Co-Ed,Auckland Region,Tāmaki Herenga Tāngata,Auckland- Rodney,Te Tai Raro,269,132.0,137.0,0.0,165,69,8,14,13,0
2025,1327,Kauri Park School,Contributing,State: Not integrated,Co-Ed,Auckland Region,Tāmaki Herenga Tāngata,Auckland- Kaipātiki,Te Tai Raro,365,189.0,176.0,0.0,197,40,30,67,25,6
2025,1328,Kaurilands School,Contributing,State: Not integrated,Co-Ed,Auckland Region,Tāmaki Herenga Tāngata,Auckland- Waitākere Ranges,Te Tai Raro,722,400.0,322.0,0.0,291,124,49,221,28,9
2025,1329,Kedgley Intermediate,Intermediate,State: Not integrated,Co-Ed,Auckland Region,Tāmaki Herenga Waka,Auckland- Ōtara-Papatoetoe,Te Tai Raro,741,344.0,397.0,0.0,9,119,450,150,12,1
2025,133,Raphael House Rudolf Steiner Area School,Composite (Year 1-15),State: Integrated,Co-Ed,Wellington Region,Wellington,Lower Hutt City,Te Tai Runga,268,130.0,138.0,0.0,170,32,12,35,13,2
2025,1330,Kelston Intermediate,Intermediate,State: Not integrated,Co-Ed,Auckland Region,Tāmaki Herenga Tāngata,Auckland- Whau,Te Tai Raro,432,253.0,179.0,0.0,5,118,218,68,23,0
2025,1331,Kelston School,Contributing,State: Not integrated,Co-Ed,Auckland Region,Tāmaki Herenga Tāngata,Auckland- Whau,Te Tai Raro,315,155.0,160.0,0.0,11,65,126,87,26,0
2025,1332,Kelvin Road School,Contributing,State: Not integrated,Co-Ed,Auckland Region,Tāmaki Herenga Waka,Auckland- Papakura,Te Tai Raro,541,255.0,286.0,0.0,15,272,191,46,7,10
2025,1333,Kingsford School,Contributing,State: Not integrated,Co-Ed,Auckland Region,Tāmaki Herenga Waka,Auckland- Māngere-Ōtāhuhu,Te Tai Raro,309,170.0,139.0,0.0,0,46,227,35,0,1
2025,1334,Kohimarama School,Full Primary,State: Not integrated,Co-Ed,Auckland Region,Tāmaki Herenga Manawa,Auckland- Ōrākei,Te Tai Raro,488,250.0,238.0,0.0,295,15,6,108,36,6
2025,1335,Konini School (Auckland),Contributing,State: Not integrated,Co-Ed,Auckland Region,Tāmaki Herenga Tāngata,Auckland- Waitākere Ranges,Te Tai Raro,404,218.0,186.0,0.0,210,48,46,82,15,3
2025,1336,Koru School,Full Primary,State: Not integrated,Co-Ed,Auckland Region,Tāmaki Herenga Waka,Auckland- Māngere-Ōtāhuhu,Te Tai Raro,477,245.0,232.0,0.0,2,85,356,30,4,0
2025,1337,Kowhai Intermediate,Intermediate,State: Not integrated,Co-Ed,Auckland Region,Tāmaki Herenga Manawa,Auckland- Albert-Eden,Te Tai Raro,586,308.0,278.0,0.0,200,124,71,160,15,14
2025,1338,Laingholm School,Contributing,State: Not integrated,Co-Ed,Auckland Region,Tāmaki Herenga Tāngata,Auckland- Waitākere Ranges,Te Tai Raro,166,91.0,75.0,0.0,106,21,10,26,1,2
2025,1339,Leabank School,Contributing,State: Not integrated,Co-Ed,Auckland Region,Tāmaki Herenga Waka,Auckland- Manurewa,Te Tai Raro,384,202.0,182.0,0.0,4,140,199,35,4,2
2025,134,Flaxmere College,Secondary (Year 7-15),State: Not integrated,Co-Ed,Hawkes Bay Region,"Hawke's Bay, Tairawhiti",Hastings District,Te Tai Whenua,308,159.0,,,17,253,28,10,0,0
2025,1340,Leigh School,Contributing,State: Not integrated,Co-Ed,Auckland Region,Tāmaki Herenga Tāngata,Auckland- Rodney,Te Tai Raro,61,28.0,33.0,0.0,41,17,1,1,1,0
2025,1341,Lincoln Heights School,Full Primary,State: Not integrated,Co-Ed,Auckland Region,Tāmaki Herenga Tāngata,Auckland- Henderson-Massey,Te Tai Raro,527,268.0,259.0,0.0,76,131,222,83,15,0
2025,1342,Long Bay School,Contributing,State: Not integrated,Co-Ed,Auckland Region,Tāmaki Herenga Tāngata,Auckland- Hibiscus and Bays,Te Tai Raro,542,273.0,269.0,0.0,205,45,12,229,44,3
2025,1343,Mairangi Bay School,Contributing,State: Not integrated,Co-Ed,Auckland Region,Tāmaki Herenga Tāngata,Auckland- Hibiscus and Bays,Te Tai Raro,430,211.0,219.0,0.0,139,17,8,227,13,2
2025,1344,Mangatangi School,Full Primary,State: Not integrated,Co-Ed,Waikato Region,Waikato,Waikato District,Te Tai Whenua,104,60.0,44.0,0.0,56,38,5,5,0,0
2025,1345,Mangatawhiri School,Full Primary,State: Not integrated,Co-Ed,Waikato Region,Tāmaki Herenga Waka,Waikato District,Te Tai Raro,160,87.0,73.0,0.0,104,33,3,12,6,2
2025,1346,Maangere Bridge School,Contributing,State: Not integrated,Co-Ed,Auckland Region,Tāmaki Herenga Manawa,Auckland- Māngere-Ōtāhuhu,Te Tai Raro,347,177.0,170.0,0.0,42,135,129,28,13,0
2025,1347,Mangere Central School,Full Primary,State: Not integrated,Co-Ed,Auckland Region,Tāmaki Herenga Waka,Auckland- Māngere-Ōtāhuhu,Te Tai Raro,480,271.0,209.0,0.0,1,97,320,60,2,0
2025,1348,Māngere East School,Full Primary,State: Not integrated,Co-Ed,Auckland Region,Tāmaki Herenga Waka,Auckland- Māngere-Ōtāhuhu,Te Tai Raro,569,267.0,302.0,0.0,5,116,407,39,0,2
2025,135,Fraser High School,Secondary (Year 9-15),State: Not integrated,Co-Ed,Waikato Region,Waikato,Hamilton City,Te Tai Whenua,1467,823.0,638.0,6.0,379,612,151,255,56,14
2025,1350,Manuka Primary School,Contributing,State: Not integrated,Co-Ed,Auckland Region,Tāmaki Herenga Tāngata,Auckland- Kaipātiki,Te Tai Raro,270,137.0,133.0,0.0,67,18,27,146,11,1
2025,1351,Royal Oak Intermediate School,Intermediate,State: Not integrated,Co-Ed,Auckland Region,Tāmaki Herenga Manawa,Auckland- Maungakiekie-Tāmaki,Te Tai Raro,439,215.0,224.0,0.0,99,68,169,81,18,4
2025,1352,Manurewa East School,Contributing,State: Not integrated,Co-Ed,Auckland Region,Tāmaki Herenga Waka,Auckland- Manurewa,Te Tai Raro,401,208.0,193.0,0.0,4,159,178,55,5,0
2025,1353,Manurewa Intermediate,Intermediate,State: Not integrated,Co-Ed,Auckland Region,Tāmaki Herenga Waka,Auckland- Manurewa,Te Tai Raro,973,505.0,468.0,0.0,21,382,425,125,13,7
2025,1354,Manurewa Central School,Contributing,State: Not integrated,Co-Ed,Auckland Region,Tāmaki Herenga Waka,Auckland- Manurewa,Te Tai Raro,506,260.0,246.0,0.0,42,112,120,211,19,2
2025,1355,Manurewa South School,Contributing,State: Not integrated,Co-Ed,Auckland Region,Tāmaki Herenga Waka,Auckland- Manurewa,Te Tai Raro,382,198.0,184.0,0.0,4,177,147,44,10,0
2025,1356,Manurewa West School,Contributing,State: Not integrated,Co-Ed,Auckland Region,Tāmaki Herenga Waka,Auckland- Manurewa,Te Tai Raro,437,215.0,222.0,0.0,5,116,188,120,3,5
2025,1357,Maraetai Beach School,Full Primary,State: Not integrated,Co-Ed,Auckland Region,Tāmaki Herenga Manawa,Auckland- Franklin,Te Tai Raro,479,264.0,215.0,0.0,334,56,8,36,38,7
2025,1358,Maramarua School,Full Primary,State: Not integrated,Co-Ed,Waikato Region,Waikato,Waikato District,Te Tai Whenua,122,59.0,63.0,0.0,64,47,6,2,2,1
2025,1359,Marist School (Mt Albert),Contributing,State: Integrated,Co-Ed,Auckland Region,Tāmaki Herenga Manawa,Auckland- Albert-Eden,Te Tai Raro,289,134.0,155.0,0.0,92,23,45,121,7,1
2025,136,St John's College (Hillcrest),Secondary (Year 9-15),State: Integrated,Single Sex-Boys,Waikato Region,Waikato,Hamilton City,Te Tai Whenua,964,964.0,0.0,0.0,512,183,78,150,19,9
2025,1360,Marist Catholic School (Herne Bay),Contributing,State: Integrated,Co-Ed,Auckland Region,Tāmaki Herenga Manawa,Auckland- Waitematā,Te Tai Raro,131,67.0,64.0,0.0,69,13,22,17,9,1
2025,1361,Marlborough School,Contributing,State: Not integrated,Co-Ed,Auckland Region,Tāmaki Herenga Tāngata,Auckland- Kaipātiki,Te Tai Raro,421,216.0,205.0,0.0,82,24,15,284,13,3
2025,1362,Marshall Laing School,Contributing,State: Not integrated,Co-Ed,Auckland Region,Tāmaki Herenga Manawa,Auckland- Puketāpapa,Te Tai Raro,587,293.0,294.0,0.0,39,21,48,425,49,5
2025,1363,Massey Primary School,Full Primary,State: Not integrated,Co-Ed,Auckland Region,Tāmaki Herenga Tāngata,Auckland- Henderson-Massey,Te Tai Raro,527,282.0,245.0,0.0,90,156,141,115,23,2
2025,1364,Matakana School,Contributing,State: Not integrated,Co-Ed,Auckland Region,Tāmaki Herenga Tāngata,Auckland- Rodney,Te Tai Raro,316,160.0,156.0,0.0,244,40,10,13,5,4
2025,1365,Matipo Road School,Contributing,State: Not integrated,Co-Ed,Auckland Region,Tāmaki Herenga Tāngata,Auckland- Henderson-Massey,Te Tai Raro,435,233.0,202.0,0.0,176,99,49,80,22,9
2025,1366,Mauku School,Contributing,State: Not integrated,Co-Ed,Auckland Region,Tāmaki Herenga Waka,Auckland- Franklin,Te Tai Raro,158,71.0,87.0,0.0,67,49,13,21,3,5
2025,1367,Maungawhau School,Contributing,State: Not integrated,Co-Ed,Auckland Region,Tāmaki Herenga Manawa,Auckland- Albert-Eden,Te Tai Raro,643,327.0,316.0,0.0,213,47,21,331,7,14
2025,1368,May Road School,Contributing,State: Not integrated,Co-Ed,Auckland Region,Tāmaki Herenga Manawa,Auckland- Puketāpapa,Te Tai Raro,186,86.0,100.0,0.0,2,38,98,24,24,0
2025,1369,Mayfield School (Auckland),Contributing,State: Not integrated,Co-Ed,Auckland Region,Tāmaki Herenga Waka,Auckland- Ōtara-Papatoetoe,Te Tai Raro,293,153.0,140.0,0.0,1,83,195,8,0,6
2025,1370,Meadowbank School,Contributing,State: Not integrated,Co-Ed,Auckland Region,Tāmaki Herenga Manawa,Auckland- Ōrākei,Te Tai Raro,823,414.0,409.0,0.0,372,54,14,331,32,13
2025,1371,Mellons Bay School,Contributing,State: Not integrated,Co-Ed,Auckland Region,Tāmaki Herenga Manawa,Auckland- Howick,Te Tai Raro,464,232.0,232.0,0.0,152,31,11,242,25,2
2025,1372,Te Paina School,Full Primary,State: Not integrated,Co-Ed,Waikato Region,Tāmaki Herenga Waka,Waikato District,Te Tai Raro,60,36.0,24.0,0.0,15,37,4,1,3,0
2025,1373,Meremere School,Full Primary,State: Not integrated,Co-Ed,Waikato Region,Waikato,Waikato District,Te Tai Whenua,10,3.0,7.0,0.0,3,4,3,0,0,0
2025,1375,Milford School (Auckland),Contributing,State: Not integrated,Co-Ed,Auckland Region,Tāmaki Herenga Tāngata,Auckland- Devonport-Takapuna,Te Tai Raro,567,288.0,279.0,0.0,224,31,8,265,25,5
2025,1376,Monte Cecilia Catholic School,Contributing,State: Integrated,Co-Ed,Auckland Region,Tāmaki Herenga Manawa,Auckland- Puketāpapa,Te Tai Raro,154,64.0,90.0,0.0,29,4,61,48,12,0
2025,1378,Mt Eden Normal School,Contributing,State: Not integrated,Co-Ed,Auckland Region,Tāmaki Herenga Manawa,Auckland- Albert-Eden,Te Tai Raro,601,310.0,291.0,0.0,177,33,15,347,17,2
2025,1379,Mt Richmond School,Specialist School,State: Not integrated,Co-Ed,Auckland Region,Tāmaki Herenga Waka,Auckland- Māngere-Ōtāhuhu,Te Tai Raro,207,154.0,53.0,0.0,3,28,132,42,2,0
2025,138,Hillcrest High School,Secondary (Year 9-15),State: Not integrated,Co-Ed,Waikato Region,Waikato,Hamilton City,Te Tai Whenua,1776,831.0,938.0,7.0,736,298,71,513,97,10
2025,1380,Mountain View School,Contributing,State: Not integrated,Co-Ed,Auckland Region,Tāmaki Herenga Waka,Auckland- Māngere-Ōtāhuhu,Te Tai Raro,310,157.0,153.0,0.0,11,79,197,21,2,0
2025,1381,Mt Albert School,Contributing,State: Not integrated,Co-Ed,Auckland Region,Tāmaki Herenga Manawa,Auckland- Albert-Eden,Te Tai Raro,523,247.0,276.0,0.0,171,30,66,205,40,9
2025,1382,Mt Carmel School (Meadowbank),Contributing,State: Integrated,Co-Ed,Auckland Region,Tāmaki Herenga Manawa,Auckland- Ōrākei,Te Tai Raro,216,101.0,115.0,0.0,101,11,23,67,14,0
2025,1383,Mt Roskill Intermediate,Intermediate,State: Not integrated,Co-Ed,Auckland Region,Tāmaki Herenga Manawa,Auckland- Puketāpapa,Te Tai Raro,581,288.0,293.0,0.0,34,56,110,332,48,0
2025,1384,Mt Roskill Primary School,Contributing,State: Not integrated,Co-Ed,Auckland Region,Tāmaki Herenga Manawa,Auckland- Puketāpapa,Te Tai Raro,627,334.0,293.0,0.0,15,42,80,425,60,3
2025,1385,Mulberry Grove School,Full Primary,State: Not integrated,Co-Ed,Auckland Region,Tāmaki Herenga Manawa,Auckland- Aotea/Great Barrier,Te Tai Raro,28,14.0,14.0,0.0,15,11,0,2,0,0
2025,1386,Murrays Bay Intermediate,Intermediate,State: Not integrated,Co-Ed,Auckland Region,Tāmaki Herenga Tāngata,Auckland- Hibiscus and Bays,Te Tai Raro,1030,488.0,542.0,0.0,339,48,16,551,36,14
2025,1387,Murrays Bay School,Contributing,State: Not integrated,Co-Ed,Auckland Region,Tāmaki Herenga Tāngata,Auckland- Hibiscus and Bays,Te Tai Raro,746,389.0,357.0,0.0,234,39,4,426,14,4
2025,1388,Macleans Primary School,Contributing,State: Not integrated,Co-Ed,Auckland Region,Tāmaki Herenga Manawa,Auckland- Howick,Te Tai Raro,535,272.0,263.0,0.0,98,27,15,349,39,2
2025,1389,New Lynn School,Contributing,State: Not integrated,Co-Ed,Auckland Region,Tāmaki Herenga Tāngata,Auckland- Whau,Te Tai Raro,424,219.0,,,36,56,104,194,23,11
2025,139,Sacred Heart Girls' College (Ham),Secondary (Year 9-15),State: Integrated,Single Sex-Girls,Waikato Region,Waikato,Hamilton City,Te Tai Whenua,932,0.0,,,425,186,83,188,27,6
2025,1390,New Windsor School,Contributing,State: Not integrated,Co-Ed,Auckland Region,Tāmaki Herenga Manawa,Auckland- Whau,Te Tai Raro,386,196.0,190.0,0.0,33,73,64,178,27,11
2025,1391,Newmarket School,Contributing,State: Not integrated,Co-Ed,Auckland Region,Tāmaki Herenga Manawa,Auckland- Waitematā,Te Tai Raro,259,151.0,108.0,0.0,25,2,6,206,17,1
2025,1392,Newton Central School,Contributing,State: Not integrated,Co-Ed,Auckland Region,Tāmaki Herenga Manawa,Auckland- Waitematā,Te Tai Raro,326,190.0,136.0,0.0,105,119,24,60,16,2
2025,1393,Nga Iwi School,Contributing,State: Not integrated,Co-Ed,Auckland Region,Tāmaki Herenga Waka,Auckland- Māngere-Ōtāhuhu,Te Tai Raro,350,174.0,176.0,0.0,2,87,254,5,2,0
2025,1394,Northcote Intermediate,Intermediate,State: Not integrated,Co-Ed,Auckland Region,Tāmaki Herenga Tāngata,Auckland- Kaipātiki,Te Tai Raro,625,309.0,316.0,0.0,314,85,39,146,34,4
2025,1395,Northcote School (Auckland),Contributing,State: Not integrated,Co-Ed,Auckland Region,Tāmaki Herenga Tāngata,Auckland- Kaipātiki,Te Tai Raro,425,225.0,200.0,0.0,273,32,15,94,10,1
2025,1396,Northcross Intermediate,Intermediate,State: Not integrated,Co-Ed,Auckland Region,Tāmaki Herenga Tāngata,Auckland- Hibiscus and Bays,Te Tai Raro,1477,784.0,693.0,0.0,577,41,20,702,65,34
2025,1397,Oaklynn Special School,Specialist School,State: Not integrated,Co-Ed,Auckland Region,Tāmaki Herenga Tāngata,Auckland- Whau,Te Tai Raro,221,156.0,65.0,0.0,52,29,67,55,17,1
2025,1398,Okiwi School,Full Primary,State: Not integrated,Co-Ed,Auckland Region,Tāmaki Herenga Manawa,Auckland- Aotea/Great Barrier,Te Tai Raro,31,17.0,14.0,0.0,10,21,0,0,0,0
2025,1399,Onehunga Primary School,Contributing,State: Not integrated,Co-Ed,Auckland Region,Tāmaki Herenga Manawa,Auckland- Maungakiekie-Tāmaki,Te Tai Raro,440,232.0,208.0,0.0,130,65,97,129,16,3
2025,14,Tikipunga High School,Secondary (Year 7-15),State: Not integrated,Co-Ed,Northland Region,Tai Tokerau,Whangarei District,Te Tai Raro,342,190.0,152.0,0.0,32,287,17,2,0,4
2025,140,Waikato Diocesan School For Girls,Secondary (Year 9-15),State: Integrated,Single Sex-Girls,Waikato Region,Waikato,Hamilton City,Te Tai Whenua,695,0.0,695.0,0.0,549,60,2,63,5,0
2025,1400,Onepoto School,Contributing,State: Not integrated,Co-Ed,Auckland Region,Tāmaki Herenga Tāngata,Auckland- Kaipātiki,Te Tai Raro,138,77.0,61.0,0.0,5,65,40,19,9,0
2025,1401,Opaheke School,Full Primary,State: Not integrated,Co-Ed,Auckland Region,Tāmaki Herenga Waka,Auckland- Papakura,Te Tai Raro,610,315.0,295.0,0.0,122,163,126,173,26,0
2025,1402,Orakei School,Full Primary,State: Not integrated,Co-Ed,Auckland Region,Tāmaki Herenga Manawa,Auckland- Ōrākei,Te Tai Raro,248,133.0,115.0,0.0,66,124,10,23,24,1
2025,1403,Oranga School,Contributing,State: Not integrated,Co-Ed,Auckland Region,Tāmaki Herenga Manawa,Auckland- Maungakiekie-Tāmaki,Te Tai Raro,270,142.0,128.0,0.0,39,46,104,52,29,0
2025,1404,Oratia School,Contributing,State: Not integrated,Co-Ed,Auckland Region,Tāmaki Herenga Tāngata,Auckland- Waitākere Ranges,Te Tai Raro,474,250.0,,,253,112,32,64,12,1
2025,1405,Orere School,Full Primary,State: Not integrated,Co-Ed,Auckland Region,Tāmaki Herenga Waka,Auckland- Franklin,Te Tai Raro,34,19.0,15.0,0.0,19,9,2,1,3,0
2025,1406,Orewa Beach School,Contributing,State: Not integrated,Co-Ed,Auckland Region,Tāmaki Herenga Tāngata,Auckland- Hibiscus and Bays,Te Tai Raro,406,203.0,203.0,0.0,242,74,20,59,10,1
2025,1407,Orewa Primary School,Contributing,State: Not integrated,Co-Ed,Auckland Region,Tāmaki Herenga Tāngata,Auckland- Hibiscus and Bays,Te Tai Raro,386,201.0,185.0,0.0,202,20,8,115,32,7
2025,1408,Otahuhu Intermediate,Intermediate,State: Not integrated,Co-Ed,Auckland Region,Tāmaki Herenga Waka,Auckland- Māngere-Ōtāhuhu,Te Tai Raro,380,196.0,184.0,0.0,1,59,231,78,10,1
2025,1409,Otahuhu School,Contributing,State: Not integrated,Co-Ed,Auckland Region,Tāmaki Herenga Waka,Auckland- Māngere-Ōtāhuhu,Te Tai Raro,586,314.0,272.0,0.0,5,91,338,140,12,0
2025,141,St Peter's School (Cambridge),Secondary (Year 7-15),Private: Fully Reg.,Co-Ed,Waikato Region,Waikato,Waipa District,Te Tai Whenua,1177,,633.0,,861,85,5,165,18,1
2025,1410,Otaua School,Full Primary,State: Not integrated,Co-Ed,Waikato Region,Tāmaki Herenga Waka,Waikato District,Te Tai Raro,208,108.0,100.0,0.0,159,29,10,6,4,0
2025,1411,Our Lady Sacred Heart School (Epsom),Contributing,State: Integrated,Co-Ed,Auckland Region,Tāmaki Herenga Manawa,Auckland- Albert-Eden,Te Tai Raro,211,99.0,112.0,0.0,69,11,11,114,5,1
2025,1412,Owairaka District School,Contributing,State: Not integrated,Co-Ed,Auckland Region,Tāmaki Herenga Manawa,Auckland- Albert-Eden,Te Tai Raro,364,194.0,170.0,0.0,113,46,80,86,38,1
2025,1413,Owairoa Primary School,Contributing,State: Not integrated,Co-Ed,Auckland Region,Tāmaki Herenga Manawa,Auckland- Howick,Te Tai Raro,822,427.0,395.0,0.0,254,69,52,388,36,0
2025,1414,Paerata School,Full Primary,State: Not integrated,Co-Ed,Auckland Region,Tāmaki Herenga Waka,Auckland- Franklin,Te Tai Raro,160,83.0,77.0,0.0,48,37,35,34,3,3
2025,1416,Pakuranga Heights School,Contributing,State: Not integrated,Co-Ed,Auckland Region,Tāmaki Herenga Manawa,Auckland- Howick,Te Tai Raro,507,261.0,246.0,0.0,78,92,133,116,81,7
2025,1417,Pakuranga Intermediate,Intermediate,State: Not integrated,Co-Ed,Auckland Region,Tāmaki Herenga Manawa,Auckland- Howick,Te Tai Raro,310,166.0,144.0,0.0,31,71,95,78,33,1
2025,1418,Panama Road School,Full Primary,State: Not integrated,Co-Ed,Auckland Region,Tāmaki Herenga Waka,Auckland- Maungakiekie-Tāmaki,Te Tai Raro,361,201.0,160.0,0.0,4,71,208,52,20,6
2025,1419,Panmure Bridge School,Full Primary,State: Not integrated,Co-Ed,Auckland Region,Tāmaki Herenga Manawa,Auckland- Maungakiekie-Tāmaki,Te Tai Raro,217,114.0,103.0,0.0,3,75,96,36,7,0
2025,142,Cambridge High School,Secondary (Year 9-15),State: Not integrated,Co-Ed,Waikato Region,Waikato,Waipa District,Te Tai Whenua,1775,839.0,931.0,5.0,1310,256,25,114,10,19
2025,1420,Panmure District School,Full Primary,State: Not integrated,Co-Ed,Auckland Region,Tāmaki Herenga Manawa,Auckland- Maungakiekie-Tāmaki,Te Tai Raro,182,92.0,90.0,0.0,4,26,69,77,4,2
2025,1421,Papakura Central School,Contributing,State: Not integrated,Co-Ed,Auckland Region,Tāmaki Herenga Waka,Auckland- Papakura,Te Tai Raro,437,247.0,190.0,0.0,86,112,57,168,12,2
2025,1422,Papakura Intermediate,Intermediate,State: Not integrated,Co-Ed,Auckland Region,Tāmaki Herenga Waka,Auckland- Papakura,Te Tai Raro,324,164.0,160.0,0.0,8,160,117,32,7,0
2025,1423,Papakura Normal School,Full Primary,State: Not integrated,Co-Ed,Auckland Region,Tāmaki Herenga Waka,Auckland- Papakura,Te Tai Raro,793,401.0,392.0,0.0,37,287,184,245,38,2
2025,1424,Kereru Park Campus,Full Primary,State: Not integrated,Co-Ed,Auckland Region,Tāmaki Herenga Waka,Auckland- Papakura,Te Tai Raro,176,82.0,94.0,0.0,3,129,38,5,0,1
2025,1425,Paparimu School,Full Primary,State: Not integrated,Co-Ed,Auckland Region,Tāmaki Herenga Waka,Auckland- Franklin,Te Tai Raro,31,13.0,18.0,0.0,23,7,0,0,1,0
2025,1426,Papatoetoe Central School,Contributing,State: Not integrated,Co-Ed,Auckland Region,Tāmaki Herenga Waka,Auckland- Ōtara-Papatoetoe,Te Tai Raro,832,407.0,425.0,0.0,20,50,171,581,10,0
2025,1427,Papatoetoe East School,Contributing,State: Not integrated,Co-Ed,Auckland Region,Tāmaki Herenga Waka,Auckland- Ōtara-Papatoetoe,Te Tai Raro,591,296.0,295.0,0.0,8,88,274,203,18,0
2025,1428,Papatoetoe Intermediate,Intermediate,State: Not integrated,Co-Ed,Auckland Region,Tāmaki Herenga Waka,Auckland- Ōtara-Papatoetoe,Te Tai Raro,728,383.0,345.0,0.0,15,98,352,248,14,0
2025,1429,Papatoetoe North School,Contributing,State: Not integrated,Co-Ed,Auckland Region,Tāmaki Herenga Waka,Auckland- Ōtara-Papatoetoe,Te Tai Raro,763,373.0,390.0,0.0,3,150,434,168,4,4
2025,143,Trident High School,Secondary (Year 9-15),State: Not integrated,Co-Ed,Bay of Plenty Region,"Bay of Plenty, Waiariki",Whakatane District,Te Tai Whenua,854,434.0,,,234,551,23,31,9,5
2025,1430,Papatoetoe South School,Contributing,State: Not integrated,Co-Ed,Auckland Region,Tāmaki Herenga Waka,Auckland- Ōtara-Papatoetoe,Te Tai Raro,590,305.0,285.0,0.0,4,138,325,109,14,0
2025,1431,Papatoetoe West School,Contributing,State: Not integrated,Co-Ed,Auckland Region,Tāmaki Herenga Waka,Auckland- Ōtara-Papatoetoe,Te Tai Raro,706,357.0,349.0,0.0,17,106,276,295,9,3
2025,1432,Parakai School,Full Primary,State: Not integrated,Co-Ed,Auckland Region,Tāmaki Herenga Tāngata,Auckland- Rodney,Te Tai Raro,208,108.0,100.0,0.0,98,82,7,17,3,1
2025,1433,Ridgeview School,Contributing,State: Not integrated,Co-Ed,Auckland Region,Tāmaki Herenga Tāngata,Auckland- Upper Harbour,Te Tai Raro,48,21.0,27.0,0.0,29,7,4,5,3,0
2025,1434,Mangapikopiko School,Contributing,State: Not integrated,Co-Ed,Auckland Region,Tāmaki Herenga Waka,Auckland- Papakura,Te Tai Raro,260,125.0,135.0,0.0,18,125,89,23,2,3
2025,1435,Parkside School,Specialist School,State: Not integrated,Co-Ed,Auckland Region,Tāmaki Herenga Waka,Auckland- Franklin,Te Tai Raro,162,112.0,50.0,0.0,51,68,23,16,4,0
2025,1436,Parnell School,Full Primary,State: Not integrated,Co-Ed,Auckland Region,Tāmaki Herenga Manawa,Auckland- Waitematā,Te Tai Raro,492,239.0,253.0,0.0,136,21,15,269,30,15
2025,1437,Pasadena Intermediate,Intermediate,State: Not integrated,Co-Ed,Auckland Region,Tāmaki Herenga Manawa,Auckland- Albert-Eden,Te Tai Raro,402,213.0,189.0,0.0,153,112,43,66,24,4
2025,1438,Patumāhoe Primary School,Contributing,State: Not integrated,Co-Ed,Auckland Region,Tāmaki Herenga Waka,Auckland- Franklin,Te Tai Raro,290,154.0,136.0,0.0,181,45,31,27,5,1
2025,1439,Pigeon Mountain School,Contributing,State: Not integrated,Co-Ed,Auckland Region,Tāmaki Herenga Manawa,Auckland- Howick,Te Tai Raro,480,254.0,226.0,0.0,50,19,9,384,16,1
2025,144,Whakatane High School,Secondary (Year 9-15),State: Not integrated,Co-Ed,Bay of Plenty Region,"Bay of Plenty, Waiariki",Whakatane District,Te Tai Whenua,1228,600.0,623.0,5.0,461,633,21,65,14,6
2025,1440,Point Chevalier School Rangi-mata-rau,Contributing,State: Not integrated,Co-Ed,Auckland Region,Tāmaki Herenga Manawa,Auckland- Albert-Eden,Te Tai Raro,585,313.0,272.0,0.0,352,65,40,96,21,6
2025,1441,Pt England School,Full Primary,State: Not integrated,Co-Ed,Auckland Region,Tāmaki Herenga Manawa,Auckland- Maungakiekie-Tāmaki,Te Tai Raro,477,246.0,231.0,0.0,6,138,295,32,6,0
2025,1442,Pokeno School,Full Primary,State: Not integrated,Co-Ed,Waikato Region,Tāmaki Herenga Waka,Waikato District,Te Tai Raro,635,340.0,295.0,0.0,141,141,87,216,41,9
2025,1444,Pomaria Road School,Contributing,State: Not integrated,Co-Ed,Auckland Region,Tāmaki Herenga Tāngata,Auckland- Henderson-Massey,Te Tai Raro,456,214.0,242.0,0.0,21,153,153,103,26,0
2025,1445,Ponsonby Intermediate,Intermediate,State: Not integrated,Co-Ed,Auckland Region,Tāmaki Herenga Manawa,Auckland- Waitematā,Te Tai Raro,542,316.0,226.0,0.0,270,41,26,175,20,1
2025,1446,Ponsonby Primary School,Contributing,State: Not integrated,Co-Ed,Auckland Region,Tāmaki Herenga Manawa,Auckland- Waitematā,Te Tai Raro,300,160.0,140.0,0.0,213,22,10,43,5,6
2025,1447,Prospect School,Contributing,State: Not integrated,Co-Ed,Auckland Region,Tāmaki Herenga Tāngata,Auckland- Waitākere Ranges,Te Tai Raro,343,197.0,146.0,0.0,21,102,132,61,26,1
2025,1448,Puhinui School,Contributing,State: Not integrated,Co-Ed,Auckland Region,Tāmaki Herenga Waka,Auckland- Ōtara-Papatoetoe,Te Tai Raro,767,397.0,370.0,0.0,23,59,175,481,26,3
2025,1449,Pukekawa School,Contributing,State: Not integrated,Co-Ed,Waikato Region,Tāmaki Herenga Waka,Waikato District,Te Tai Raro,84,44.0,40.0,0.0,71,8,1,2,1,1
2025,145,Rangitaiki College – Te Kura Tuarua o Rangitaiki,Secondary (Year 9-15),State: Not integrated,Co-Ed,Bay of Plenty Region,"Bay of Plenty, Waiariki",Whakatane District,Te Tai Whenua,153,87.0,66.0,0.0,22,108,2,21,0,0
2025,1450,Pukekohe East School,Contributing,State: Not integrated,Co-Ed,Auckland Region,Tāmaki Herenga Waka,Auckland- Franklin,Te Tai Raro,143,73.0,70.0,0.0,80,21,6,26,9,1
2025,1451,Pukekohe Hill School,Contributing,State: Not integrated,Co-Ed,Auckland Region,Tāmaki Herenga Waka,Auckland- Franklin,Te Tai Raro,544,263.0,281.0,0.0,193,146,61,113,29,2
2025,1452,Pukekohe Intermediate,Intermediate,State: Not integrated,Co-Ed,Auckland Region,Tāmaki Herenga Waka,Auckland- Franklin,Te Tai Raro,688,343.0,345.0,0.0,254,197,100,95,42,0
2025,1453,Pukekohe North School,Full Primary,State: Not integrated,Co-Ed,Auckland Region,Tāmaki Herenga Waka,Auckland- Franklin,Te Tai Raro,379,183.0,196.0,0.0,14,265,80,17,3,0
2025,1454,Pukeoware School,Full Primary,State: Not integrated,Co-Ed,Waikato Region,Tāmaki Herenga Waka,Waikato District,Te Tai Raro,159,81.0,78.0,0.0,88,42,7,16,4,2
2025,1455,Puni School,Contributing,State: Not integrated,Co-Ed,Auckland Region,Tāmaki Herenga Waka,Auckland- Franklin,Te Tai Raro,227,118.0,109.0,0.0,126,40,23,22,10,4
2025,1456,Ramarama School,Full Primary,State: Not integrated,Co-Ed,Auckland Region,Tāmaki Herenga Waka,Auckland- Franklin,Te Tai Raro,201,88.0,113.0,0.0,89,34,10,57,11,0
2025,1457,Rangeview Intermediate,Intermediate,State: Not integrated,Co-Ed,Auckland Region,Tāmaki Herenga Tāngata,Auckland- Henderson-Massey,Te Tai Raro,430,202.0,228.0,0.0,74,120,83,136,15,2
2025,1458,Ranui School,Contributing,State: Not integrated,Co-Ed,Auckland Region,Tāmaki Herenga Tāngata,Auckland- Henderson-Massey,Te Tai Raro,392,200.0,192.0,0.0,15,200,126,34,17,0
2025,1459,Redhill School,Full Primary,State: Not integrated,Co-Ed,Auckland Region,Tāmaki Herenga Waka,Auckland- Papakura,Te Tai Raro,223,108.0,115.0,0.0,2,121,78,20,2,0
2025,146,Te Awamutu College,Secondary (Year 9-15),State: Not integrated,Co-Ed,Waikato Region,Waikato,Waipa District,Te Tai Whenua,1378,707.0,666.0,5.0,838,398,23,100,12,4
2025,1460,Redoubt North School,Full Primary,State: Not integrated,Co-Ed,Auckland Region,Tāmaki Herenga Waka,Auckland- Ōtara-Papatoetoe,Te Tai Raro,542,278.0,264.0,0.0,5,99,271,161,6,0
2025,1461,Remuera Intermediate,Intermediate,State: Not integrated,Co-Ed,Auckland Region,Tāmaki Herenga Manawa,Auckland- Ōrākei,Te Tai Raro,860,467.0,393.0,0.0,226,50,56,475,33,2
2025,1462,Remuera School,Contributing,State: Not integrated,Co-Ed,Auckland Region,Tāmaki Herenga Manawa,Auckland- Ōrākei,Te Tai Raro,581,298.0,283.0,0.0,166,24,6,359,7,9
2025,1463,Richmond Road School,Contributing,State: Not integrated,Co-Ed,Auckland Region,Tāmaki Herenga Manawa,Auckland- Waitematā,Te Tai Raro,284,139.0,145.0,0.0,110,64,81,25,4,0
2025,1464,Riverhead School,Full Primary,State: Not integrated,Co-Ed,Auckland Region,Tāmaki Herenga Tāngata,Auckland- Rodney,Te Tai Raro,453,224.0,229.0,0.0,298,63,17,55,16,4
2025,1465,Riverhills School,Contributing,State: Not integrated,Co-Ed,Auckland Region,Tāmaki Herenga Manawa,Auckland- Howick,Te Tai Raro,115,60.0,55.0,0.0,6,44,34,21,10,0
2025,1466,Riverina School,Contributing,State: Not integrated,Co-Ed,Auckland Region,Tāmaki Herenga Manawa,Auckland- Howick,Te Tai Raro,125,67.0,58.0,0.0,17,35,33,27,11,0
2025,1467,Robertson Road School,Full Primary,State: Not integrated,Co-Ed,Auckland Region,Tāmaki Herenga Waka,Auckland- Māngere-Ōtāhuhu,Te Tai Raro,509,254.0,255.0,0.0,0,83,395,27,4,0
2025,1468,Rongomai School,Contributing,State: Not integrated,Co-Ed,Auckland Region,Tāmaki Herenga Waka,Auckland- Ōtara-Papatoetoe,Te Tai Raro,168,91.0,77.0,0.0,0,56,109,3,0,0
2025,1470,Roscommon School,Contributing,State: Not integrated,Co-Ed,Auckland Region,Tāmaki Herenga Waka,Auckland- Manurewa,Te Tai Raro,531,274.0,257.0,0.0,1,179,299,46,6,0
2025,1471,Te Kura o Pātiki Rosebank School,Contributing,State: Not integrated,Co-Ed,Auckland Region,Tāmaki Herenga Manawa,Auckland- Whau,Te Tai Raro,539,265.0,274.0,0.0,24,126,223,129,37,0
2025,1472,Rosehill School,Specialist School,State: Not integrated,Co-Ed,Auckland Region,Tāmaki Herenga Waka,Auckland- Papakura,Te Tai Raro,335,224.0,111.0,0.0,26,128,110,66,5,0
2025,1473,Rosehill Intermediate,Intermediate,State: Not integrated,Co-Ed,Auckland Region,Tāmaki Herenga Waka,Auckland- Papakura,Te Tai Raro,386,205.0,181.0,0.0,111,104,63,98,6,3
2025,1474,Rowandale School,Contributing,State: Not integrated,Co-Ed,Auckland Region,Tāmaki Herenga Waka,Auckland- Manurewa,Te Tai Raro,609,327.0,282.0,0.0,5,215,332,55,2,0
2025,1475,Royal Oak School,Contributing,State: Not integrated,Co-Ed,Auckland Region,Tāmaki Herenga Manawa,Auckland- Puketāpapa,Te Tai Raro,437,222.0,215.0,0.0,93,35,46,228,30,0
2025,1476,Royal Road School,Full Primary,State: Not integrated,Co-Ed,Auckland Region,Tāmaki Herenga Tāngata,Auckland- Henderson-Massey,Te Tai Raro,340,175.0,165.0,0.0,35,85,107,94,19,0
2025,1477,Ruapotaka School,Full Primary,State: Not integrated,Co-Ed,Auckland Region,Tāmaki Herenga Manawa,Auckland- Maungakiekie-Tāmaki,Te Tai Raro,142,68.0,74.0,0.0,0,34,90,13,5,0
2025,1478,Rutherford School,Contributing,State: Not integrated,Co-Ed,Auckland Region,Tāmaki Herenga Tāngata,Auckland- Henderson-Massey,Te Tai Raro,311,160.0,151.0,0.0,80,81,55,78,17,0
2025,1479,Sandspit Road School,Full Primary,State: Not integrated,Co-Ed,Auckland Region,Tāmaki Herenga Waka,Auckland- Franklin,Te Tai Raro,313,153.0,160.0,0.0,161,102,23,20,6,1
2025,148,Opotiki College,Secondary (Year 9-15),State: Not integrated,Co-Ed,Bay of Plenty Region,"Bay of Plenty, Waiariki",Ōpōtiki District,Te Tai Whenua,303,164.0,,,13,278,5,6,0,1
2025,1480,Shelly Park School,Contributing,State: Not integrated,Co-Ed,Auckland Region,Tāmaki Herenga Manawa,Auckland- Howick,Te Tai Raro,482,250.0,232.0,0.0,251,32,13,182,3,1
2025,1481,Sherwood School (Auckland),Contributing,State: Not integrated,Co-Ed,Auckland Region,Tāmaki Herenga Tāngata,Auckland- Hibiscus and Bays,Te Tai Raro,471,232.0,239.0,0.0,116,16,10,293,28,4
2025,1482,Silverdale School,Contributing,State: Not integrated,Co-Ed,Auckland Region,Tāmaki Herenga Tāngata,Auckland- Hibiscus and Bays,Te Tai Raro,673,,338.0,,318,69,11,224,47,2
2025,1483,Sir Keith Park School,Specialist School,State: Not integrated,Co-Ed,Auckland Region,Tāmaki Herenga Waka,Auckland- Māngere-Ōtāhuhu,Te Tai Raro,180,124.0,56.0,0.0,1,23,137,16,3,0
2025,1484,Sommerville School,Specialist School,State: Not integrated,Co-Ed,Auckland Region,Tāmaki Herenga Manawa,Auckland- Maungakiekie-Tāmaki,Te Tai Raro,373,255.0,118.0,0.0,90,47,89,121,23,3
2025,1486,St Anne's Catholic School (Manurewa),Full Primary,State: Integrated,Year 1-6 Co-Ed/Year 7,Auckland Region,Tāmaki Herenga Waka,Auckland- Manurewa,Te Tai Raro,537,218.0,319.0,0.0,18,47,307,128,37,0
2025,1487,St Dominic's Catholic School (Blockhouse Bay),Contributing,State: Integrated,Co-Ed,Auckland Region,Tāmaki Herenga Manawa,Auckland- Whau,Te Tai Raro,249,119.0,130.0,0.0,43,10,35,150,11,0
2025,1488,St Francis Catholic School (Pt Chevalier),Contributing,State: Integrated,Co-Ed,Auckland Region,Tāmaki Herenga Manawa,Auckland- Albert-Eden,Te Tai Raro,236,122.0,114.0,0.0,127,12,44,47,6,0
2025,1489,St Heliers School,Full Primary,State: Not integrated,Co-Ed,Auckland Region,Tāmaki Herenga Manawa,Auckland- Ōrākei,Te Tai Raro,592,299.0,293.0,0.0,326,24,15,156,48,0
2025,1490,St Ignatius Catholic School (St Heliers),Contributing,State: Integrated,Co-Ed,Auckland Region,Tāmaki Herenga Manawa,Auckland- Ōrākei,Te Tai Raro,212,109.0,103.0,0.0,128,23,17,26,16,2
2025,1491,St John the Evangelist Catholic School,Full Primary,State: Integrated,Year 1-6 Co-Ed/Year 7,Auckland Region,Tāmaki Herenga Waka,Auckland- Ōtara-Papatoetoe,Te Tai Raro,213,75.0,138.0,0.0,0,5,206,2,0,0
2025,1492,St John's School (Mairangi Bay),Contributing,State: Integrated,Co-Ed,Auckland Region,Tāmaki Herenga Tāngata,Auckland- Hibiscus and Bays,Te Tai Raro,298,151.0,147.0,0.0,96,17,10,113,62,0
2025,1493,St Joseph's School (Grey Lynn),Full Primary,State: Integrated,Year 1-6 Co-Ed/Year 7,Auckland Region,Tāmaki Herenga Manawa,Auckland- Waitematā,Te Tai Raro,73,39.0,34.0,0.0,3,6,29,30,2,2
2025,1494,St Joseph's Catholic School (Onehunga),Full Primary,State: Integrated,Year 1-6 Co-Ed/Year 7,Auckland Region,Tāmaki Herenga Manawa,Auckland- Maungakiekie-Tāmaki,Te Tai Raro,173,82.0,91.0,0.0,3,13,114,36,7,0
2025,1495,St Joseph's School (Orakei),Contributing,State: Integrated,Co-Ed,Auckland Region,Tāmaki Herenga Manawa,Auckland- Ōrākei,Te Tai Raro,35,15.0,20.0,0.0,7,4,5,8,11,0
2025,1496,St Joseph's School (Otahuhu),Full Primary,State: Integrated,Year 1-6 Co-Ed/Year 7,Auckland Region,Tāmaki Herenga Waka,Auckland- Māngere-Ōtāhuhu,Te Tai Raro,277,121.0,156.0,0.0,1,3,249,23,1,0
2025,1497,St Joseph's School (Pukekohe),Contributing,State: Integrated,Co-Ed,Auckland Region,Tāmaki Herenga Waka,Auckland- Franklin,Te Tai Raro,349,187.0,162.0,0.0,107,41,64,118,17,2
2025,1498,St Joseph's Catholic School (Takapuna),Contributing,State: Integrated,Co-Ed,Auckland Region,Tāmaki Herenga Tāngata,Auckland- Devonport-Takapuna,Te Tai Raro,443,228.0,215.0,0.0,77,17,25,294,28,2
2025,1499,St Leonards Road School,Contributing,State: Not integrated,Co-Ed,Auckland Region,Tāmaki Herenga Tāngata,Auckland- Whau,Te Tai Raro,444,212.0,232.0,0.0,19,104,229,79,11,2
2025,15,Whangārei Boys' High School,Secondary (Year 9-15),State: Not integrated,Single Sex-Boys,Northland Region,Tai Tokerau,Whangarei District,Te Tai Raro,1404,1404.0,0.0,0.0,641,611,41,89,10,8
2025,1500,St Leo's Catholic School (Devonport),Contributing,State: Integrated,Co-Ed,Auckland Region,Tāmaki Herenga Tāngata,Auckland- Devonport-Takapuna,Te Tai Raro,50,31.0,19.0,0.0,27,12,2,7,2,0
2025,1501,St Mark's School (Pakuranga),Contributing,State: Integrated,Co-Ed,Auckland Region,Tāmaki Herenga Manawa,Auckland- Howick,Te Tai Raro,210,105.0,105.0,0.0,22,15,32,132,9,0
2025,1502,St Mary's Catholic School (Papakura),Contributing,State: Integrated,Co-Ed,Auckland Region,Tāmaki Herenga Waka,Auckland- Papakura,Te Tai Raro,352,170.0,182.0,0.0,72,61,86,115,18,0
2025,1503,St Mary's Catholic School (Avondale),Full Primary,State: Integrated,Co-Ed,Auckland Region,Tāmaki Herenga Manawa,Auckland- Whau,Te Tai Raro,187,89.0,98.0,0.0,5,13,90,69,10,0
2025,1504,St Mary's School (Ellerslie),Contributing,State: Integrated,Co-Ed,Auckland Region,Tāmaki Herenga Manawa,Auckland- Maungakiekie-Tāmaki,Te Tai Raro,384,173.0,211.0,0.0,157,35,31,140,21,0
2025,1505,St Mary's School (Northcote),Contributing,State: Integrated,Co-Ed,Auckland Region,Tāmaki Herenga Tāngata,Auckland- Kaipātiki,Te Tai Raro,297,147.0,150.0,0.0,120,21,22,111,21,0
2025,1506,St Michael's Catholic School (Remuera),Contributing,State: Integrated,Co-Ed,Auckland Region,Tāmaki Herenga Manawa,Auckland- Ōrākei,Te Tai Raro,222,98.0,124.0,0.0,86,13,4,99,20,0
2025,1507,St Patrick's School (Panmure),Full Primary,State: Integrated,Co-Ed,Auckland Region,Tāmaki Herenga Manawa,Auckland- Maungakiekie-Tāmaki,Te Tai Raro,71,33.0,38.0,0.0,2,0,33,36,0,0
2025,1508,St Pius X Catholic School (Glen Innes),Full Primary,State: Integrated,Co-Ed,Auckland Region,Tāmaki Herenga Manawa,Auckland- Maungakiekie-Tāmaki,Te Tai Raro,123,67.0,56.0,0.0,2,19,90,11,1,0
2025,1509,St Therese School (Three Kings),Full Primary,State: Integrated,Co-Ed,Auckland Region,Tāmaki Herenga Manawa,Auckland- Puketāpapa,Te Tai Raro,74,40.0,34.0,0.0,0,3,46,15,10,0
2025,151,Western Heights High School,Secondary (Year 9-15),State: Not integrated,Co-Ed,Bay of Plenty Region,"Bay of Plenty, Waiariki",Rotorua District,Te Tai Whenua,1176,501.0,675.0,0.0,363,644,24,121,10,4
2025,1510,St Thomas School (Auckland),Full Primary,State: Not integrated,Co-Ed,Auckland Region,Tāmaki Herenga Manawa,Auckland- Ōrākei,Te Tai Raro,838,483.0,355.0,0.0,308,46,32,339,83,11
2025,1511,Stanhope Road School,Full Primary,State: Not integrated,Co-Ed,Auckland Region,Tāmaki Herenga Manawa,Auckland- Maungakiekie-Tāmaki,Te Tai Raro,585,291.0,294.0,0.0,105,47,96,299,35,3
2025,1512,Stanley Bay School,Contributing,State: Not integrated,Co-Ed,Auckland Region,Tāmaki Herenga Tāngata,Auckland- Devonport-Takapuna,Te Tai Raro,190,85.0,105.0,0.0,153,15,4,13,5,0
2025,1513,Stanmore Bay School,Contributing,State: Not integrated,Co-Ed,Auckland Region,Tāmaki Herenga Tāngata,Auckland- Hibiscus and Bays,Te Tai Raro,516,279.0,237.0,0.0,301,104,15,76,20,0
2025,1514,Our Lady Star of the Sea School (Howick),Contributing,State: Integrated,Co-Ed,Auckland Region,Tāmaki Herenga Manawa,Auckland- Howick,Te Tai Raro,299,141.0,158.0,0.0,80,23,28,154,11,3
2025,1515,Sunnyhills School,Contributing,State: Not integrated,Co-Ed,Auckland Region,Tāmaki Herenga Manawa,Auckland- Howick,Te Tai Raro,483,244.0,239.0,0.0,153,42,8,268,8,4
2025,1516,Sunnybrae Normal School,Contributing,State: Not integrated,Co-Ed,Auckland Region,Tāmaki Herenga Tāngata,Auckland- Kaipātiki,Te Tai Raro,359,186.0,173.0,0.0,59,30,29,212,18,9
2025,1518,Sunnynook School,Contributing,State: Not integrated,Co-Ed,Auckland Region,Tāmaki Herenga Tāngata,Auckland- Devonport-Takapuna,Te Tai Raro,500,252.0,248.0,0.0,93,68,26,269,31,13
2025,1519,Sunnyvale School,Contributing,State: Not integrated,Co-Ed,Auckland Region,Tāmaki Herenga Tāngata,Auckland- Henderson-Massey,Te Tai Raro,468,225.0,243.0,0.0,56,149,135,99,29,0
2025,152,Rotorua Boys' High School,Secondary (Year 9-15),State: Not integrated,Single Sex-Boys,Bay of Plenty Region,"Bay of Plenty, Waiariki",Rotorua District,Te Tai Whenua,1154,1154.0,0.0,0.0,199,791,69,62,5,12
2025,1520,Sutton Park School,Full Primary,State: Not integrated,Co-Ed,Auckland Region,Tāmaki Herenga Waka,Auckland- Māngere-Ōtāhuhu,Te Tai Raro,538,253.0,285.0,0.0,2,58,460,18,0,0
2025,1521,Swanson School,Full Primary,State: Not integrated,Co-Ed,Auckland Region,Tāmaki Herenga Tāngata,Auckland- Waitākere Ranges,Te Tai Raro,529,283.0,246.0,0.0,142,154,69,129,35,0
2025,1522,Sylvia Park School,Full Primary,State: Not integrated,Co-Ed,Auckland Region,Tāmaki Herenga Manawa,Auckland- Maungakiekie-Tāmaki,Te Tai Raro,559,291.0,268.0,0.0,42,126,173,205,13,0
2025,1523,Takanini School,Full Primary,State: Not integrated,Co-Ed,Auckland Region,Tāmaki Herenga Waka,Auckland- Papakura,Te Tai Raro,565,305.0,260.0,0.0,3,168,170,217,7,0
2025,1524,Takapuna Normal Intermediate,Intermediate,State: Not integrated,Co-Ed,Auckland Region,Tāmaki Herenga Tāngata,Auckland- Devonport-Takapuna,Te Tai Raro,708,411.0,297.0,0.0,182,36,19,413,30,8
2025,1525,Takapuna School,Contributing,State: Not integrated,Co-Ed,Auckland Region,Tāmaki Herenga Tāngata,Auckland- Devonport-Takapuna,Te Tai Raro,369,175.0,194.0,0.0,107,18,11,199,27,2
2025,1526,Tāmaki School,Full Primary,State: Not integrated,Co-Ed,Auckland Region,Tāmaki Herenga Manawa,Auckland- Maungakiekie-Tāmaki,Te Tai Raro,165,83.0,82.0,0.0,1,74,84,6,0,0
2025,1528,Target Road School,Contributing,State: Not integrated,Co-Ed,Auckland Region,Tāmaki Herenga Tāngata,Auckland- Kaipātiki,Te Tai Raro,422,247.0,175.0,0.0,72,71,36,220,20,3
2025,1529,Taupaki School,Full Primary,State: Not integrated,Co-Ed,Auckland Region,Tāmaki Herenga Tāngata,Auckland- Rodney,Te Tai Raro,232,126.0,106.0,0.0,162,40,6,20,4,0
2025,153,Rotorua Girls' High School,Secondary (Year 9-15),State: Not integrated,Single Sex-Girls,Bay of Plenty Region,"Bay of Plenty, Waiariki",Rotorua District,Te Tai Whenua,658,0.0,658.0,0.0,85,498,36,35,2,1
2025,1530,Te Atatu Intermediate,Intermediate,State: Not integrated,Co-Ed,Auckland Region,Tāmaki Herenga Tāngata,Auckland- Henderson-Massey,Te Tai Raro,478,250.0,228.0,0.0,172,107,59,109,24,7
2025,1531,Peninsula Primary School,Contributing,State: Not integrated,Co-Ed,Auckland Region,Tāmaki Herenga Tāngata,Auckland- Henderson-Massey,Te Tai Raro,467,248.0,219.0,0.0,170,112,80,85,17,3
2025,1532,Te Hihi School,Full Primary,State: Not integrated,Co-Ed,Auckland Region,Tāmaki Herenga Waka,Auckland- Franklin,Te Tai Raro,135,57.0,78.0,0.0,51,43,11,22,7,0
2025,1533,Te Kohanga School,Contributing,State: Not integrated,Co-Ed,Waikato Region,Tāmaki Herenga Waka,Waikato District,Te Tai Raro,23,8.0,15.0,0.0,2,19,0,2,0,0
2025,1534,Te Papapa School,Contributing,State: Not integrated,Co-Ed,Auckland Region,Tāmaki Herenga Manawa,Auckland- Maungakiekie-Tāmaki,Te Tai Raro,325,166.0,159.0,0.0,5,90,196,30,2,2
2025,1535,Three Kings School,Contributing,State: Not integrated,Co-Ed,Auckland Region,Tāmaki Herenga Manawa,Auckland- Puketāpapa,Te Tai Raro,446,236.0,210.0,0.0,102,27,53,223,30,7
2025,1536,Tirimoana School,Contributing,State: Not integrated,Co-Ed,Auckland Region,Tāmaki Herenga Tāngata,Auckland- Henderson-Massey,Te Tai Raro,670,326.0,344.0,0.0,168,100,93,274,31,4
2025,1537,Titirangi School,Contributing,State: Not integrated,Co-Ed,Auckland Region,Tāmaki Herenga Tāngata,Auckland- Waitākere Ranges,Te Tai Raro,444,209.0,235.0,0.0,229,54,24,107,24,5
2025,1538,Torbay School,Contributing,State: Not integrated,Co-Ed,Auckland Region,Tāmaki Herenga Tāngata,Auckland- Hibiscus and Bays,Te Tai Raro,613,297.0,316.0,0.0,338,39,11,143,44,19
2025,1539,Tuakau School,Contributing,State: Not integrated,Co-Ed,Waikato Region,Tāmaki Herenga Waka,Waikato District,Te Tai Raro,259,131.0,128.0,0.0,37,133,55,31,2,1
2025,154,Rotorua Lakes High School,Secondary (Year 9-15),State: Not integrated,Co-Ed,Bay of Plenty Region,"Bay of Plenty, Waiariki",Rotorua District,Te Tai Whenua,701,338.0,363.0,0.0,337,295,10,43,6,8
2025,1540,Valley School,Contributing,State: Not integrated,Co-Ed,Auckland Region,Tāmaki Herenga Waka,Auckland- Franklin,Te Tai Raro,464,253.0,211.0,0.0,211,81,40,103,25,4
2025,1541,Vauxhall School,Contributing,State: Not integrated,Co-Ed,Auckland Region,Tāmaki Herenga Tāngata,Auckland- Devonport-Takapuna,Te Tai Raro,175,89.0,86.0,0.0,119,25,1,17,8,3
2025,1543,Verran Primary School,Contributing,State: Not integrated,Co-Ed,Auckland Region,Tāmaki Herenga Tāngata,Auckland- Kaipātiki,Te Tai Raro,214,113.0,101.0,0.0,106,27,11,51,19,0
2025,1544,Victoria Avenue School,Contributing,State: Not integrated,Co-Ed,Auckland Region,Tāmaki Herenga Manawa,Auckland- Ōrākei,Te Tai Raro,406,192.0,214.0,0.0,99,6,8,273,11,4
2025,1545,View Road School,Full Primary,State: Not integrated,Co-Ed,Auckland Region,Tāmaki Herenga Waka,Auckland- Franklin,Te Tai Raro,173,93.0,80.0,0.0,37,104,19,11,2,0
2025,1546,Viscount School,Full Primary,State: Not integrated,Co-Ed,Auckland Region,Tāmaki Herenga Waka,Auckland- Māngere-Ōtāhuhu,Te Tai Raro,477,236.0,241.0,0.0,2,71,382,11,8,3
2025,1547,Waiau Pa School,Full Primary,State: Not integrated,Co-Ed,Auckland Region,Tāmaki Herenga Waka,Auckland- Franklin,Te Tai Raro,331,177.0,154.0,0.0,173,94,24,32,8,0
2025,1548,Waikowhai Intermediate,Intermediate,State: Not integrated,Co-Ed,Auckland Region,Tāmaki Herenga Manawa,Auckland- Puketāpapa,Te Tai Raro,329,175.0,154.0,0.0,53,41,89,116,28,2
2025,1549,Waikowhai Primary School,Contributing,State: Not integrated,Co-Ed,Auckland Region,Tāmaki Herenga Manawa,Auckland- Puketāpapa,Te Tai Raro,212,109.0,103.0,0.0,21,36,65,69,19,2
2025,1550,Waimauku School,Full Primary,State: Not integrated,Co-Ed,Auckland Region,Tāmaki Herenga Tāngata,Auckland- Rodney,Te Tai Raro,684,348.0,336.0,0.0,498,116,14,38,14,4
2025,1552,Wainui School,Full Primary,State: Not integrated,Co-Ed,Auckland Region,Tāmaki Herenga Tāngata,Auckland- Rodney,Te Tai Raro,279,154.0,125.0,0.0,217,37,7,7,10,1
2025,1553,Waioneke School,Full Primary,State: Not integrated,Co-Ed,Auckland Region,Tāmaki Herenga Tāngata,Auckland- Rodney,Te Tai Raro,94,48.0,46.0,0.0,50,38,1,4,1,0
2025,1554,Waipipi School,Full Primary,State: Not integrated,Co-Ed,Auckland Region,Tāmaki Herenga Waka,Auckland- Franklin,Te Tai Raro,122,56.0,66.0,0.0,78,33,2,5,4,0
2025,1555,Wairau Intermediate,Intermediate,State: Not integrated,Co-Ed,Auckland Region,Tāmaki Herenga Tāngata,Auckland- Devonport-Takapuna,Te Tai Raro,345,214.0,131.0,0.0,80,33,34,161,37,0
2025,1556,Wairau Valley Special School,Specialist School,State: Not integrated,Co-Ed,Auckland Region,Tāmaki Herenga Tāngata,Auckland- Kaipātiki,Te Tai Raro,271,198.0,73.0,0.0,105,34,22,97,12,1
2025,1557,Waitakere School,Full Primary,State: Not integrated,Co-Ed,Auckland Region,Tāmaki Herenga Tāngata,Auckland- Waitākere Ranges,Te Tai Raro,433,221.0,212.0,0.0,284,74,32,38,3,2
2025,1558,Waitoki School,Full Primary,State: Not integrated,Co-Ed,Auckland Region,Tāmaki Herenga Tāngata,Auckland- Rodney,Te Tai Raro,129,69.0,60.0,0.0,100,11,4,3,9,2
2025,1559,Waiuku Primary School,Full Primary,State: Not integrated,Co-Ed,Auckland Region,Tāmaki Herenga Waka,Auckland- Franklin,Te Tai Raro,354,179.0,175.0,0.0,202,83,26,29,11,3
2025,1560,Wakaaranga School,Contributing,State: Not integrated,Co-Ed,Auckland Region,Tāmaki Herenga Manawa,Auckland- Howick,Te Tai Raro,631,322.0,309.0,0.0,171,68,21,324,36,7
2025,1561,Warkworth School,Contributing,State: Not integrated,Co-Ed,Auckland Region,Tāmaki Herenga Tāngata,Auckland- Rodney,Te Tai Raro,610,312.0,298.0,0.0,315,91,82,90,31,1
2025,1562,Waterlea Public School,Contributing,State: Not integrated,Co-Ed,Auckland Region,Tāmaki Herenga Manawa,Auckland- Māngere-Ōtāhuhu,Te Tai Raro,436,229.0,207.0,0.0,190,107,81,52,5,1
2025,1563,Waterview School,Contributing,State: Not integrated,Co-Ed,Auckland Region,Tāmaki Herenga Manawa,Auckland- Albert-Eden,Te Tai Raro,265,138.0,127.0,0.0,65,37,71,59,31,2
2025,1564,Wesley Intermediate,Intermediate,State: Not integrated,Co-Ed,Auckland Region,Tāmaki Herenga Manawa,Auckland- Puketāpapa,Te Tai Raro,121,66.0,55.0,0.0,6,20,62,20,13,0
2025,1565,Wesley Primary School,Contributing,State: Not integrated,Co-Ed,Auckland Region,Tāmaki Herenga Manawa,Auckland- Puketāpapa,Te Tai Raro,163,87.0,76.0,0.0,1,26,91,27,17,1
2025,1566,West Harbour School,Full Primary,State: Not integrated,Co-Ed,Auckland Region,Tāmaki Herenga Tāngata,Auckland- Henderson-Massey,Te Tai Raro,508,267.0,241.0,0.0,92,168,131,86,29,2
2025,1567,Western Heights School (Auckland),Contributing,State: Not integrated,Co-Ed,Auckland Region,Tāmaki Herenga Tāngata,Auckland- Henderson-Massey,Te Tai Raro,665,354.0,311.0,0.0,110,81,91,358,21,4
2025,1568,Westmere School (Auckland),Contributing,State: Not integrated,Co-Ed,Auckland Region,Tāmaki Herenga Manawa,Auckland- Waitematā,Te Tai Raro,376,174.0,202.0,0.0,217,101,18,33,5,2
2025,1569,Waimahia Intermediate School,Intermediate,State: Not integrated,Co-Ed,Auckland Region,Tāmaki Herenga Waka,Auckland- Manurewa,Te Tai Raro,254,132.0,122.0,0.0,4,90,133,18,8,1
2025,157,Ōtorohanga College,Secondary (Year 9-15),State: Not integrated,Co-Ed,Waikato Region,Waikato,Ōtorohanga District,Te Tai Whenua,347,161.0,186.0,0.0,125,182,11,29,0,0
2025,1570,Weymouth School,Contributing,State: Not integrated,Co-Ed,Auckland Region,Tāmaki Herenga Waka,Auckland- Manurewa,Te Tai Raro,514,264.0,250.0,0.0,13,199,213,67,18,4
2025,1571,Whangaparaoa School (Auckland),Contributing,State: Not integrated,Co-Ed,Auckland Region,Tāmaki Herenga Tāngata,Auckland- Hibiscus and Bays,Te Tai Raro,828,404.0,424.0,0.0,508,153,32,93,34,7
2025,1572,Whenuapai School,Full Primary,State: Not integrated,Co-Ed,Auckland Region,Tāmaki Herenga Tāngata,Auckland- Upper Harbour,Te Tai Raro,687,353.0,334.0,0.0,233,122,44,243,36,9
2025,1573,Willow Park School,Contributing,State: Not integrated,Co-Ed,Auckland Region,Tāmaki Herenga Tāngata,Auckland- Kaipātiki,Te Tai Raro,643,326.0,317.0,0.0,207,55,21,322,32,1
2025,1574,Wilson School,Specialist School,State: Not integrated,Co-Ed,Auckland Region,Tāmaki Herenga Tāngata,Auckland- Devonport-Takapuna,Te Tai Raro,125,81.0,44.0,0.0,53,16,7,42,6,1
2025,1575,Windy Ridge School,Contributing,State: Not integrated,Co-Ed,Auckland Region,Tāmaki Herenga Tāngata,Auckland- Kaipātiki,Te Tai Raro,214,116.0,98.0,0.0,60,20,18,101,13,2
2025,1576,Wiri Central School,Full Primary,State: Not integrated,Co-Ed,Auckland Region,Tāmaki Herenga Waka,Auckland- Manurewa,Te Tai Raro,338,171.0,167.0,0.0,2,109,193,34,0,0
2025,1577,Woodhill School,Full Primary,State: Not integrated,Co-Ed,Auckland Region,Tāmaki Herenga Tāngata,Auckland- Rodney,Te Tai Raro,96,47.0,49.0,0.0,36,55,4,0,1,0
2025,1578,Woodlands Park School,Contributing,State: Not integrated,Co-Ed,Auckland Region,Tāmaki Herenga Tāngata,Auckland- Waitākere Ranges,Te Tai Raro,297,145.0,152.0,0.0,229,28,7,27,4,2
2025,1579,Wymondley Road School,Contributing,State: Not integrated,Co-Ed,Auckland Region,Tāmaki Herenga Waka,Auckland- Ōtara-Papatoetoe,Te Tai Raro,138,75.0,63.0,0.0,2,27,105,4,0,0
2025,158,Tokoroa High School,Secondary (Year 9-15),State: Not integrated,Co-Ed,Waikato Region,Waikato,South Waikato District,Te Tai Whenua,500,265.0,235.0,0.0,64,337,71,14,7,7
2025,1580,Yendarra School,Contributing,State: Not integrated,Co-Ed,Auckland Region,Tāmaki Herenga Waka,Auckland- Ōtara-Papatoetoe,Te Tai Raro,237,128.0,109.0,0.0,0,70,159,8,0,0
2025,1581,Chapel Downs School,Contributing,State: Not integrated,Co-Ed,Auckland Region,Tāmaki Herenga Waka,Auckland- Howick,Te Tai Raro,760,384.0,376.0,0.0,9,124,335,258,32,2
2025,1582,Nova Montessori School,Full Primary,Private: Fully Reg.,Co-Ed,Canterbury Region,Canterbury and Chatham Islands,Christchurch City,Te Tai Runga,38,19.0,19.0,0.0,23,3,1,10,0,1
2025,1584,TKKM o Te Raki Paewhenua,Composite (Year 1-15),State: Not integrated,Co-Ed,Auckland Region,Tāmaki Herenga Tāngata,Auckland- Upper Harbour,Te Tai Raro,144,72.0,72.0,0.0,0,144,0,0,0,0
2025,1585,St Anthony's School (Wanganui),Composite (Year 1-15),Private: Fully Reg.,"Prim.Co-Ed, Sec.Boys",Manawatū-Whanganui Regio,"Taranaki, Whanganui, Manawatu",Whanganui District,Te Tai Whenua,103,64.0,39.0,0.0,43,22,7,30,0,1
2025,1587,Gloriavale Christian School,Composite (Year 1-15),Private: Fully Reg.,Co-Ed,West Coast Region,"Nelson, Marlborough, West Coast",Grey District,Te Tai Runga,102,56.0,46.0,0.0,100,1,0,1,0,0
2025,1588,St Francis Xavier Catholic School (Whangarei),Contributing,State: Integrated,Co-Ed,Northland Region,Tai Tokerau,Whangarei District,Te Tai Raro,499,247.0,252.0,0.0,134,78,16,249,20,2
2025,1589,TKKM o Toku Mapihi Maurea,Full Primary,State: Not integrated,Co-Ed,Waikato Region,Waikato,Hamilton City,Te Tai Whenua,91,46.0,45.0,0.0,1,90,0,0,0,0
2025,159,Forest View High School,Secondary (Year 9-15),State: Not integrated,Co-Ed,Waikato Region,Waikato,South Waikato District,Te Tai Whenua,424,200.0,224.0,0.0,103,245,38,38,0,0
2025,1592,Marina View School,Full Primary,State: Not integrated,Co-Ed,Auckland Region,Tāmaki Herenga Tāngata,Auckland- Upper Harbour,Te Tai Raro,607,306.0,301.0,0.0,105,65,39,327,26,22
2025,1593,Kaitoke School (Claris),Full Primary,State: Not integrated,Co-Ed,Auckland Region,Tāmaki Herenga Manawa,Auckland- Aotea/Great Barrier,Te Tai Raro,49,27.0,22.0,0.0,33,15,0,1,0,0
2025,1594,Riverview School,Contributing,State: Not integrated,Co-Ed,Northland Region,Tai Tokerau,Far North District,Te Tai Raro,398,192.0,206.0,0.0,277,97,6,13,2,3
2025,1595,Titirangi Rudolf Steiner School,Composite (Year 1-15),Private: Fully Reg.,Co-Ed,Auckland Region,Tāmaki Herenga Tāngata,Auckland- Waitākere Ranges,Te Tai Raro,216,,112.0,,138,21,6,35,4,5
2025,16,Whangārei Girls' High School,Secondary (Year 9-15),State: Not integrated,Single Sex-Girls,Northland Region,Tai Tokerau,Whangarei District,Te Tai Raro,1526,0.0,1521.0,5.0,720,605,53,104,14,15
2025,160,Te Kuiti High School,Secondary (Year 9-15),State: Not integrated,Co-Ed,Waikato Region,Waikato,Waitomo District,Te Tai Whenua,319,167.0,152.0,0.0,61,207,23,27,1,0
2025,1606,UP International College New Zealand,Secondary (Year 9-15),Private: Fully Reg.,Co-Ed,Auckland Region,Tāmaki Herenga Manawa,Auckland- Waitematā,Te Tai Raro,149,76.0,73.0,0.0,0,0,0,1,0,0
2025,1607,Bishop Edward Gaines Catholic School,Full Primary,State: Integrated,Co-Ed,Waikato Region,Waikato,South Waikato District,Te Tai Whenua,42,17.0,25.0,0.0,5,13,6,17,1,0
2025,1608,St Matthew's Primary School (Hastings),Full Primary,State: Integrated,Co-Ed,Hawkes Bay Region,"Hawke's Bay, Tairawhiti",Hastings District,Te Tai Whenua,157,73.0,84.0,0.0,7,22,35,88,4,1
2025,161,Benneydale School,Full Primary,State: Not integrated,Co-Ed,Waikato Region,Waikato,Waitomo District,Te Tai Whenua,36,19.0,17.0,0.0,2,30,3,1,0,0
2025,1611,Timaru Christian School,Composite (Year 1-15),State: Integrated,Co-Ed,Canterbury Region,Canterbury and Chatham Islands,Timaru District,Te Tai Runga,164,79.0,85.0,0.0,68,15,28,47,6,0
2025,1613,Te Rā School,Full Primary,State: Integrated,Co-Ed,Wellington Region,Wellington,Kapiti Coast District,Te Tai Runga,145,64.0,81.0,0.0,105,25,3,4,5,3
2025,1616,TKKM o Ngati Kahungunu o Te Wairoa,Composite (Year 1-15),State: Not integrated,Co-Ed,Hawkes Bay Region,"Hawke's Bay, Tairawhiti",Wairoa District,Te Tai Whenua,182,86.0,96.0,0.0,1,179,0,2,0,0
2025,1617,TKKM o Ngati Rangi,Full Primary,State: Not integrated,Co-Ed,Manawatū-Whanganui Regio,"Taranaki, Whanganui, Manawatu",Ruapehu District,Te Tai Whenua,46,24.0,22.0,0.0,0,46,0,0,0,0
2025,1618,TKKM o Te Whanau Tahi,Composite (Year 1-15),State: Not integrated,Co-Ed,Canterbury Region,Canterbury and Chatham Islands,Christchurch City,Te Tai Runga,218,112.0,,,3,213,2,0,0,0
2025,1619,Te Kura Ākonga o Manurewa,Full Primary,State: Integrated,Co-Ed,Auckland Region,Tāmaki Herenga Waka,Auckland- Manurewa,Te Tai Raro,81,49.0,32.0,0.0,0,81,0,0,0,0
2025,162,Piopio College,Secondary (Year 7-15),State: Not integrated,Co-Ed,Waikato Region,Waikato,Waitomo District,Te Tai Whenua,136,73.0,63.0,0.0,61,65,5,5,0,0
2025,1625,Ascot Community School,Full Primary,State: Not integrated,Co-Ed,Southland Region,"Otago, Southland",Invercargill City,Te Tai Runga,236,117.0,119.0,0.0,99,60,31,16,25,5
2025,1627,St Paul's School (Richmond),Full Primary,State: Integrated,Co-Ed,Tasman Region,"Nelson, Marlborough, West Coast",Tasman District,Te Tai Runga,354,189.0,165.0,0.0,240,31,9,62,11,0
2025,1630,Central Regional Health School,Specialist School,State: Not integrated,Co-Ed,Wellington Region,Wellington,Wellington City,Te Tai Runga,20,9.0,11.0,0.0,8,10,2,0,0,0
2025,1631,Southern Health School,Specialist School,State: Not integrated,Co-Ed,Canterbury Region,Canterbury and Chatham Islands,Christchurch City,Te Tai Runga,21,8.0,13.0,0.0,9,10,1,0,1,0
2025,1633,St Mary MacKillop Catholic School,Full Primary,State: Integrated,Co-Ed,Auckland Region,Tāmaki Herenga Waka,Auckland- Māngere-Ōtāhuhu,Te Tai Raro,333,179.0,154.0,0.0,1,8,263,59,1,1
2025,1634,Te Kura Māori o Porirua,Composite (Year 1-15),State: Not integrated,Co-Ed,Wellington Region,Wellington,Porirua City,Te Tai Runga,312,149.0,163.0,0.0,2,308,2,0,0,0
2025,1636,St Thomas More Catholic School,Contributing,State: Integrated,Co-Ed,Bay of Plenty Region,"Bay of Plenty, Waiariki",Tauranga City,Te Tai Whenua,100,37.0,63.0,0.0,41,16,4,32,7,0
2025,164,Reporoa College,Secondary (Year 7-15),State: Not integrated,Co-Ed,Waikato Region,"Bay of Plenty, Waiariki",Rotorua District,Te Tai Whenua,195,115.0,80.0,0.0,53,112,2,23,0,5
2025,1641,Amana Christian School,Composite (Year 1-15),Private: Fully Reg.,Co-Ed,Otago Region,"Otago, Southland",Dunedin City,Te Tai Runga,51,25.0,26.0,0.0,20,6,9,3,8,2
2025,1643,St Paul's School (Massey),Contributing,State: Integrated,Co-Ed,Auckland Region,Tāmaki Herenga Tāngata,Auckland- Henderson-Massey,Te Tai Raro,446,243.0,203.0,0.0,82,55,97,193,19,0
2025,1645,Te Kura o Tōrere,Full Primary,State: Not integrated,Co-Ed,Bay of Plenty Region,"Bay of Plenty, Waiariki",Ōpōtiki District,Te Tai Whenua,31,16.0,15.0,0.0,0,31,0,0,0,0
2025,1646,Wainuiomata Intermediate,Intermediate,State: Not integrated,Co-Ed,Wellington Region,Wellington,Lower Hutt City,Te Tai Runga,326,165.0,161.0,0.0,87,159,41,31,5,3
2025,1647,Konini Primary School (Wainuiomata),Contributing,State: Not integrated,Co-Ed,Wellington Region,Wellington,Lower Hutt City,Te Tai Runga,275,129.0,146.0,0.0,85,85,44,60,1,0
2025,1648,Manaia View School,Full Primary,State: Not integrated,Co-Ed,Northland Region,Tai Tokerau,Whangarei District,Te Tai Raro,209,116.0,93.0,0.0,5,178,18,8,0,0
2025,1650,Drummond Primary School,Full Primary,State: Not integrated,Co-Ed,Southland Region,"Otago, Southland",Southland District,Te Tai Runga,101,43.0,58.0,0.0,59,10,3,28,1,0
2025,1651,TKKM o Wairarapa,Composite (Year 1-15),State: Not integrated,Co-Ed,Wellington Region,Wellington,Masterton District,Te Tai Runga,156,70.0,86.0,0.0,0,156,0,0,0,0
2025,1655,Destiny School,Composite (Year 1-15),Private: Fully Reg.,Co-Ed,Auckland Region,Tāmaki Herenga Waka,Auckland- Manurewa,Te Tai Raro,64,31.0,33.0,0.0,0,58,3,3,0,0
2025,1657,Silverstream (South) Primary School,Contributing,State: Not integrated,Co-Ed,Otago Region,"Otago, Southland",Dunedin City,Te Tai Runga,302,166.0,136.0,0.0,196,72,14,8,8,3
2025,1658,Putāruru Primary School,Contributing,State: Not integrated,Co-Ed,Waikato Region,Waikato,South Waikato District,Te Tai Whenua,214,108.0,106.0,0.0,71,132,4,4,3,0
2025,1659,Lakeview School,Full Primary,State: Not integrated,Co-Ed,Wellington Region,Wellington,Masterton District,Te Tai Runga,562,297.0,265.0,0.0,184,286,49,26,4,13
2025,166,Tauhara College,Secondary (Year 9-15),State: Not integrated,Co-Ed,Waikato Region,"Bay of Plenty, Waiariki",Taupo District,Te Tai Whenua,680,363.0,,,314,275,20,45,13,4
2025,1660,Masterton Primary School,Contributing,State: Not integrated,Co-Ed,Wellington Region,Wellington,Masterton District,Te Tai Runga,243,123.0,120.0,0.0,113,76,22,30,2,0
2025,1661,Douglas Park School,Contributing,State: Not integrated,Co-Ed,Wellington Region,Wellington,Masterton District,Te Tai Runga,347,178.0,169.0,0.0,172,133,14,19,5,4
2025,1662,Huia Range School,Full Primary,State: Not integrated,Co-Ed,Manawatū-Whanganui Regio,Wellington,Tararua District,Te Tai Runga,232,126.0,106.0,0.0,62,141,18,7,4,0
2025,1663,Stella Maris Primary School,Contributing,State: Integrated,Co-Ed,Auckland Region,Tāmaki Herenga Tāngata,Auckland- Hibiscus and Bays,Te Tai Raro,340,169.0,171.0,0.0,203,26,8,68,29,6
2025,1666,Te Kura o Waikare,Composite (Year 1-15),State: Not integrated,Co-Ed,Northland Region,Tai Tokerau,Far North District,Te Tai Raro,83,42.0,41.0,0.0,0,83,0,0,0,0
2025,1667,He Puna Ruku Mātauranga o Whangaruru,Full Primary,State: Not integrated,Co-Ed,Northland Region,Tai Tokerau,Whangarei District,Te Tai Raro,39,21.0,18.0,0.0,0,39,0,0,0,0
2025,1668,Wairoa Primary School,Contributing,State: Not integrated,Co-Ed,Hawkes Bay Region,"Hawke's Bay, Tairawhiti",Wairoa District,Te Tai Whenua,294,145.0,149.0,0.0,9,276,4,5,0,0
2025,1669,Tiaho Primary School,Contributing,State: Not integrated,Co-Ed,Hawkes Bay Region,"Hawke's Bay, Tairawhiti",Wairoa District,Te Tai Whenua,56,34.0,22.0,0.0,0,54,0,2,0,0
2025,167,Taupo-nui-a-Tia College,Secondary (Year 9-15),State: Not integrated,Co-Ed,Waikato Region,"Bay of Plenty, Waiariki",Taupo District,Te Tai Whenua,1235,630.0,,,636,395,30,129,15,9
2025,1670,Te Ara Whanui Kura Kaupapa Māori o ngā Kōhanga Reo o Te A,Composite (Year 1-15),State: Not integrated,Co-Ed,Wellington Region,Wellington,Lower Hutt City,Te Tai Runga,380,195.0,185.0,0.0,0,379,1,0,0,0
2025,1672,TKKM o Nga Uri A Maui,Composite (Year 1-15),State: Not integrated,Co-Ed,Gisborne Region,"Hawke's Bay, Tairawhiti",Gisborne District,Te Tai Whenua,222,117.0,105.0,0.0,0,221,0,1,0,0
2025,1673,TKKM o Te Waiu o Ngati Porou,Composite (Year 1-15),State: Not integrated,Co-Ed,Gisborne Region,"Hawke's Bay, Tairawhiti",Gisborne District,Te Tai Whenua,141,79.0,62.0,0.0,0,139,0,0,0,2
2025,1674,TKKM o Te Wananga Whare Tapere o Takitimu,Composite (Year 1-15),State: Not integrated,Co-Ed,Hawkes Bay Region,"Hawke's Bay, Tairawhiti",Hastings District,Te Tai Whenua,270,120.0,150.0,0.0,0,269,1,0,0,0
2025,1675,Ruakituri School,Full Primary,State: Not integrated,Co-Ed,Hawkes Bay Region,"Hawke's Bay, Tairawhiti",Wairoa District,Te Tai Whenua,14,4.0,10.0,0.0,8,6,0,0,0,0
2025,1676,Te Mahia School,Full Primary,State: Not integrated,Co-Ed,Hawkes Bay Region,"Hawke's Bay, Tairawhiti",Wairoa District,Te Tai Whenua,68,36.0,32.0,0.0,16,52,0,0,0,0
2025,1677,Mohaka School,Full Primary,State: Not integrated,Co-Ed,Hawkes Bay Region,"Hawke's Bay, Tairawhiti",Wairoa District,Te Tai Whenua,50,23.0,27.0,0.0,1,49,0,0,0,0
2025,1678,Te Kura o Waikaremoana,Full Primary,State: Not integrated,Co-Ed,Hawkes Bay Region,"Hawke's Bay, Tairawhiti",Wairoa District,Te Tai Whenua,24,10.0,14.0,0.0,0,24,0,0,0,0
2025,1679,Rahotu School,Full Primary,State: Not integrated,Co-Ed,Taranaki Region,"Taranaki, Whanganui, Manawatu",South Taranaki District,Te Tai Whenua,140,71.0,69.0,0.0,68,67,0,4,0,1
2025,1680,Aberdeen School,Contributing,State: Not integrated,Co-Ed,Waikato Region,Waikato,Hamilton City,Te Tai Whenua,713,381.0,332.0,0.0,269,261,24,134,25,0
2025,1681,Allandale School,Contributing,State: Not integrated,Co-Ed,Bay of Plenty Region,"Bay of Plenty, Waiariki",Whakatane District,Te Tai Whenua,346,182.0,164.0,0.0,53,252,11,22,8,0
2025,1682,Amisfield School,Full Primary,State: Not integrated,Co-Ed,Waikato Region,Waikato,South Waikato District,Te Tai Whenua,150,76.0,74.0,0.0,84,54,5,6,0,1
2025,1683,Aorangi School (Rotorua),Contributing,State: Not integrated,Co-Ed,Bay of Plenty Region,"Bay of Plenty, Waiariki",Rotorua District,Te Tai Whenua,120,59.0,61.0,0.0,4,105,10,0,1,0
2025,1684,Apanui School,Contributing,State: Not integrated,Co-Ed,Bay of Plenty Region,"Bay of Plenty, Waiariki",Whakatane District,Te Tai Whenua,418,210.0,208.0,0.0,229,128,1,49,11,0
2025,1686,Arataki School,Contributing,State: Not integrated,Co-Ed,Bay of Plenty Region,"Bay of Plenty, Waiariki",Tauranga City,Te Tai Whenua,512,282.0,230.0,0.0,209,223,17,34,16,13
2025,1687,Āria School,Contributing,State: Not integrated,Co-Ed,Waikato Region,Waikato,Waitomo District,Te Tai Whenua,50,24.0,26.0,0.0,24,24,0,0,2,0
2025,1688,Arohena School,Full Primary,State: Not integrated,Co-Ed,Waikato Region,Waikato,Ōtorohanga District,Te Tai Whenua,27,15.0,12.0,0.0,19,4,0,4,0,0
2025,1689,Ashbrook School,Full Primary,State: Not integrated,Co-Ed,Bay of Plenty Region,"Bay of Plenty, Waiariki",Ōpōtiki District,Te Tai Whenua,70,37.0,33.0,0.0,3,66,0,1,0,0
2025,169,Taumarunui High School,Secondary (Year 9-15),State: Not integrated,Co-Ed,Manawatū-Whanganui Regio,Waikato,Ruapehu District,Te Tai Whenua,299,168.0,131.0,0.0,69,215,2,12,1,0
2025,1691,Awakeri School,Full Primary,State: Not integrated,Co-Ed,Bay of Plenty Region,"Bay of Plenty, Waiariki",Whakatane District,Te Tai Whenua,320,153.0,167.0,0.0,192,92,5,20,9,2
2025,1693,Bankwood School,Contributing,State: Not integrated,Co-Ed,Waikato Region,Waikato,Hamilton City,Te Tai Whenua,343,171.0,172.0,0.0,47,214,27,21,33,1
2025,1694,Bellevue School (Tauranga),Contributing,State: Not integrated,Co-Ed,Bay of Plenty Region,"Bay of Plenty, Waiariki",Tauranga City,Te Tai Whenua,307,167.0,140.0,0.0,165,69,16,41,5,3
2025,1695,Berkley Normal Middle School,Restricted Composite (Year 7-10),State: Not integrated,Co-Ed,Waikato Region,Waikato,Hamilton City,Te Tai Whenua,800,411.0,389.0,0.0,346,159,29,209,44,6
2025,1696,TKKM o Bernard Fergusson,Full Primary,State: Not integrated,Co-Ed,Waikato Region,Waikato,Waikato District,Te Tai Whenua,179,97.0,82.0,0.0,0,179,0,0,0,0
2025,1697,Bethlehem School,Contributing,State: Not integrated,Co-Ed,Bay of Plenty Region,"Bay of Plenty, Waiariki",Tauranga City,Te Tai Whenua,413,221.0,192.0,0.0,191,129,17,58,7,10
2025,1698,Broadlands School,Contributing,State: Not integrated,Co-Ed,Waikato Region,"Bay of Plenty, Waiariki",Rotorua District,Te Tai Whenua,120,66.0,54.0,0.0,63,45,3,2,4,3
2025,1699,Te Kura o Manunui,Contributing,State: Not integrated,Co-Ed,Bay of Plenty Region,"Bay of Plenty, Waiariki",Tauranga City,Te Tai Whenua,322,170.0,152.0,0.0,43,216,15,33,15,0
2025,17,Pompallier Catholic College,Secondary (Year 7-15),State: Integrated,Co-Ed,Northland Region,Tai Tokerau,Whangarei District,Te Tai Raro,649,,335.0,,331,125,30,133,12,12
2025,170,Waitara High School,Secondary (Year 9-15),State: Not integrated,Co-Ed,Taranaki Region,"Taranaki, Whanganui, Manawatu",New Plymouth District,Te Tai Whenua,435,214.0,221.0,0.0,165,258,7,2,0,3
2025,1700,Cambridge East School,Contributing,State: Not integrated,Co-Ed,Waikato Region,Waikato,Waipa District,Te Tai Whenua,363,198.0,165.0,0.0,228,57,5,53,17,3
2025,1701,Cambridge Middle School,Restricted Composite (Year 7-10),State: Not integrated,Co-Ed,Waikato Region,Waikato,Waipa District,Te Tai Whenua,662,335.0,327.0,0.0,445,123,14,67,7,6
2025,1702,Cambridge School,Contributing,State: Not integrated,Co-Ed,Waikato Region,Waikato,Waipa District,Te Tai Whenua,377,178.0,199.0,0.0,272,31,4,54,5,11
2025,1704,Cargill Open Plan School,Contributing,State: Not integrated,Co-Ed,Waikato Region,Waikato,South Waikato District,Te Tai Whenua,34,20.0,14.0,0.0,6,25,2,1,0,0
2025,1705,Centennial Park School,Full Primary,State: Not integrated,Co-Ed,Waikato Region,Waikato,Waitomo District,Te Tai Whenua,72,40.0,32.0,0.0,0,72,0,0,0,0
2025,1706,Colville School,Full Primary,State: Not integrated,Co-Ed,Waikato Region,Waikato,Thames-Coromandel District,Te Tai Whenua,35,17.0,18.0,0.0,25,7,3,0,0,0
2025,1707,Coroglen School,Full Primary,State: Not integrated,Co-Ed,Waikato Region,Waikato,Thames-Coromandel District,Te Tai Whenua,18,5.0,13.0,0.0,8,10,0,0,0,0
2025,1708,David Henry School,Contributing,State: Not integrated,Co-Ed,Waikato Region,Waikato,South Waikato District,Te Tai Whenua,150,79.0,71.0,0.0,8,85,53,2,0,2
2025,1709,David Street School,Contributing,State: Not integrated,Co-Ed,Waikato Region,Waikato,Matamata-Piako District,Te Tai Whenua,485,262.0,223.0,0.0,304,117,8,49,7,0
2025,171,New Plymouth Boys' High School,Secondary (Year 9-15),State: Not integrated,Single Sex-Boys,Taranaki Region,"Taranaki, Whanganui, Manawatu",New Plymouth District,Te Tai Whenua,1522,1522.0,0.0,0.0,888,376,47,128,39,17
2025,1710,Deanwell School,Contributing,State: Not integrated,Co-Ed,Waikato Region,Waikato,Hamilton City,Te Tai Whenua,341,179.0,162.0,0.0,79,161,31,59,11,0
2025,1711,Edgecumbe School,Full Primary,State: Not integrated,Co-Ed,Bay of Plenty Region,"Bay of Plenty, Waiariki",Whakatane District,Te Tai Whenua,191,96.0,95.0,0.0,63,109,3,16,0,0
2025,1713,Elstow-Waihou Combined School,Full Primary,State: Not integrated,Co-Ed,Waikato Region,Waikato,Matamata-Piako District,Te Tai Whenua,169,87.0,82.0,0.0,119,31,3,16,0,0
2025,1715,Fairfield Intermediate,Intermediate,State: Not integrated,Co-Ed,Waikato Region,Waikato,Hamilton City,Te Tai Whenua,917,471.0,446.0,0.0,337,293,85,124,74,1
2025,1716,Fairfield Primary School,Contributing,State: Not integrated,Co-Ed,Waikato Region,Waikato,Hamilton City,Te Tai Whenua,350,185.0,165.0,0.0,19,211,70,33,16,1
2025,1717,Fairhaven School,Contributing,State: Not integrated,Co-Ed,Bay of Plenty Region,"Bay of Plenty, Waiariki",Western Bay of Plenty District,Te Tai Whenua,500,259.0,241.0,0.0,136,190,7,153,5,9
2025,1718,Te Wharekura o Kirikiriroa,Composite (Year 1-15),State: Not integrated,Co-Ed,Waikato Region,Waikato,Hamilton City,Te Tai Whenua,310,143.0,167.0,0.0,0,309,0,1,0,0
2025,1719,Firth School,Contributing,State: Not integrated,Co-Ed,Waikato Region,Waikato,Matamata-Piako District,Te Tai Whenua,236,127.0,109.0,0.0,111,90,15,16,1,3
2025,172,New Plymouth Girls' High School,Secondary (Year 9-15),State: Not integrated,Single Sex-Girls,Taranaki Region,"Taranaki, Whanganui, Manawatu",New Plymouth District,Te Tai Whenua,1314,1.0,1313.0,0.0,782,302,51,131,24,13
2025,1720,Forest Lake School,Contributing,State: Not integrated,Co-Ed,Waikato Region,Waikato,Hamilton City,Te Tai Whenua,343,162.0,181.0,0.0,57,200,17,43,25,1
2025,1721,Frankton School,Contributing,State: Not integrated,Co-Ed,Waikato Region,Waikato,Hamilton City,Te Tai Whenua,731,381.0,350.0,0.0,142,368,74,115,32,0
2025,1722,Galatea School,Full Primary,State: Not integrated,Co-Ed,Bay of Plenty Region,"Bay of Plenty, Waiariki",Whakatane District,Te Tai Whenua,127,68.0,59.0,0.0,45,68,2,9,1,2
2025,1723,Glen Massey School,Full Primary,State: Not integrated,Co-Ed,Waikato Region,Waikato,Waikato District,Te Tai Whenua,120,70.0,50.0,0.0,74,39,1,4,1,1
2025,1724,Glenholme School,Contributing,State: Not integrated,Co-Ed,Bay of Plenty Region,"Bay of Plenty, Waiariki",Rotorua District,Te Tai Whenua,345,173.0,172.0,0.0,72,157,27,83,6,0
2025,1725,Glenview School (Hamilton),Contributing,State: Not integrated,Co-Ed,Waikato Region,Waikato,Hamilton City,Te Tai Whenua,425,213.0,212.0,0.0,129,165,32,84,11,4
2025,1726,Goldfields School (Paeroa),Specialist School,State: Not integrated,Co-Ed,Waikato Region,Waikato,Hauraki District,Te Tai Whenua,93,68.0,25.0,0.0,40,41,3,7,1,1
2025,1727,Goodwood School,Contributing,State: Not integrated,Co-Ed,Waikato Region,Waikato,Waipa District,Te Tai Whenua,402,197.0,205.0,0.0,328,28,3,20,20,3
2025,1728,Gordonton School,Full Primary,State: Not integrated,Co-Ed,Waikato Region,Waikato,Waikato District,Te Tai Whenua,233,125.0,108.0,0.0,165,26,3,27,6,2
2025,1729,Greenpark School (Tauranga),Contributing,State: Not integrated,Co-Ed,Bay of Plenty Region,"Bay of Plenty, Waiariki",Tauranga City,Te Tai Whenua,664,345.0,319.0,0.0,298,142,24,174,6,3
2025,173,Spotswood College,Secondary (Year 9-15),State: Not integrated,Co-Ed,Taranaki Region,"Taranaki, Whanganui, Manawatu",New Plymouth District,Te Tai Whenua,939,477.0,450.0,12.0,489,357,18,38,11,12
2025,1730,Greerton Village School - Te Kura o Maarawaewae,Contributing,State: Not integrated,Co-Ed,Bay of Plenty Region,"Bay of Plenty, Waiariki",Tauranga City,Te Tai Whenua,384,185.0,199.0,0.0,106,178,42,52,5,1
2025,1731,Hamilton East School,Contributing,State: Not integrated,Co-Ed,Waikato Region,Waikato,Hamilton City,Te Tai Whenua,535,283.0,252.0,0.0,154,163,33,116,65,4
2025,1732,Hamilton North School,Specialist School,State: Not integrated,Co-Ed,Waikato Region,Waikato,Hamilton City,Te Tai Whenua,160,119.0,41.0,0.0,33,87,10,26,4,0
2025,1733,Hamilton West School,Full Primary,State: Not integrated,Co-Ed,Waikato Region,Waikato,Hamilton City,Te Tai Whenua,703,341.0,362.0,0.0,143,137,45,344,28,6
2025,1735,Hautapu School,Full Primary,State: Not integrated,Co-Ed,Waikato Region,Waikato,Waipa District,Te Tai Whenua,182,86.0,96.0,0.0,147,21,3,4,7,0
2025,1736,Hauturu School,Full Primary,State: Not integrated,Co-Ed,Waikato Region,Waikato,Ōtorohanga District,Te Tai Whenua,30,16.0,14.0,0.0,3,27,0,0,0,0
2025,1737,Hikuai School,Full Primary,State: Not integrated,Co-Ed,Waikato Region,Waikato,Thames-Coromandel District,Te Tai Whenua,51,23.0,28.0,0.0,33,11,0,7,0,0
2025,1738,Hikutaia School,Full Primary,State: Not integrated,Co-Ed,Waikato Region,Waikato,Thames-Coromandel District,Te Tai Whenua,122,57.0,65.0,0.0,47,61,10,4,0,0
2025,1739,Hillcrest Normal School,Contributing,State: Not integrated,Co-Ed,Waikato Region,Waikato,Hamilton City,Te Tai Whenua,622,301.0,321.0,0.0,205,77,22,247,63,4
2025,174,Sacred Heart Girls' College (N Plymouth),Secondary (Year 7-15),State: Integrated,Single Sex-Girls,Taranaki Region,"Taranaki, Whanganui, Manawatu",New Plymouth District,Te Tai Whenua,741,0.0,741.0,0.0,506,128,17,64,24,0
2025,1740,Hilltop School,Full Primary,State: Not integrated,Co-Ed,Waikato Region,"Bay of Plenty, Waiariki",Taupo District,Te Tai Whenua,574,303.0,271.0,0.0,347,131,14,49,29,4
2025,1741,Hinuera School,Contributing,State: Not integrated,Co-Ed,Waikato Region,Waikato,Matamata-Piako District,Te Tai Whenua,142,81.0,61.0,0.0,107,23,0,5,6,1
2025,1744,Horahora School (Cambridge),Full Primary,State: Not integrated,Co-Ed,Waikato Region,Waikato,Waipa District,Te Tai Whenua,44,28.0,16.0,0.0,26,9,1,4,4,0
2025,1745,Horohoro School,Full Primary,State: Not integrated,Co-Ed,Waikato Region,"Bay of Plenty, Waiariki",Rotorua District,Te Tai Whenua,42,21.0,21.0,0.0,4,38,0,0,0,0
2025,1746,Horotiu School,Full Primary,State: Not integrated,Co-Ed,Waikato Region,Waikato,Waikato District,Te Tai Whenua,202,114.0,88.0,0.0,81,95,10,9,4,3
2025,1747,Horsham Downs School,Full Primary,State: Not integrated,Co-Ed,Waikato Region,Waikato,Waikato District,Te Tai Whenua,389,210.0,179.0,0.0,159,55,4,149,20,2
2025,1748,TKKM o Huiarau,Composite (Year 1-15),State: Not integrated,Co-Ed,Bay of Plenty Region,"Bay of Plenty, Waiariki",Whakatane District,Te Tai Whenua,71,39.0,32.0,0.0,0,71,0,0,0,0
2025,1749,Hukanui School,Contributing,State: Not integrated,Co-Ed,Waikato Region,Waikato,Hamilton City,Te Tai Whenua,827,430.0,397.0,0.0,281,131,24,329,53,3
2025,175,Francis Douglas Memorial College,Secondary (Year 7-15),State: Integrated,Single Sex-Boys,Taranaki Region,"Taranaki, Whanganui, Manawatu",New Plymouth District,Te Tai Whenua,758,758.0,0.0,0.0,493,153,14,78,10,10
2025,1750,St Patrick's Catholic School (Taupo),Full Primary,State: Integrated,Co-Ed,Waikato Region,"Bay of Plenty, Waiariki",Taupo District,Te Tai Whenua,246,117.0,129.0,0.0,125,35,12,65,6,3
2025,1751,Huntly School (Waikato),Full Primary,State: Not integrated,Co-Ed,Waikato Region,Waikato,Waikato District,Te Tai Whenua,185,101.0,84.0,0.0,19,140,15,7,4,0
2025,1752,Huntly West School,Full Primary,State: Not integrated,Co-Ed,Waikato Region,Waikato,Waikato District,Te Tai Whenua,120,63.0,57.0,0.0,6,106,4,2,1,1
2025,1753,Insoll Avenue School,Contributing,State: Not integrated,Co-Ed,Waikato Region,Waikato,Hamilton City,Te Tai Whenua,324,171.0,153.0,0.0,12,213,52,38,9,0
2025,1754,Rangitaiki School,Full Primary,State: Not integrated,Co-Ed,Bay of Plenty Region,"Bay of Plenty, Waiariki",Taupo District,Te Tai Whenua,15,7.0,8.0,0.0,4,8,0,2,0,1
2025,1755,James Street School,Contributing,State: Not integrated,Co-Ed,Bay of Plenty Region,"Bay of Plenty, Waiariki",Whakatane District,Te Tai Whenua,249,132.0,117.0,0.0,60,166,2,20,1,0
2025,1756,Kaharoa School,Full Primary,State: Not integrated,Co-Ed,Bay of Plenty Region,"Bay of Plenty, Waiariki",Rotorua District,Te Tai Whenua,183,105.0,78.0,0.0,123,51,2,4,2,1
2025,1757,Kaihere School,Full Primary,State: Not integrated,Co-Ed,Waikato Region,Waikato,Hauraki District,Te Tai Whenua,32,15.0,17.0,0.0,19,3,0,8,2,0
2025,1758,Kaimai School,Full Primary,State: Not integrated,Co-Ed,Bay of Plenty Region,"Bay of Plenty, Waiariki",Western Bay of Plenty District,Te Tai Whenua,64,32.0,32.0,0.0,36,22,2,1,2,1
2025,1759,Kaingaroa Forest School,Full Primary,State: Not integrated,Co-Ed,Bay of Plenty Region,"Bay of Plenty, Waiariki",Rotorua District,Te Tai Whenua,26,13.0,13.0,0.0,0,26,0,0,0,0
2025,176,Ohura Valley Primary,Full Primary,State: Not integrated,Co-Ed,Manawatū-Whanganui Regio,Waikato,Ruapehu District,Te Tai Whenua,8,5.0,3.0,0.0,3,5,0,0,0,0
2025,1760,Kaipaki School,Full Primary,State: Not integrated,Co-Ed,Waikato Region,Waikato,Waipa District,Te Tai Whenua,130,79.0,51.0,0.0,96,14,4,8,8,0
2025,1761,Kaitao Intermediate,Intermediate,State: Not integrated,Co-Ed,Bay of Plenty Region,"Bay of Plenty, Waiariki",Rotorua District,Te Tai Whenua,267,143.0,124.0,0.0,42,198,13,13,1,0
2025,1762,Tauranga Special School,Specialist School,State: Not integrated,Co-Ed,Bay of Plenty Region,"Bay of Plenty, Waiariki",Tauranga City,Te Tai Whenua,122,84.0,38.0,0.0,43,50,9,17,3,0
2025,1763,Karangahake School,Full Primary,State: Not integrated,Co-Ed,Waikato Region,Waikato,Hauraki District,Te Tai Whenua,61,22.0,39.0,0.0,37,19,3,2,0,0
2025,1764,Karapiro School,Contributing,State: Not integrated,Co-Ed,Waikato Region,Waikato,Waipa District,Te Tai Whenua,36,17.0,19.0,0.0,24,8,1,0,3,0
2025,1765,Katikati Primary School,Contributing,State: Not integrated,Co-Ed,Bay of Plenty Region,"Bay of Plenty, Waiariki",Western Bay of Plenty District,Te Tai Whenua,482,248.0,234.0,0.0,219,120,44,94,5,0
2025,1766,Kawaha Point School,Contributing,State: Not integrated,Co-Ed,Bay of Plenty Region,"Bay of Plenty, Waiariki",Rotorua District,Te Tai Whenua,222,123.0,99.0,0.0,51,133,17,16,5,0
2025,177,Inglewood High School,Secondary (Year 9-15),State: Not integrated,Co-Ed,Taranaki Region,"Taranaki, Whanganui, Manawatu",New Plymouth District,Te Tai Whenua,559,262.0,292.0,5.0,390,138,5,13,2,9
2025,1770,Kawerau South School,Contributing,State: Not integrated,Co-Ed,Bay of Plenty Region,"Bay of Plenty, Waiariki",Kawerau District,Te Tai Whenua,357,191.0,166.0,0.0,21,320,8,8,0,0
2025,1771,Kawhia School,Full Primary,State: Not integrated,Co-Ed,Waikato Region,Waikato,Ōtorohanga District,Te Tai Whenua,54,28.0,26.0,0.0,1,53,0,0,0,0
2025,1772,Rotorua Specialist School - Te Kura Pūkenga o Rotorua,Specialist School,State: Not integrated,Co-Ed,Bay of Plenty Region,"Bay of Plenty, Waiariki",Rotorua District,Te Tai Whenua,102,79.0,23.0,0.0,22,64,6,9,1,0
2025,1773,TKKM o Harataunga,Full Primary,State: Not integrated,Co-Ed,Waikato Region,Waikato,Thames-Coromandel District,Te Tai Whenua,16,10.0,6.0,0.0,1,15,0,0,0,0
2025,1775,Kerepehi School,Full Primary,State: Not integrated,Co-Ed,Waikato Region,Waikato,Hauraki District,Te Tai Whenua,67,35.0,32.0,0.0,15,44,5,3,0,0
2025,1776,Kihikihi School,Full Primary,State: Not integrated,Co-Ed,Waikato Region,Waikato,Waipa District,Te Tai Whenua,195,99.0,96.0,0.0,35,143,8,3,6,0
2025,1777,Kimihia School,Full Primary,State: Not integrated,Co-Ed,Waikato Region,Waikato,Waikato District,Te Tai Whenua,351,178.0,173.0,0.0,51,216,49,30,5,0
2025,1778,Kinohaku School,Full Primary,State: Not integrated,Co-Ed,Waikato Region,Waikato,Waitomo District,Te Tai Whenua,10,6.0,4.0,0.0,4,6,0,0,0,0
2025,1779,Kio Kio School,Full Primary,State: Not integrated,Co-Ed,Waikato Region,Waikato,Ōtorohanga District,Te Tai Whenua,141,77.0,64.0,0.0,85,37,2,11,4,2
2025,1780,Kiwitahi School,Contributing,State: Not integrated,Co-Ed,Waikato Region,Waikato,Matamata-Piako District,Te Tai Whenua,88,47.0,41.0,0.0,74,8,0,4,2,0
2025,1781,Knighton Normal School,Contributing,State: Not integrated,Co-Ed,Waikato Region,Waikato,Hamilton City,Te Tai Whenua,677,357.0,320.0,0.0,76,257,55,229,55,5
2025,1782,Kopuarahi School,Full Primary,State: Not integrated,Co-Ed,Waikato Region,Waikato,Hauraki District,Te Tai Whenua,9,5.0,4.0,0.0,5,4,0,0,0,0
2025,1783,Korakonui School,Full Primary,State: Not integrated,Co-Ed,Waikato Region,Waikato,Ōtorohanga District,Te Tai Whenua,144,76.0,68.0,0.0,89,29,0,19,7,0
2025,1784,Koromatua School,Full Primary,State: Not integrated,Co-Ed,Waikato Region,Waikato,Waipa District,Te Tai Whenua,215,120.0,95.0,0.0,10,193,8,4,0,0
2025,1785,Kuratau School,Full Primary,State: Not integrated,Co-Ed,Waikato Region,"Bay of Plenty, Waiariki",Taupo District,Te Tai Whenua,91,43.0,48.0,0.0,44,41,2,4,0,0
2025,1786,Kutarere School,Full Primary,State: Not integrated,Co-Ed,Bay of Plenty Region,"Bay of Plenty, Waiariki",Ōpōtiki District,Te Tai Whenua,28,13.0,15.0,0.0,0,28,0,0,0,0
2025,1787,Lake Rerewhakaaitu School,Full Primary,State: Not integrated,Co-Ed,Bay of Plenty Region,"Bay of Plenty, Waiariki",Rotorua District,Te Tai Whenua,57,32.0,25.0,0.0,31,25,0,1,0,0
2025,1788,Lake Rotoma School,Full Primary,State: Not integrated,Co-Ed,Bay of Plenty Region,"Bay of Plenty, Waiariki",Rotorua District,Te Tai Whenua,24,12.0,12.0,0.0,5,16,0,1,1,1
2025,1789,Leamington School,Contributing,State: Not integrated,Co-Ed,Waikato Region,Waikato,Waipa District,Te Tai Whenua,505,252.0,253.0,0.0,267,142,19,59,14,4
2025,179,Stratford High School,Secondary (Year 9-15),State: Not integrated,Co-Ed,Taranaki Region,"Taranaki, Whanganui, Manawatu",Stratford District,Te Tai Whenua,630,325.0,,,408,187,8,23,0,4
2025,1790,Lichfield School,Contributing,State: Not integrated,Co-Ed,Waikato Region,Waikato,South Waikato District,Te Tai Whenua,87,47.0,40.0,0.0,57,23,2,4,1,0
2025,1791,Lynmore Primary School,Contributing,State: Not integrated,Co-Ed,Bay of Plenty Region,"Bay of Plenty, Waiariki",Rotorua District,Te Tai Whenua,639,345.0,294.0,0.0,280,152,16,138,39,12
2025,1792,Maeroa Intermediate,Intermediate,State: Not integrated,Co-Ed,Waikato Region,Waikato,Hamilton City,Te Tai Whenua,698,352.0,346.0,0.0,212,357,43,69,16,1
2025,1793,Maihiihi School,Full Primary,State: Not integrated,Co-Ed,Waikato Region,Waikato,Ōtorohanga District,Te Tai Whenua,57,35.0,22.0,0.0,30,22,0,5,0,0
2025,1794,Maketu School,Contributing,State: Not integrated,Co-Ed,Bay of Plenty Region,"Bay of Plenty, Waiariki",Western Bay of Plenty District,Te Tai Whenua,45,19.0,26.0,0.0,0,42,3,0,0,0
2025,1796,Malfroy School,Contributing,State: Not integrated,Co-Ed,Bay of Plenty Region,"Bay of Plenty, Waiariki",Rotorua District,Te Tai Whenua,294,159.0,135.0,0.0,41,178,55,18,2,0
2025,1797,Mamaku School,Full Primary,State: Not integrated,Co-Ed,Bay of Plenty Region,"Bay of Plenty, Waiariki",Rotorua District,Te Tai Whenua,98,51.0,47.0,0.0,46,44,1,7,0,0
2025,1798,Te Wharekura o Manaia,Composite (Year 1-15),State: Not integrated,Co-Ed,Waikato Region,Waikato,Thames-Coromandel District,Te Tai Whenua,163,76.0,87.0,0.0,0,163,0,0,0,0
2025,18,Mangakahia Area School,Composite (Year 1-15),State: Not integrated,Co-Ed,Northland Region,Tai Tokerau,Whangarei District,Te Tai Raro,78,37.0,41.0,0.0,4,74,0,0,0,0
2025,180,Taranaki Diocesan School for Girls,Secondary (Year 9-15),State: Integrated,Single Sex-Girls,Taranaki Region,"Taranaki, Whanganui, Manawatu",Stratford District,Te Tai Whenua,123,0.0,123.0,0.0,98,19,3,2,1,0
2025,1800,Manawaru School,Full Primary,State: Not integrated,Co-Ed,Waikato Region,Waikato,Matamata-Piako District,Te Tai Whenua,87,45.0,42.0,0.0,53,14,0,20,0,0
2025,1806,Te Kura Mana Māori o Maraenui,Full Primary,State: Not integrated,Co-Ed,Bay of Plenty Region,"Bay of Plenty, Waiariki",Ōpōtiki District,Te Tai Whenua,32,17.0,15.0,0.0,0,32,0,0,0,0
2025,1808,Marotiri School,Full Primary,State: Not integrated,Co-Ed,Waikato Region,"Bay of Plenty, Waiariki",Taupo District,Te Tai Whenua,157,78.0,79.0,0.0,114,32,3,7,1,0
2025,1809,Te Kura Mana Maori o Matahi,Full Primary,State: Not integrated,Co-Ed,Bay of Plenty Region,"Bay of Plenty, Waiariki",Whakatane District,Te Tai Whenua,12,3.0,9.0,0.0,0,12,0,0,0,0
2025,181,Opunake High School,Secondary (Year 9-15),State: Not integrated,Co-Ed,Taranaki Region,"Taranaki, Whanganui, Manawatu",South Taranaki District,Te Tai Whenua,307,164.0,,,141,143,4,17,1,1
2025,1811,Te Kura o Te Moutere O Matakana,Composite (Year 1-15),State: Not integrated,Co-Ed,Bay of Plenty Region,"Bay of Plenty, Waiariki",Western Bay of Plenty District,Te Tai Whenua,23,12.0,11.0,0.0,0,23,0,0,0,0
2025,1812,Matamata Intermediate,Intermediate,State: Not integrated,Co-Ed,Waikato Region,Waikato,Matamata-Piako District,Te Tai Whenua,405,205.0,200.0,0.0,221,126,14,34,3,7
2025,1813,Matamata Primary School,Contributing,State: Not integrated,Co-Ed,Waikato Region,Waikato,Matamata-Piako District,Te Tai Whenua,479,244.0,235.0,0.0,295,106,12,55,11,0
2025,1814,Matangi School,Contributing,State: Not integrated,Co-Ed,Waikato Region,Waikato,Waikato District,Te Tai Whenua,194,103.0,91.0,0.0,146,26,5,13,4,0
2025,1815,Te Kura o Matapihi,Full Primary,State: Not integrated,Co-Ed,Bay of Plenty Region,"Bay of Plenty, Waiariki",Tauranga City,Te Tai Whenua,184,104.0,80.0,0.0,0,184,0,0,0,0
2025,1818,Matata School,Full Primary,State: Not integrated,Co-Ed,Bay of Plenty Region,"Bay of Plenty, Waiariki",Whakatane District,Te Tai Whenua,96,56.0,40.0,0.0,26,65,0,3,2,0
2025,1819,Matatoki School,Full Primary,State: Not integrated,Co-Ed,Waikato Region,Waikato,Thames-Coromandel District,Te Tai Whenua,82,38.0,44.0,0.0,62,19,0,0,0,1
2025,1820,Matua School,Contributing,State: Not integrated,Co-Ed,Bay of Plenty Region,"Bay of Plenty, Waiariki",Tauranga City,Te Tai Whenua,514,270.0,244.0,0.0,362,68,9,41,18,0
2025,1821,Maungatapu School,Contributing,State: Not integrated,Co-Ed,Bay of Plenty Region,"Bay of Plenty, Waiariki",Tauranga City,Te Tai Whenua,599,322.0,277.0,0.0,210,310,12,50,14,3
2025,1824,Melville Primary School,Contributing,State: Not integrated,Co-Ed,Waikato Region,Waikato,Hamilton City,Te Tai Whenua,240,123.0,117.0,0.0,12,172,26,19,11,0
2025,1825,Merivale School,Contributing,State: Not integrated,Co-Ed,Bay of Plenty Region,"Bay of Plenty, Waiariki",Tauranga City,Te Tai Whenua,172,92.0,80.0,0.0,15,132,20,5,0,0
2025,1826,Mihi School,Contributing,State: Not integrated,Co-Ed,Waikato Region,"Bay of Plenty, Waiariki",Rotorua District,Te Tai Whenua,15,5.0,10.0,0.0,1,10,0,4,0,0
2025,1827,Miller Avenue School,Full Primary,State: Not integrated,Co-Ed,Waikato Region,Waikato,Hauraki District,Te Tai Whenua,88,43.0,45.0,0.0,20,54,4,10,0,0
2025,1829,Moanataiari School,Full Primary,State: Not integrated,Co-Ed,Waikato Region,Waikato,Thames-Coromandel District,Te Tai Whenua,142,68.0,74.0,0.0,51,48,5,31,7,0
2025,183,Ruapehu College,Secondary (Year 9-15),State: Not integrated,Co-Ed,Manawatū-Whanganui Regio,"Taranaki, Whanganui, Manawatu",Ruapehu District,Te Tai Whenua,235,117.0,118.0,0.0,68,149,6,6,2,4
2025,1832,Mokoia Intermediate,Intermediate,State: Not integrated,Co-Ed,Bay of Plenty Region,"Bay of Plenty, Waiariki",Rotorua District,Te Tai Whenua,318,167.0,151.0,0.0,125,144,9,24,13,2
2025,1833,Morrinsville Intermediate,Intermediate,State: Not integrated,Co-Ed,Waikato Region,Waikato,Matamata-Piako District,Te Tai Whenua,375,198.0,177.0,0.0,233,81,8,38,11,4
2025,1834,Morrinsville School,Contributing,State: Not integrated,Co-Ed,Waikato Region,Waikato,Matamata-Piako District,Te Tai Whenua,230,109.0,121.0,0.0,65,105,9,45,6,0
2025,1835,Motumaoho School,Contributing,State: Not integrated,Co-Ed,Waikato Region,Waikato,Matamata-Piako District,Te Tai Whenua,25,11.0,14.0,0.0,7,14,2,0,2,0
2025,1836,Mountview School,Full Primary,State: Not integrated,Co-Ed,Waikato Region,"Bay of Plenty, Waiariki",Taupo District,Te Tai Whenua,362,190.0,172.0,0.0,66,244,23,24,3,2
2025,1837,Mt Maunganui Intermediate,Intermediate,State: Not integrated,Co-Ed,Bay of Plenty Region,"Bay of Plenty, Waiariki",Tauranga City,Te Tai Whenua,708,369.0,339.0,0.0,411,202,25,31,16,7
2025,1838,Mount Maunganui Primary School,Contributing,State: Not integrated,Co-Ed,Bay of Plenty Region,"Bay of Plenty, Waiariki",Tauranga City,Te Tai Whenua,431,220.0,211.0,0.0,247,99,10,25,28,2
2025,1841,Nawton School,Contributing,State: Not integrated,Co-Ed,Waikato Region,Waikato,Hamilton City,Te Tai Whenua,509,261.0,248.0,0.0,30,396,35,34,6,8
2025,1842,Netherton School,Full Primary,State: Not integrated,Co-Ed,Waikato Region,Waikato,Hauraki District,Te Tai Whenua,140,72.0,68.0,0.0,105,26,1,5,3,0
2025,1843,Newstead Model School,Contributing,State: Not integrated,Co-Ed,Waikato Region,Waikato,Waikato District,Te Tai Whenua,148,83.0,65.0,0.0,104,27,0,14,3,0
2025,1844,Ngahinapouri School,Full Primary,State: Not integrated,Co-Ed,Waikato Region,Waikato,Waipa District,Te Tai Whenua,184,97.0,87.0,0.0,131,31,1,15,4,2
2025,1845,Ngakonui Valley School,Full Primary,State: Not integrated,Co-Ed,Manawatū-Whanganui Regio,Waikato,Ruapehu District,Te Tai Whenua,52,25.0,27.0,0.0,22,29,1,0,0,0
2025,1846,Ngakuru School,Full Primary,State: Not integrated,Co-Ed,Waikato Region,"Bay of Plenty, Waiariki",Rotorua District,Te Tai Whenua,67,40.0,27.0,0.0,40,21,0,5,1,0
2025,1847,Te Kura o Ngāpuke,Full Primary,State: Not integrated,Co-Ed,Manawatū-Whanganui Regio,Waikato,Ruapehu District,Te Tai Whenua,23,14.0,9.0,0.0,0,23,0,0,0,0
2025,1849,Ngaruawahia School,Full Primary,State: Not integrated,Co-Ed,Waikato Region,Waikato,Waikato District,Te Tai Whenua,152,77.0,75.0,0.0,6,131,8,5,0,2
2025,185,Patea Area School,Composite (Year 1-15),State: Not integrated,Co-Ed,Taranaki Region,"Taranaki, Whanganui, Manawatu",South Taranaki District,Te Tai Whenua,187,98.0,89.0,0.0,33,137,5,8,0,4
2025,1850,Ngatea School,Full Primary,State: Not integrated,Co-Ed,Waikato Region,Waikato,Hauraki District,Te Tai Whenua,293,154.0,139.0,0.0,180,68,9,26,10,0
2025,1851,Te Kura o Ngaati Hauaa,Full Primary,State: Not integrated,Co-Ed,Waikato Region,Waikato,Waikato District,Te Tai Whenua,110,54.0,56.0,0.0,1,109,0,0,0,0
2025,1852,Ngongotaha School,Contributing,State: Not integrated,Co-Ed,Bay of Plenty Region,"Bay of Plenty, Waiariki",Rotorua District,Te Tai Whenua,380,201.0,179.0,0.0,126,225,10,18,1,0
2025,1853,Ngutunui School,Full Primary,State: Not integrated,Co-Ed,Waikato Region,Waikato,Ōtorohanga District,Te Tai Whenua,43,23.0,20.0,0.0,19,19,3,2,0,0
2025,1854,Nukuhou North School,Full Primary,State: Not integrated,Co-Ed,Bay of Plenty Region,"Bay of Plenty, Waiariki",Whakatane District,Te Tai Whenua,64,28.0,36.0,0.0,5,59,0,0,0,0
2025,1855,Ohaupo School,Full Primary,State: Not integrated,Co-Ed,Waikato Region,Waikato,Waipa District,Te Tai Whenua,213,104.0,109.0,0.0,162,31,2,13,5,0
2025,1856,Ohinewai School,Full Primary,State: Not integrated,Co-Ed,Waikato Region,Waikato,Waikato District,Te Tai Whenua,119,56.0,63.0,0.0,61,52,1,2,3,0
2025,1857,Ōhope Beach School,Contributing,State: Not integrated,Co-Ed,Bay of Plenty Region,"Bay of Plenty, Waiariki",Whakatane District,Te Tai Whenua,228,134.0,94.0,0.0,125,74,3,15,10,1
2025,1858,Kuranui Primary School,Contributing,State: Not integrated,Co-Ed,Waikato Region,Waikato,South Waikato District,Te Tai Whenua,56,28.0,28.0,0.0,35,19,0,2,0,0
2025,1860,Omanu School,Contributing,State: Not integrated,Co-Ed,Bay of Plenty Region,"Bay of Plenty, Waiariki",Tauranga City,Te Tai Whenua,524,272.0,252.0,0.0,356,112,8,16,24,8
2025,1861,Te Kura o Ōmarumutu,Full Primary,State: Not integrated,Co-Ed,Bay of Plenty Region,"Bay of Plenty, Waiariki",Ōpōtiki District,Te Tai Whenua,76,43.0,33.0,0.0,0,76,0,0,0,0
2025,1862,Ōmokoroa Point School,Full Primary,State: Not integrated,Co-Ed,Bay of Plenty Region,"Bay of Plenty, Waiariki",Western Bay of Plenty District,Te Tai Whenua,339,163.0,176.0,0.0,209,70,10,15,33,2
2025,1863,Omokoroa School,Full Primary,State: Not integrated,Co-Ed,Bay of Plenty Region,"Bay of Plenty, Waiariki",Western Bay of Plenty District,Te Tai Whenua,339,190.0,149.0,0.0,224,69,6,19,11,10
2025,1865,Te Wharekura o Maniapoto,Composite (Year 1-15),State: Not integrated,Co-Ed,Waikato Region,Waikato,Waitomo District,Te Tai Whenua,119,55.0,64.0,0.0,0,118,0,1,0,0
2025,1866,Opotiki School,Full Primary,State: Not integrated,Co-Ed,Bay of Plenty Region,"Bay of Plenty, Waiariki",Ōpōtiki District,Te Tai Whenua,280,156.0,124.0,0.0,21,251,6,2,0,0
2025,1867,Ōpoutere School,Full Primary,State: Not integrated,Co-Ed,Waikato Region,Waikato,Thames-Coromandel District,Te Tai Whenua,116,69.0,47.0,0.0,59,50,2,5,0,0
2025,1869,Orini Combined School,Full Primary,State: Not integrated,Co-Ed,Waikato Region,Waikato,Waikato District,Te Tai Whenua,79,48.0,31.0,0.0,49,13,3,11,0,3
2025,187,Whanganui City College,Secondary (Year 9-15),State: Not integrated,Co-Ed,Manawatū-Whanganui Regio,"Taranaki, Whanganui, Manawatu",Whanganui District,Te Tai Whenua,303,199.0,104.0,0.0,57,229,8,6,2,1
2025,1870,Oropi School,Full Primary,State: Not integrated,Co-Ed,Bay of Plenty Region,"Bay of Plenty, Waiariki",Western Bay of Plenty District,Te Tai Whenua,316,157.0,159.0,0.0,199,77,14,12,7,2
2025,1871,Otakiri School,Full Primary,State: Not integrated,Co-Ed,Bay of Plenty Region,"Bay of Plenty, Waiariki",Whakatane District,Te Tai Whenua,184,97.0,87.0,0.0,67,84,2,29,2,0
2025,1872,Otamarakau School,Full Primary,State: Not integrated,Co-Ed,Bay of Plenty Region,"Bay of Plenty, Waiariki",Western Bay of Plenty District,Te Tai Whenua,83,48.0,35.0,0.0,30,40,2,10,1,0
2025,1873,TKKM o Otepou,Full Primary,State: Not integrated,Co-Ed,Bay of Plenty Region,"Bay of Plenty, Waiariki",Tauranga City,Te Tai Whenua,67,32.0,35.0,0.0,1,66,0,0,0,0
2025,1874,Ōtewā School,Full Primary,State: Not integrated,Co-Ed,Waikato Region,Waikato,Ōtorohanga District,Te Tai Whenua,64,35.0,29.0,0.0,46,12,5,1,0,0
2025,1875,Otonga Road School,Contributing,State: Not integrated,Co-Ed,Bay of Plenty Region,"Bay of Plenty, Waiariki",Rotorua District,Te Tai Whenua,509,281.0,228.0,0.0,212,119,11,156,8,1
2025,1876,Ōtorohanga School,Full Primary,State: Not integrated,Co-Ed,Waikato Region,Waikato,Ōtorohanga District,Te Tai Whenua,90,47.0,43.0,0.0,13,68,6,3,0,0
2025,1877,Otorohanga South School,Full Primary,State: Not integrated,Co-Ed,Waikato Region,Waikato,Ōtorohanga District,Te Tai Whenua,319,179.0,140.0,0.0,146,140,8,23,2,0
2025,1878,Ōtūmoetai Intermediate,Intermediate,State: Not integrated,Co-Ed,Bay of Plenty Region,"Bay of Plenty, Waiariki",Tauranga City,Te Tai Whenua,906,433.0,473.0,0.0,527,214,34,91,21,9
2025,1879,Ōtūmoetai Primary School,Contributing,State: Not integrated,Co-Ed,Bay of Plenty Region,"Bay of Plenty, Waiariki",Tauranga City,Te Tai Whenua,534,273.0,261.0,0.0,268,119,18,78,33,6
2025,188,Whanganui Girls' College,Secondary (Year 9-15),State: Not integrated,Single Sex-Girls,Manawatū-Whanganui Regio,"Taranaki, Whanganui, Manawatu",Whanganui District,Te Tai Whenua,352,0.0,352.0,0.0,187,113,23,12,6,3
2025,1880,St Mary's Catholic School (Otorohanga),Full Primary,State: Integrated,Co-Ed,Waikato Region,Waikato,Ōtorohanga District,Te Tai Whenua,28,13.0,15.0,0.0,2,15,5,6,0,0
2025,1881,Owhata School,Contributing,State: Not integrated,Co-Ed,Bay of Plenty Region,"Bay of Plenty, Waiariki",Rotorua District,Te Tai Whenua,250,143.0,107.0,0.0,22,214,6,4,2,2
2025,1882,Paengaroa School,Contributing,State: Not integrated,Co-Ed,Bay of Plenty Region,"Bay of Plenty, Waiariki",Western Bay of Plenty District,Te Tai Whenua,211,118.0,93.0,0.0,85,109,6,11,0,0
2025,1883,Paeroa Central School,Full Primary,State: Not integrated,Co-Ed,Waikato Region,Waikato,Hauraki District,Te Tai Whenua,66,40.0,26.0,0.0,0,63,3,0,0,0
2025,1884,Pahoia School,Contributing,State: Not integrated,Co-Ed,Bay of Plenty Region,"Bay of Plenty, Waiariki",Western Bay of Plenty District,Te Tai Whenua,170,84.0,86.0,0.0,129,30,2,9,0,0
2025,1885,Pāpāmoa Primary School,Contributing,State: Not integrated,Co-Ed,Bay of Plenty Region,"Bay of Plenty, Waiariki",Tauranga City,Te Tai Whenua,579,301.0,278.0,0.0,321,155,19,50,10,15
2025,1886,Pārāwai School,Full Primary,State: Not integrated,Co-Ed,Waikato Region,Waikato,Thames-Coromandel District,Te Tai Whenua,230,117.0,113.0,0.0,123,71,5,26,3,1
2025,1888,Te Kura o Te Paroa,Full Primary,State: Not integrated,Co-Ed,Bay of Plenty Region,"Bay of Plenty, Waiariki",Whakatane District,Te Tai Whenua,308,165.0,143.0,0.0,0,307,0,0,0,1
2025,1889,Paterangi School,Full Primary,State: Not integrated,Co-Ed,Waikato Region,Waikato,Waipa District,Te Tai Whenua,100,52.0,48.0,0.0,56,35,3,4,2,0
2025,189,Whanganui High School,Secondary (Year 9-15),State: Not integrated,Co-Ed,Manawatū-Whanganui Regio,"Taranaki, Whanganui, Manawatu",Whanganui District,Te Tai Whenua,1444,757.0,,,818,443,62,71,13,2
2025,1891,Patricia Avenue School,Specialist School,State: Not integrated,Co-Ed,Waikato Region,Waikato,Hamilton City,Te Tai Whenua,202,146.0,56.0,0.0,74,86,14,16,12,0
2025,1892,Peachgrove Intermediate,Intermediate,State: Not integrated,Co-Ed,Waikato Region,Waikato,Hamilton City,Te Tai Whenua,543,292.0,251.0,0.0,83,192,61,145,23,39
2025,1893,Pekapekarau School,Contributing,State: Not integrated,Co-Ed,Waikato Region,Waikato,Waipa District,Te Tai Whenua,280,129.0,151.0,0.0,95,156,8,19,2,0
2025,1894,Pillans Point School,Contributing,State: Not integrated,Co-Ed,Bay of Plenty Region,"Bay of Plenty, Waiariki",Tauranga City,Te Tai Whenua,508,253.0,255.0,0.0,341,74,11,41,25,3
2025,1895,Piopio Primary School,Contributing,State: Not integrated,Co-Ed,Waikato Region,Waikato,Waitomo District,Te Tai Whenua,128,63.0,65.0,0.0,69,46,5,8,0,0
2025,1896,Piripiri School,Full Primary,State: Not integrated,Co-Ed,Waikato Region,Waikato,Waitomo District,Te Tai Whenua,9,6.0,3.0,0.0,3,6,0,0,0,0
2025,1897,Pirongia School,Full Primary,State: Not integrated,Co-Ed,Waikato Region,Waikato,Waipa District,Te Tai Whenua,375,197.0,178.0,0.0,285,69,12,3,5,1
2025,1898,Pokuru School,Contributing,State: Not integrated,Co-Ed,Waikato Region,Waikato,Waipa District,Te Tai Whenua,143,73.0,70.0,0.0,89,42,2,6,4,0
2025,1899,Pongakawa School,Full Primary,State: Not integrated,Co-Ed,Bay of Plenty Region,"Bay of Plenty, Waiariki",Western Bay of Plenty District,Te Tai Whenua,308,178.0,130.0,0.0,196,82,6,13,9,2
2025,19,Dargaville High School,Secondary (Year 9-15),State: Not integrated,Co-Ed,Northland Region,Tai Tokerau,Kaipara District,Te Tai Raro,373,206.0,167.0,0.0,118,200,29,25,0,1
2025,190,Cullinane College,Secondary (Year 9-15),State: Integrated,Co-Ed,Manawatū-Whanganui Regio,"Taranaki, Whanganui, Manawatu",Whanganui District,Te Tai Whenua,464,282.0,182.0,0.0,196,188,24,38,7,1
2025,1902,Puahue School,Contributing,State: Not integrated,Co-Ed,Waikato Region,Waikato,Waipa District,Te Tai Whenua,154,91.0,63.0,0.0,119,28,0,5,2,0
2025,1903,Pukeatua School,Full Primary,State: Not integrated,Co-Ed,Waikato Region,Waikato,Waipa District,Te Tai Whenua,74,35.0,39.0,0.0,46,21,0,7,0,0
2025,1904,Pukehina School,Full Primary,State: Not integrated,Co-Ed,Bay of Plenty Region,"Bay of Plenty, Waiariki",Western Bay of Plenty District,Te Tai Whenua,26,15.0,11.0,0.0,4,22,0,0,0,0
2025,1906,Pukenui School (Te Kuiti),Full Primary,State: Not integrated,Co-Ed,Waikato Region,Waikato,Waitomo District,Te Tai Whenua,136,65.0,71.0,0.0,15,111,8,1,1,0
2025,1907,Puketaha School,Full Primary,State: Not integrated,Co-Ed,Waikato Region,Waikato,Waikato District,Te Tai Whenua,282,138.0,144.0,0.0,187,60,6,18,7,4
2025,1908,Pukete School,Contributing,State: Not integrated,Co-Ed,Waikato Region,Waikato,Hamilton City,Te Tai Whenua,388,200.0,188.0,0.0,151,135,22,66,13,1
2025,191,Longburn Adventist College,Secondary (Year 7-15),State: Integrated,Co-Ed,Manawatū-Whanganui Regio,"Taranaki, Whanganui, Manawatu",Palmerston North City,Te Tai Whenua,222,104.0,118.0,0.0,80,38,46,34,9,1
2025,1911,Puriri School,Full Primary,State: Not integrated,Co-Ed,Waikato Region,Waikato,Thames-Coromandel District,Te Tai Whenua,23,19.0,4.0,0.0,16,5,1,1,0,0
2025,1912,Te Puru School,Full Primary,State: Not integrated,Co-Ed,Waikato Region,Waikato,Thames-Coromandel District,Te Tai Whenua,178,78.0,100.0,0.0,95,66,4,8,5,0
2025,1916,Pyes Pa Road School,Full Primary,State: Not integrated,Co-Ed,Bay of Plenty Region,"Bay of Plenty, Waiariki",Western Bay of Plenty District,Te Tai Whenua,241,138.0,103.0,0.0,179,41,6,7,7,1
2025,1917,Te Wharekura o Rākaumangamanga,Composite (Year 1-15),State: Not integrated,Co-Ed,Waikato Region,Waikato,Waikato District,Te Tai Whenua,371,194.0,177.0,0.0,0,370,1,0,0,0
2025,1919,Te Kura o Rangiriri,Full Primary,State: Not integrated,Co-Ed,Waikato Region,Waikato,Waikato District,Te Tai Whenua,53,29.0,24.0,0.0,0,52,1,0,0,0
2025,192,Whanganui Collegiate School,Secondary (Year 9-15),State: Integrated,Co-Ed,Manawatū-Whanganui Regio,"Taranaki, Whanganui, Manawatu",Whanganui District,Te Tai Whenua,409,243.0,166.0,0.0,298,38,17,19,3,1
2025,1920,Rangitoto School,Full Primary,State: Not integrated,Co-Ed,Waikato Region,Waikato,Waitomo District,Te Tai Whenua,24,18.0,6.0,0.0,15,7,0,2,0,0
2025,1921,Rangiuru School,Full Primary,State: Not integrated,Co-Ed,Bay of Plenty Region,"Bay of Plenty, Waiariki",Western Bay of Plenty District,Te Tai Whenua,83,48.0,35.0,0.0,43,27,2,9,2,0
2025,1923,Reporoa School,Contributing,State: Not integrated,Co-Ed,Waikato Region,"Bay of Plenty, Waiariki",Rotorua District,Te Tai Whenua,80,47.0,33.0,0.0,28,40,0,12,0,0
2025,1924,Rhode Street School,Full Primary,State: Not integrated,Co-Ed,Waikato Region,Waikato,Hamilton City,Te Tai Whenua,225,126.0,99.0,0.0,17,149,24,32,3,0
2025,1927,Roto-O-Rangi School,Contributing,State: Not integrated,Co-Ed,Waikato Region,Waikato,Waipa District,Te Tai Whenua,91,40.0,51.0,0.0,57,27,1,5,1,0
2025,1929,TKKM o Rotoiti,Full Primary,State: Not integrated,Co-Ed,Bay of Plenty Region,"Bay of Plenty, Waiariki",Rotorua District,Te Tai Whenua,41,21.0,20.0,0.0,0,41,0,0,0,0
2025,1930,Rotokauri School,Full Primary,State: Not integrated,Co-Ed,Waikato Region,Waikato,Waikato District,Te Tai Whenua,237,123.0,114.0,0.0,134,49,7,45,2,0
2025,1931,Rotokawa School,Contributing,State: Not integrated,Co-Ed,Bay of Plenty Region,"Bay of Plenty, Waiariki",Rotorua District,Te Tai Whenua,157,87.0,70.0,0.0,27,125,3,1,1,0
2025,1933,Rotorua Intermediate,Intermediate,State: Not integrated,Co-Ed,Bay of Plenty Region,"Bay of Plenty, Waiariki",Rotorua District,Te Tai Whenua,645,336.0,309.0,0.0,136,386,42,66,8,7
2025,1934,Rotorua School,Full Primary,State: Not integrated,Co-Ed,Bay of Plenty Region,"Bay of Plenty, Waiariki",Rotorua District,Te Tai Whenua,410,214.0,196.0,0.0,6,377,19,6,2,0
2025,1935,Ficino School,Full Primary,Private: Fully Reg.,Co-Ed,Auckland Region,Tāmaki Herenga Manawa,Auckland- Albert-Eden,Te Tai Raro,143,79.0,64.0,0.0,36,1,1,103,2,0
2025,1937,Ruawaro Combined School,Full Primary,State: Not integrated,Co-Ed,Waikato Region,Waikato,Waikato District,Te Tai Whenua,28,14.0,14.0,0.0,22,5,0,1,0,0
2025,1938,Rukuhia School,Full Primary,State: Not integrated,Co-Ed,Waikato Region,Waikato,Waipa District,Te Tai Whenua,122,60.0,62.0,0.0,87,19,6,5,2,3
2025,1939,Selwyn School,Contributing,State: Not integrated,Co-Ed,Bay of Plenty Region,"Bay of Plenty, Waiariki",Rotorua District,Te Tai Whenua,343,167.0,176.0,0.0,18,297,8,15,5,0
2025,1940,Silverdale Normal School,Contributing,State: Not integrated,Co-Ed,Waikato Region,Waikato,Hamilton City,Te Tai Whenua,386,199.0,187.0,0.0,111,109,10,110,36,8
2025,1941,Springdale School,Full Primary,State: Not integrated,Co-Ed,Waikato Region,Waikato,Matamata-Piako District,Te Tai Whenua,39,22.0,17.0,0.0,23,7,0,9,0,0
2025,1942,St Andrews Middle School,Restricted Composite (Year 7-10),State: Not integrated,Co-Ed,Waikato Region,Waikato,Hamilton City,Te Tai Whenua,139,73.0,66.0,0.0,20,93,7,11,7,1
2025,1943,St Anthony's Catholic School (Huntly),Full Primary,State: Integrated,Co-Ed,Waikato Region,Waikato,Waikato District,Te Tai Whenua,95,52.0,43.0,0.0,11,19,22,43,0,0
2025,1944,St Columba's Catholic School (Frankton),Full Primary,State: Integrated,Co-Ed,Waikato Region,Waikato,Hamilton City,Te Tai Whenua,458,243.0,215.0,0.0,161,89,33,152,20,3
2025,1945,St Francis School (Thames),Full Primary,State: Integrated,Co-Ed,Waikato Region,Waikato,Thames-Coromandel District,Te Tai Whenua,83,45.0,38.0,0.0,17,6,9,50,0,1
2025,1946,St Joseph's Catholic School (Fairfield),Full Primary,State: Integrated,Co-Ed,Waikato Region,Waikato,Hamilton City,Te Tai Whenua,340,151.0,189.0,0.0,166,44,23,73,32,0
2025,1947,St Joseph's Catholic School (Matamata),Full Primary,State: Integrated,Co-Ed,Waikato Region,Waikato,Matamata-Piako District,Te Tai Whenua,24,14.0,10.0,0.0,5,5,0,14,0,0
2025,1948,St Joseph's Catholic School (Matata),Full Primary,State: Integrated,Co-Ed,Bay of Plenty Region,"Bay of Plenty, Waiariki",Whakatane District,Te Tai Whenua,41,21.0,20.0,0.0,0,41,0,0,0,0
2025,1949,St Joseph's Catholic School (Morrinsville),Full Primary,State: Integrated,Co-Ed,Waikato Region,Waikato,Matamata-Piako District,Te Tai Whenua,192,90.0,102.0,0.0,115,26,5,38,6,2
2025,195,Rangitīkei College,Secondary (Year 9-15),State: Not integrated,Co-Ed,Manawatū-Whanganui Regio,"Taranaki, Whanganui, Manawatu",Rangitikei District,Te Tai Whenua,316,161.0,155.0,0.0,144,127,20,21,1,3
2025,1950,St Joseph's Catholic School (Opotiki),Full Primary,State: Integrated,Co-Ed,Bay of Plenty Region,"Bay of Plenty, Waiariki",Ōpōtiki District,Te Tai Whenua,155,62.0,93.0,0.0,31,89,8,25,2,0
2025,1951,St Joseph's Catholic School (Paeroa),Full Primary,State: Integrated,Co-Ed,Waikato Region,Waikato,Hauraki District,Te Tai Whenua,58,29.0,29.0,0.0,27,17,2,12,0,0
2025,1952,St Joseph's Catholic School (Te Aroha),Full Primary,State: Integrated,Co-Ed,Waikato Region,Waikato,Matamata-Piako District,Te Tai Whenua,56,28.0,28.0,0.0,20,3,8,21,4,0
2025,1953,St Joseph's Catholic School (Te Kuiti),Full Primary,State: Integrated,Co-Ed,Waikato Region,Waikato,Waitomo District,Te Tai Whenua,69,32.0,37.0,0.0,25,9,12,21,2,0
2025,1954,St Joseph's Catholic School (Waihi),Full Primary,State: Integrated,Co-Ed,Waikato Region,Waikato,Hauraki District,Te Tai Whenua,52,28.0,24.0,0.0,14,11,4,20,3,0
2025,1955,St Joseph's Catholic School (Whakatane),Full Primary,State: Integrated,Co-Ed,Bay of Plenty Region,"Bay of Plenty, Waiariki",Whakatane District,Te Tai Whenua,262,139.0,123.0,0.0,111,81,7,62,1,0
2025,1957,St Mary's Catholic School (Putāruru),Full Primary,State: Integrated,Co-Ed,Waikato Region,Waikato,South Waikato District,Te Tai Whenua,175,78.0,97.0,0.0,68,50,9,43,5,0
2025,1958,St Mary's Catholic School (Rotorua),Contributing,State: Integrated,Co-Ed,Bay of Plenty Region,"Bay of Plenty, Waiariki",Rotorua District,Te Tai Whenua,451,235.0,216.0,0.0,137,61,24,210,19,0
2025,1959,St Mary's Catholic School (Tauranga),Contributing,State: Integrated,Co-Ed,Bay of Plenty Region,"Bay of Plenty, Waiariki",Tauranga City,Te Tai Whenua,458,227.0,231.0,0.0,206,34,13,176,17,6
2025,196,Nga Tawa Diocesan School,Secondary (Year 9-15),State: Integrated,Single Sex-Girls,Manawatū-Whanganui Regio,"Taranaki, Whanganui, Manawatu",Rangitikei District,Te Tai Whenua,180,0.0,180.0,0.0,139,26,3,3,2,2
2025,1960,St Michael's Catholic School (Rotorua),Contributing,State: Integrated,Co-Ed,Bay of Plenty Region,"Bay of Plenty, Waiariki",Rotorua District,Te Tai Whenua,102,51.0,51.0,0.0,21,38,3,32,7,1
2025,1961,St Patrick's Catholic School (Taumarunui),Full Primary,State: Integrated,Co-Ed,Manawatū-Whanganui Regio,Waikato,Ruapehu District,Te Tai Whenua,63,30.0,33.0,0.0,22,17,3,18,3,0
2025,1962,St Patrick's Catholic School (Te Awamutu),Full Primary,State: Integrated,Co-Ed,Waikato Region,Waikato,Waipa District,Te Tai Whenua,248,131.0,117.0,0.0,152,34,8,49,5,0
2025,1963,St Paul's Catholic School (Ngaruawahia),Full Primary,State: Integrated,Co-Ed,Waikato Region,Waikato,Waikato District,Te Tai Whenua,97,44.0,53.0,0.0,43,37,3,9,5,0
2025,1964,St Peter Chanel Catholic School (Te Rapa),Full Primary,State: Integrated,Co-Ed,Waikato Region,Waikato,Hamilton City,Te Tai Whenua,290,152.0,138.0,0.0,136,32,30,75,16,1
2025,1965,St Peter's Catholic School (Cambridge),Full Primary,State: Integrated,Co-Ed,Waikato Region,Waikato,Waipa District,Te Tai Whenua,182,88.0,94.0,0.0,98,18,8,40,18,0
2025,1966,St Pius X Catholic School (Melville),Full Primary,State: Integrated,Co-Ed,Waikato Region,Waikato,Hamilton City,Te Tai Whenua,256,129.0,127.0,0.0,28,20,9,192,7,0
2025,1967,Stanley Avenue School,Full Primary,State: Not integrated,Co-Ed,Waikato Region,Waikato,Matamata-Piako District,Te Tai Whenua,282,143.0,139.0,0.0,145,90,5,34,8,0
2025,1968,Strathmore School,Contributing,State: Not integrated,Co-Ed,Waikato Region,Waikato,South Waikato District,Te Tai Whenua,161,87.0,74.0,0.0,18,97,44,1,0,1
2025,197,Feilding High School,Secondary (Year 9-15),State: Not integrated,Co-Ed,Manawatū-Whanganui Regio,"Taranaki, Whanganui, Manawatu",Manawatu District,Te Tai Whenua,1663,838.0,,,1086,456,57,46,11,2
2025,1970,Sunset Primary School,Contributing,State: Not integrated,Co-Ed,Bay of Plenty Region,"Bay of Plenty, Waiariki",Rotorua District,Te Tai Whenua,143,76.0,67.0,0.0,2,130,6,5,0,0
2025,1971,Te Kura o Tahaaroa,Full Primary,State: Not integrated,Co-Ed,Waikato Region,Waikato,Waitomo District,Te Tai Whenua,27,9.0,18.0,0.0,0,27,0,0,0,0
2025,1972,Tahuna School,Contributing,State: Not integrated,Co-Ed,Waikato Region,Waikato,Matamata-Piako District,Te Tai Whenua,80,41.0,39.0,0.0,50,11,6,13,0,0
2025,1974,Tainui Full Primary School,Full Primary,State: Not integrated,Co-Ed,Waikato Region,Waikato,South Waikato District,Te Tai Whenua,244,132.0,112.0,0.0,26,155,53,5,2,3
2025,1975,Tairua School,Full Primary,State: Not integrated,Co-Ed,Waikato Region,Waikato,Thames-Coromandel District,Te Tai Whenua,150,84.0,66.0,0.0,107,27,1,14,1,0
2025,1976,Tamahere Model Country School,Contributing,State: Not integrated,Co-Ed,Waikato Region,Waikato,Waikato District,Te Tai Whenua,386,196.0,190.0,0.0,263,49,9,55,9,0
2025,1978,Taneatua School,Full Primary,State: Not integrated,Co-Ed,Bay of Plenty Region,"Bay of Plenty, Waiariki",Whakatane District,Te Tai Whenua,128,71.0,57.0,0.0,0,126,2,0,0,0
2025,198,Awatapu College,Secondary (Year 9-15),State: Not integrated,Co-Ed,Manawatū-Whanganui Regio,"Taranaki, Whanganui, Manawatu",Palmerston North City,Te Tai Whenua,861,463.0,387.0,11.0,404,280,41,97,12,7
2025,1980,Tapu School,Full Primary,State: Not integrated,Co-Ed,Waikato Region,Waikato,Thames-Coromandel District,Te Tai Whenua,7,2.0,5.0,0.0,0,5,0,2,0,0
2025,1982,Tarrangower School,Full Primary,State: Not integrated,Co-Ed,Manawatū-Whanganui Regio,Waikato,Ruapehu District,Te Tai Whenua,55,34.0,21.0,0.0,7,46,1,1,0,0
2025,1983,Tatuanui School,Contributing,State: Not integrated,Co-Ed,Waikato Region,Waikato,Matamata-Piako District,Te Tai Whenua,129,53.0,76.0,0.0,91,14,0,23,1,0
2025,1984,Tauhara School,Contributing,State: Not integrated,Co-Ed,Waikato Region,"Bay of Plenty, Waiariki",Taupo District,Te Tai Whenua,239,119.0,120.0,0.0,34,181,7,14,3,0
2025,1985,Tauhei Combined School,Contributing,State: Not integrated,Co-Ed,Waikato Region,Waikato,Matamata-Piako District,Te Tai Whenua,51,27.0,24.0,0.0,37,12,0,2,0,0
2025,1986,Taumarunui Primary School,Full Primary,State: Not integrated,Co-Ed,Manawatū-Whanganui Regio,Waikato,Ruapehu District,Te Tai Whenua,150,80.0,70.0,0.0,17,124,8,1,0,0
2025,1987,Taupiri School,Full Primary,State: Not integrated,Co-Ed,Waikato Region,Waikato,Waikato District,Te Tai Whenua,108,54.0,54.0,0.0,48,46,4,9,0,1
2025,1988,Taupo Intermediate,Intermediate,State: Not integrated,Co-Ed,Waikato Region,"Bay of Plenty, Waiariki",Taupo District,Te Tai Whenua,526,269.0,257.0,0.0,262,199,17,34,11,2
2025,1989,Taupo School,Contributing,State: Not integrated,Co-Ed,Waikato Region,"Bay of Plenty, Waiariki",Taupo District,Te Tai Whenua,476,252.0,224.0,0.0,176,196,15,72,13,4
2025,199,Hato Paora College,Secondary (Year 9-15),State: Integrated,Single Sex-Boys,Manawatū-Whanganui Regio,"Taranaki, Whanganui, Manawatu",Manawatu District,Te Tai Whenua,120,120.0,0.0,0.0,0,120,0,0,0,0
2025,1990,Tauranga Intermediate,Intermediate,State: Not integrated,Co-Ed,Bay of Plenty Region,"Bay of Plenty, Waiariki",Tauranga City,Te Tai Whenua,1259,719.0,540.0,0.0,497,474,77,177,16,3
2025,1991,Tauranga Primary School,Contributing,State: Not integrated,Co-Ed,Bay of Plenty Region,"Bay of Plenty, Waiariki",Tauranga City,Te Tai Whenua,443,235.0,208.0,0.0,215,65,10,119,19,2
2025,1992,Gate Pa School,Contributing,State: Not integrated,Co-Ed,Bay of Plenty Region,"Bay of Plenty, Waiariki",Tauranga City,Te Tai Whenua,377,208.0,169.0,0.0,52,185,31,103,2,4
2025,1994,Tauriko School,Full Primary,State: Not integrated,Co-Ed,Bay of Plenty Region,"Bay of Plenty, Waiariki",Tauranga City,Te Tai Whenua,250,115.0,135.0,0.0,152,44,11,18,23,2
2025,1995,Tauwhare School,Contributing,State: Not integrated,Co-Ed,Waikato Region,Waikato,Waikato District,Te Tai Whenua,105,51.0,54.0,0.0,79,20,0,6,0,0
2025,1996,Tāwera Bilingual School,Full Primary,State: Not integrated,Co-Ed,Bay of Plenty Region,"Bay of Plenty, Waiariki",Whakatane District,Te Tai Whenua,31,18.0,13.0,0.0,0,31,0,0,0,0
2025,1998,Te Akau School,Full Primary,State: Not integrated,Co-Ed,Waikato Region,Waikato,Waikato District,Te Tai Whenua,45,21.0,24.0,0.0,31,14,0,0,0,0
2025,1999,Te Aroha Primary School,Full Primary,State: Not integrated,Co-Ed,Waikato Region,Waikato,Matamata-Piako District,Te Tai Whenua,231,122.0,109.0,0.0,121,76,17,13,3,1
2025,2,Taipa Area School,Composite (Year 1-15),State: Not integrated,Co-Ed,Northland Region,Tai Tokerau,Far North District,Te Tai Raro,434,236.0,198.0,0.0,72,348,7,3,0,4
2025,20,Bream Bay College,Secondary (Year 7-15),State: Not integrated,Co-Ed,Northland Region,Tai Tokerau,Whangarei District,Te Tai Raro,628,303.0,325.0,0.0,279,258,36,40,11,2
2025,200,Freyberg High School,Secondary (Year 9-15),State: Not integrated,Co-Ed,Manawatū-Whanganui Regio,"Taranaki, Whanganui, Manawatu",Palmerston North City,Te Tai Whenua,1047,500.0,540.0,7.0,515,320,44,126,9,6
2025,2001,Te Awamutu Intermediate,Intermediate,State: Not integrated,Co-Ed,Waikato Region,Waikato,Waipa District,Te Tai Whenua,445,236.0,209.0,0.0,260,129,10,36,8,2
2025,2002,Te Awamutu Primary School,Contributing,State: Not integrated,Co-Ed,Waikato Region,Waikato,Waipa District,Te Tai Whenua,602,296.0,306.0,0.0,322,198,18,44,20,0
2025,2005,Te Kauwhata Primary School,Contributing,State: Not integrated,Co-Ed,Waikato Region,Waikato,Waikato District,Te Tai Whenua,379,198.0,181.0,0.0,99,173,44,46,17,0
2025,2007,Te Kowhai School,Full Primary,State: Not integrated,Co-Ed,Waikato Region,Waikato,Waikato District,Te Tai Whenua,325,175.0,150.0,0.0,256,41,10,7,11,0
2025,2008,Te Kuiti Primary School,Full Primary,State: Not integrated,Co-Ed,Waikato Region,Waikato,Waitomo District,Te Tai Whenua,330,157.0,173.0,0.0,106,158,30,33,3,0
2025,2009,Te Mahoe School,Full Primary,State: Not integrated,Co-Ed,Bay of Plenty Region,"Bay of Plenty, Waiariki",Whakatane District,Te Tai Whenua,32,19.0,13.0,0.0,0,32,0,0,0,0
2025,201,Queen Elizabeth College,Secondary (Year 7-15),State: Not integrated,Co-Ed,Manawatū-Whanganui Regio,"Taranaki, Whanganui, Manawatu",Palmerston North City,Te Tai Whenua,370,167.0,203.0,0.0,81,223,42,17,0,3
2025,2010,Te Mata School (Raglan),Full Primary,State: Not integrated,Co-Ed,Waikato Region,Waikato,Waikato District,Te Tai Whenua,144,64.0,80.0,0.0,100,32,3,5,1,3
2025,2011,TKKM o Te Matai,Full Primary,State: Not integrated,Co-Ed,Bay of Plenty Region,"Bay of Plenty, Waiariki",Western Bay of Plenty District,Te Tai Whenua,47,17.0,30.0,0.0,0,47,0,0,0,0
2025,2012,Te Miro School,Full Primary,State: Not integrated,Co-Ed,Waikato Region,Waikato,Waipa District,Te Tai Whenua,64,38.0,26.0,0.0,50,9,2,1,0,2
2025,2013,Te Pahu School,Full Primary,State: Not integrated,Co-Ed,Waikato Region,Waikato,Waipa District,Te Tai Whenua,109,48.0,61.0,0.0,75,22,5,4,3,0
2025,2014,Te Poi School,Contributing,State: Not integrated,Co-Ed,Waikato Region,Waikato,Matamata-Piako District,Te Tai Whenua,60,33.0,27.0,0.0,30,30,0,0,0,0
2025,2015,Te Puke Intermediate,Intermediate,State: Not integrated,Co-Ed,Bay of Plenty Region,"Bay of Plenty, Waiariki",Western Bay of Plenty District,Te Tai Whenua,512,286.0,226.0,0.0,195,206,23,82,3,3
2025,2016,Te Puke Primary School,Contributing,State: Not integrated,Co-Ed,Bay of Plenty Region,"Bay of Plenty, Waiariki",Western Bay of Plenty District,Te Tai Whenua,294,150.0,144.0,0.0,57,116,27,91,3,0
2025,2017,Te Puna School,Full Primary,State: Not integrated,Co-Ed,Bay of Plenty Region,"Bay of Plenty, Waiariki",Western Bay of Plenty District,Te Tai Whenua,229,121.0,108.0,0.0,130,81,8,3,1,6
2025,2019,Te Ranga School,Full Primary,State: Not integrated,Co-Ed,Bay of Plenty Region,"Bay of Plenty, Waiariki",Western Bay of Plenty District,Te Tai Whenua,175,93.0,82.0,0.0,105,54,5,7,4,0
2025,202,Palmerston North Boys' High School,Secondary (Year 9-15),State: Not integrated,Single Sex-Boys,Manawatū-Whanganui Regio,"Taranaki, Whanganui, Manawatu",Palmerston North City,Te Tai Whenua,1802,1802.0,0.0,0.0,872,429,120,278,49,17
2025,2020,Te Rapa School,Full Primary,State: Not integrated,Co-Ed,Waikato Region,Waikato,Hamilton City,Te Tai Whenua,538,266.0,272.0,0.0,215,156,16,114,30,7
2025,2021,Te Rerenga School,Full Primary,State: Not integrated,Co-Ed,Waikato Region,Waikato,Thames-Coromandel District,Te Tai Whenua,118,61.0,57.0,0.0,81,27,3,5,2,0
2025,2023,Te Kura o Te Teko,Full Primary,State: Not integrated,Co-Ed,Bay of Plenty Region,"Bay of Plenty, Waiariki",Whakatane District,Te Tai Whenua,152,76.0,76.0,0.0,0,150,2,0,0,0
2025,2024,Te Uku School,Full Primary,State: Not integrated,Co-Ed,Waikato Region,Waikato,Waikato District,Te Tai Whenua,153,73.0,80.0,0.0,94,43,0,6,8,2
2025,2025,Te Waotu School,Full Primary,State: Not integrated,Co-Ed,Waikato Region,Waikato,South Waikato District,Te Tai Whenua,123,63.0,60.0,0.0,82,18,4,17,1,1
2025,2027,Thames South School,Full Primary,State: Not integrated,Co-Ed,Waikato Region,Waikato,Thames-Coromandel District,Te Tai Whenua,83,44.0,39.0,0.0,6,64,3,6,0,4
2025,2028,Thornton School,Full Primary,State: Not integrated,Co-Ed,Bay of Plenty Region,"Bay of Plenty, Waiariki",Whakatane District,Te Tai Whenua,124,49.0,75.0,0.0,72,36,1,13,2,0
2025,203,Palmerston North Girls' High School,Secondary (Year 9-15),State: Not integrated,Single Sex-Girls,Manawatū-Whanganui Regio,"Taranaki, Whanganui, Manawatu",Palmerston North City,Te Tai Whenua,1322,0.0,,,629,263,79,277,37,12
2025,2031,Tirau Primary School,Contributing,State: Not integrated,Co-Ed,Waikato Region,Waikato,South Waikato District,Te Tai Whenua,129,63.0,66.0,0.0,78,42,2,7,0,0
2025,2032,Tirohanga School,Full Primary,State: Not integrated,Co-Ed,Waikato Region,"Bay of Plenty, Waiariki",Taupo District,Te Tai Whenua,25,13.0,12.0,0.0,6,17,1,1,0,0
2025,2033,Tirohia School,Full Primary,State: Not integrated,Co-Ed,Waikato Region,Waikato,Hauraki District,Te Tai Whenua,43,23.0,20.0,0.0,7,29,5,0,2,0
2025,2035,Tokoroa Central School,Contributing,State: Not integrated,Co-Ed,Waikato Region,Waikato,South Waikato District,Te Tai Whenua,180,84.0,96.0,0.0,21,126,27,2,4,0
2025,2037,Tokoroa Intermediate,Intermediate,State: Not integrated,Co-Ed,Waikato Region,Waikato,South Waikato District,Te Tai Whenua,349,172.0,177.0,0.0,96,167,66,15,2,3
2025,2038,Tokoroa North School,Contributing,State: Not integrated,Co-Ed,Waikato Region,Waikato,South Waikato District,Te Tai Whenua,410,206.0,204.0,0.0,125,209,12,51,12,1
2025,204,St Peter's College (Palmerston North),Secondary (Year 7-15),State: Integrated,Co-Ed,Manawatū-Whanganui Regio,"Taranaki, Whanganui, Manawatu",Palmerston North City,Te Tai Whenua,777,365.0,412.0,0.0,366,128,66,188,16,4
2025,2040,Turaki School,Full Primary,State: Not integrated,Co-Ed,Manawatū-Whanganui Regio,Waikato,Ruapehu District,Te Tai Whenua,166,82.0,84.0,0.0,41,118,1,4,2,0
2025,2043,Turua Primary School,Full Primary,State: Not integrated,Co-Ed,Waikato Region,Waikato,Hauraki District,Te Tai Whenua,109,58.0,51.0,0.0,79,24,2,4,0,0
2025,2044,Upper Atiamuri School,Full Primary,State: Not integrated,Co-Ed,Waikato Region,"Bay of Plenty, Waiariki",Rotorua District,Te Tai Whenua,54,25.0,29.0,0.0,29,12,1,12,0,0
2025,2045,Vardon School,Contributing,State: Not integrated,Co-Ed,Waikato Region,Waikato,Hamilton City,Te Tai Whenua,373,199.0,174.0,0.0,118,151,37,47,15,5
2025,2046,Waerenga School,Full Primary,State: Not integrated,Co-Ed,Waikato Region,Waikato,Waikato District,Te Tai Whenua,97,48.0,49.0,0.0,73,15,3,6,0,0
2025,2047,Te Kura o Waharoa,Contributing,State: Not integrated,Co-Ed,Waikato Region,Waikato,Matamata-Piako District,Te Tai Whenua,34,16.0,18.0,0.0,0,34,0,0,0,0
2025,2048,Waihi Beach School,Contributing,State: Not integrated,Co-Ed,Bay of Plenty Region,Waikato,Western Bay of Plenty District,Te Tai Whenua,266,140.0,126.0,0.0,166,80,4,10,5,1
2025,2049,Waihi East School,Contributing,State: Not integrated,Co-Ed,Waikato Region,Waikato,Hauraki District,Te Tai Whenua,215,119.0,96.0,0.0,138,59,4,10,4,0
2025,205,Manawatū College,Secondary (Year 9-15),State: Not integrated,Co-Ed,Manawatū-Whanganui Regio,Wellington,Horowhenua District,Te Tai Runga,274,141.0,133.0,0.0,114,127,3,28,0,0
2025,2050,Waihi Central School,Contributing,State: Not integrated,Co-Ed,Waikato Region,Waikato,Hauraki District,Te Tai Whenua,86,42.0,44.0,0.0,38,37,4,5,2,0
2025,2052,Waikaretu School,Full Primary,State: Not integrated,Co-Ed,Waikato Region,Waikato,Waikato District,Te Tai Whenua,21,11.0,10.0,0.0,15,6,0,0,0,0
2025,2054,Waikino School,Contributing,State: Not integrated,Co-Ed,Waikato Region,Waikato,Hauraki District,Te Tai Whenua,95,60.0,35.0,0.0,67,20,0,7,1,0
2025,2055,Waikite Valley School,Full Primary,State: Not integrated,Co-Ed,Waikato Region,"Bay of Plenty, Waiariki",Rotorua District,Te Tai Whenua,95,44.0,51.0,0.0,57,28,2,8,0,0
2025,2057,Waimana School,Full Primary,State: Not integrated,Co-Ed,Bay of Plenty Region,"Bay of Plenty, Waiariki",Whakatane District,Te Tai Whenua,21,9.0,12.0,0.0,1,20,0,0,0,0
2025,2058,Waimata School,Contributing,State: Not integrated,Co-Ed,Waikato Region,Waikato,Hauraki District,Te Tai Whenua,62,40.0,22.0,0.0,23,33,1,5,0,0
2025,206,Ngata Memorial College,Composite (Year 1-15),State: Not integrated,Co-Ed,Gisborne Region,"Hawke's Bay, Tairawhiti",Gisborne District,Te Tai Whenua,107,54.0,53.0,0.0,2,103,0,2,0,0
2025,2060,Waingaro School,Full Primary,State: Not integrated,Co-Ed,Waikato Region,Waikato,Waikato District,Te Tai Whenua,9,4.0,5.0,0.0,0,9,0,0,0,0
2025,2061,Te Kura o Waioweka,Full Primary,State: Not integrated,Co-Ed,Bay of Plenty Region,"Bay of Plenty, Waiariki",Ōpōtiki District,Te Tai Whenua,54,22.0,32.0,0.0,0,54,0,0,0,0
2025,2062,Te Kura Māori ā Rohe o Waiohau,Composite (Year 1-15),State: Not integrated,Co-Ed,Bay of Plenty Region,"Bay of Plenty, Waiariki",Whakatane District,Te Tai Whenua,84,40.0,44.0,0.0,0,84,0,0,0,0
2025,2063,Waiotahe Valley School,Full Primary,State: Not integrated,Co-Ed,Bay of Plenty Region,"Bay of Plenty, Waiariki",Ōpōtiki District,Te Tai Whenua,115,53.0,62.0,0.0,35,77,0,0,3,0
2025,2064,Waipa School,Full Primary,State: Not integrated,Co-Ed,Waikato Region,Waikato,Waikato District,Te Tai Whenua,334,179.0,155.0,0.0,51,254,9,11,6,3
2025,2065,Waipahihi School,Contributing,State: Not integrated,Co-Ed,Waikato Region,"Bay of Plenty, Waiariki",Taupo District,Te Tai Whenua,389,205.0,184.0,0.0,205,131,8,38,5,2
2025,2066,Wairakei School,Contributing,State: Not integrated,Co-Ed,Waikato Region,"Bay of Plenty, Waiariki",Taupo District,Te Tai Whenua,335,179.0,156.0,0.0,251,62,3,17,2,0
2025,2068,Te Kura o Waitahanui,Composite (Year 1-15),State: Not integrated,Co-Ed,Waikato Region,"Bay of Plenty, Waiariki",Taupo District,Te Tai Whenua,75,41.0,34.0,0.0,0,75,0,0,0,0
2025,2069,Waitakaruru School,Full Primary,State: Not integrated,Co-Ed,Waikato Region,Waikato,Hauraki District,Te Tai Whenua,90,56.0,34.0,0.0,53,28,0,5,1,3
2025,2071,Waitetuna School,Full Primary,State: Not integrated,Co-Ed,Waikato Region,Waikato,Waikato District,Te Tai Whenua,71,38.0,33.0,0.0,45,20,5,0,0,1
2025,2073,Waitomo Caves School,Full Primary,State: Not integrated,Co-Ed,Waikato Region,Waikato,Waitomo District,Te Tai Whenua,32,15.0,17.0,0.0,7,22,0,3,0,0
2025,2074,Walton School,Contributing,State: Not integrated,Co-Ed,Waikato Region,Waikato,Matamata-Piako District,Te Tai Whenua,131,57.0,74.0,0.0,95,27,0,9,0,0
2025,2075,Wairere School,Contributing,State: Not integrated,Co-Ed,Waikato Region,Waikato,Matamata-Piako District,Te Tai Whenua,56,29.0,27.0,0.0,22,18,2,14,0,0
2025,2076,Welcome Bay School,Contributing,State: Not integrated,Co-Ed,Bay of Plenty Region,"Bay of Plenty, Waiariki",Tauranga City,Te Tai Whenua,284,154.0,130.0,0.0,123,101,15,31,14,0
2025,2077,Westbrook School,Contributing,State: Not integrated,Co-Ed,Bay of Plenty Region,"Bay of Plenty, Waiariki",Rotorua District,Te Tai Whenua,493,231.0,262.0,0.0,210,211,16,41,14,1
2025,2078,Western Heights Primary School (Rotorua),Contributing,State: Not integrated,Co-Ed,Bay of Plenty Region,"Bay of Plenty, Waiariki",Rotorua District,Te Tai Whenua,409,199.0,210.0,0.0,38,312,39,17,3,0
2025,2079,Whakamarama School,Full Primary,State: Not integrated,Co-Ed,Bay of Plenty Region,"Bay of Plenty, Waiariki",Western Bay of Plenty District,Te Tai Whenua,95,58.0,37.0,0.0,68,19,3,2,3,0
2025,208,Lytton High School,Secondary (Year 9-15),State: Not integrated,Co-Ed,Gisborne Region,"Hawke's Bay, Tairawhiti",Gisborne District,Te Tai Whenua,600,295.0,300.0,5.0,84,458,11,18,6,23
2025,2080,Whakamaru School,Full Primary,State: Not integrated,Co-Ed,Waikato Region,"Bay of Plenty, Waiariki",Taupo District,Te Tai Whenua,91,44.0,47.0,0.0,19,51,3,16,1,1
2025,2081,Whakarewarewa School,Full Primary,State: Not integrated,Co-Ed,Bay of Plenty Region,"Bay of Plenty, Waiariki",Rotorua District,Te Tai Whenua,111,50.0,61.0,0.0,0,107,1,2,0,1
2025,2082,Whakatane Intermediate,Intermediate,State: Not integrated,Co-Ed,Bay of Plenty Region,"Bay of Plenty, Waiariki",Whakatane District,Te Tai Whenua,597,320.0,277.0,0.0,218,312,9,39,18,1
2025,2083,Whangamarino School,Full Primary,State: Not integrated,Co-Ed,Bay of Plenty Region,"Bay of Plenty, Waiariki",Rotorua District,Te Tai Whenua,140,68.0,72.0,0.0,2,136,0,1,0,1
2025,2084,Te Kura Mana Māori o Whangaparaoa,Composite (Year 1-15),State: Not integrated,Co-Ed,Bay of Plenty Region,"Bay of Plenty, Waiariki",Ōpōtiki District,Te Tai Whenua,86,43.0,43.0,0.0,0,86,0,0,0,0
2025,2085,ACG Parnell College,Composite (Year 1-15),Private: Fully Reg.,Co-Ed,Auckland Region,Tāmaki Herenga Manawa,Auckland- Waitematā,Te Tai Raro,1908,1091.0,817.0,0.0,186,6,8,1544,15,22
2025,2086,Wharepapa South School,Full Primary,State: Not integrated,Co-Ed,Waikato Region,Waikato,Waipa District,Te Tai Whenua,34,15.0,19.0,0.0,21,7,3,3,0,0
2025,2087,Whatawhata School,Full Primary,State: Not integrated,Co-Ed,Waikato Region,Waikato,Waikato District,Te Tai Whenua,278,132.0,146.0,0.0,151,95,13,6,12,1
2025,2088,Whenuakite School,Full Primary,State: Not integrated,Co-Ed,Waikato Region,Waikato,Thames-Coromandel District,Te Tai Whenua,164,78.0,86.0,0.0,138,17,0,8,0,1
2025,209,Gisborne Boys' High School,Secondary (Year 9-15),State: Not integrated,Single Sex-Boys,Gisborne Region,"Hawke's Bay, Tairawhiti",Gisborne District,Te Tai Whenua,814,814.0,0.0,0.0,204,472,40,46,6,33
2025,2090,Whitikahu School,Full Primary,State: Not integrated,Co-Ed,Waikato Region,Waikato,Waikato District,Te Tai Whenua,54,30.0,24.0,0.0,41,9,0,1,3,0
2025,2091,Whitiora School,Full Primary,State: Not integrated,Co-Ed,Waikato Region,Waikato,Hamilton City,Te Tai Whenua,241,121.0,120.0,0.0,17,123,29,59,9,4
2025,2092,Woodlands School (Opotiki),Full Primary,State: Not integrated,Co-Ed,Bay of Plenty Region,"Bay of Plenty, Waiariki",Ōpōtiki District,Te Tai Whenua,198,94.0,104.0,0.0,30,144,4,18,1,1
2025,2093,Woodstock School,Contributing,State: Not integrated,Co-Ed,Waikato Region,Waikato,Hamilton City,Te Tai Whenua,390,191.0,199.0,0.0,189,93,22,49,36,1
2025,2094,Marian Catholic School (Hamilton),Full Primary,State: Integrated,Co-Ed,Waikato Region,Waikato,Hamilton City,Te Tai Whenua,620,262.0,358.0,0.0,121,54,39,362,39,1
2025,2095,Kaponga School,Full Primary,State: Not integrated,Co-Ed,Taranaki Region,"Taranaki, Whanganui, Manawatu",South Taranaki District,Te Tai Whenua,52,27.0,25.0,0.0,35,14,0,1,2,0
2025,2096,Crawshaw School,Full Primary,State: Not integrated,Co-Ed,Waikato Region,Waikato,Hamilton City,Te Tai Whenua,311,161.0,150.0,0.0,42,186,33,31,14,5
2025,2097,Manaia School (Taranaki),Full Primary,State: Not integrated,Co-Ed,Taranaki Region,"Taranaki, Whanganui, Manawatu",South Taranaki District,Te Tai Whenua,53,26.0,27.0,0.0,17,34,0,1,1,0
2025,2098,Matapu School,Full Primary,State: Not integrated,Co-Ed,Taranaki Region,"Taranaki, Whanganui, Manawatu",South Taranaki District,Te Tai Whenua,161,89.0,72.0,0.0,122,30,0,7,2,0
2025,2099,Trentham School,Contributing,State: Not integrated,Co-Ed,Wellington Region,Wellington,Upper Hutt City,Te Tai Runga,353,183.0,170.0,0.0,104,103,45,76,23,2
2025,21,Otamatea High School,Secondary (Year 7-15),State: Not integrated,Co-Ed,Northland Region,Tai Tokerau,Kaipara District,Te Tai Raro,641,343.0,298.0,0.0,344,227,15,41,12,2
2025,210,Gisborne Girls' High School,Secondary (Year 9-15),State: Not integrated,Single Sex-Girls,Gisborne Region,"Hawke's Bay, Tairawhiti",Gisborne District,Te Tai Whenua,702,0.0,702.0,0.0,210,406,25,36,4,8
2025,2100,Koraunui School,Contributing,State: Not integrated,Co-Ed,Wellington Region,Wellington,Lower Hutt City,Te Tai Runga,172,99.0,73.0,0.0,43,71,29,23,4,2
2025,2101,Tautoro School,Full Primary,State: Not integrated,Co-Ed,Northland Region,Tai Tokerau,Far North District,Te Tai Raro,159,85.0,74.0,0.0,3,155,1,0,0,0
2025,2102,Maromaku School,Full Primary,State: Not integrated,Co-Ed,Northland Region,Tai Tokerau,Far North District,Te Tai Raro,27,13.0,14.0,0.0,7,18,2,0,0,0
2025,2103,Moerewa School,Composite (Year 1-15),State: Not integrated,Co-Ed,Northland Region,Tai Tokerau,Far North District,Te Tai Raro,126,59.0,67.0,0.0,0,123,3,0,0,0
2025,2104,TKKM o Taumarere,Composite (Year 1-15),State: Not integrated,Co-Ed,Northland Region,Tai Tokerau,Far North District,Te Tai Raro,133,58.0,75.0,0.0,0,133,0,0,0,0
2025,2105,Awahono School - Grey Valley,Full Primary,State: Not integrated,Co-Ed,West Coast Region,"Nelson, Marlborough, West Coast",Grey District,Te Tai Runga,103,50.0,53.0,0.0,74,18,2,5,4,0
2025,2106,Paparoa Range School,Full Primary,State: Not integrated,Co-Ed,West Coast Region,"Nelson, Marlborough, West Coast",Grey District,Te Tai Runga,56,31.0,25.0,0.0,36,18,0,2,0,0
2025,2107,Geraldine Primary School,Contributing,State: Not integrated,Co-Ed,Canterbury Region,Canterbury and Chatham Islands,Timaru District,Te Tai Runga,271,150.0,121.0,0.0,179,35,7,34,14,2
2025,2108,Winchester Rural School,Contributing,State: Not integrated,Co-Ed,Canterbury Region,Canterbury and Chatham Islands,Timaru District,Te Tai Runga,129,73.0,56.0,0.0,94,11,4,16,3,1
2025,2109,Temuka Primary School,Contributing,State: Not integrated,Co-Ed,Canterbury Region,Canterbury and Chatham Islands,Timaru District,Te Tai Runga,223,104.0,119.0,0.0,139,50,5,23,3,3
2025,211,Campion College,Secondary (Year 7-15),State: Integrated,Co-Ed,Gisborne Region,"Hawke's Bay, Tairawhiti",Gisborne District,Te Tai Whenua,470,236.0,234.0,0.0,229,143,13,73,9,3
2025,2110,Oceanview Heights School,Full Primary,State: Not integrated,Co-Ed,Canterbury Region,Canterbury and Chatham Islands,Timaru District,Te Tai Runga,110,66.0,44.0,0.0,45,17,36,8,4,0
2025,2111,Grantlea Downs School,Full Primary,State: Not integrated,Co-Ed,Canterbury Region,Canterbury and Chatham Islands,Timaru District,Te Tai Runga,303,147.0,156.0,0.0,160,86,20,32,0,5
2025,2112,Barton Rural School,Full Primary,State: Not integrated,Co-Ed,Canterbury Region,Canterbury and Chatham Islands,Timaru District,Te Tai Runga,183,100.0,83.0,0.0,147,22,0,10,4,0
2025,2113,Bluestone School,Full Primary,State: Not integrated,Co-Ed,Canterbury Region,Canterbury and Chatham Islands,Timaru District,Te Tai Runga,478,264.0,214.0,0.0,259,87,51,39,42,0
2025,2114,Beaconsfield School,Full Primary,State: Not integrated,Co-Ed,Canterbury Region,Canterbury and Chatham Islands,Timaru District,Te Tai Runga,118,64.0,54.0,0.0,108,6,0,4,0,0
2025,2115,Timaru South School,Full Primary,State: Not integrated,Co-Ed,Canterbury Region,Canterbury and Chatham Islands,Timaru District,Te Tai Runga,228,128.0,100.0,0.0,117,42,47,15,6,1
2025,2116,New River Primary,Contributing,State: Not integrated,Co-Ed,Southland Region,"Otago, Southland",Invercargill City,Te Tai Runga,233,127.0,106.0,0.0,85,77,46,17,6,2
2025,2117,Fernworth Primary School,Contributing,State: Not integrated,Co-Ed,Southland Region,"Otago, Southland",Invercargill City,Te Tai Runga,276,149.0,127.0,0.0,94,125,31,16,10,0
2025,2118,Newfield Park School,Contributing,State: Not integrated,Co-Ed,Southland Region,"Otago, Southland",Invercargill City,Te Tai Runga,208,103.0,105.0,0.0,101,71,12,17,7,0
2025,2119,Donovan Primary School,Contributing,State: Not integrated,Co-Ed,Southland Region,"Otago, Southland",Invercargill City,Te Tai Runga,370,179.0,191.0,0.0,219,78,18,36,16,3
2025,212,Tolaga Bay Area School,Composite (Year 1-15),State: Not integrated,Co-Ed,Gisborne Region,"Hawke's Bay, Tairawhiti",Gisborne District,Te Tai Whenua,259,128.0,131.0,0.0,22,233,2,2,0,0
2025,2120,Bluff School,Full Primary,State: Not integrated,Co-Ed,Southland Region,"Otago, Southland",Invercargill City,Te Tai Runga,115,55.0,60.0,0.0,14,94,5,2,0,0
2025,2123,Lake Brunner School,Full Primary,State: Not integrated,Co-Ed,West Coast Region,"Nelson, Marlborough, West Coast",Grey District,Te Tai Runga,60,33.0,27.0,0.0,44,10,1,4,0,1
2025,214,Wairoa College,Secondary (Year 7-15),State: Not integrated,Co-Ed,Hawkes Bay Region,"Hawke's Bay, Tairawhiti",Wairoa District,Te Tai Whenua,407,236.0,171.0,0.0,41,344,15,6,1,0
2025,215,Taradale High School,Secondary (Year 9-15),State: Not integrated,Co-Ed,Hawkes Bay Region,"Hawke's Bay, Tairawhiti",Napier City,Te Tai Whenua,986,,531.0,,585,197,23,127,19,15
2025,2150,Ahititi School,Full Primary,State: Not integrated,Co-Ed,Taranaki Region,"Taranaki, Whanganui, Manawatu",New Plymouth District,Te Tai Whenua,14,8.0,6.0,0.0,3,11,0,0,0,0
2025,2152,Auroa School,Full Primary,State: Not integrated,Co-Ed,Taranaki Region,"Taranaki, Whanganui, Manawatu",South Taranaki District,Te Tai Whenua,173,94.0,79.0,0.0,116,46,0,7,3,1
2025,2153,Avon School,Full Primary,State: Not integrated,Co-Ed,Taranaki Region,"Taranaki, Whanganui, Manawatu",Stratford District,Te Tai Whenua,79,41.0,38.0,0.0,24,48,1,2,3,1
2025,2157,Bell Block School,Full Primary,State: Not integrated,Co-Ed,Taranaki Region,"Taranaki, Whanganui, Manawatu",New Plymouth District,Te Tai Whenua,450,215.0,235.0,0.0,239,91,15,97,6,2
2025,216,Napier Boys' High School,Secondary (Year 9-15),State: Not integrated,Single Sex-Boys,Hawkes Bay Region,"Hawke's Bay, Tairawhiti",Napier City,Te Tai Whenua,1311,1311.0,0.0,0.0,703,416,38,69,36,7
2025,2160,Central School Te Kura Waenga O Ngāmotu,Contributing,State: Not integrated,Co-Ed,Taranaki Region,"Taranaki, Whanganui, Manawatu",New Plymouth District,Te Tai Whenua,259,143.0,116.0,0.0,122,61,8,62,6,0
2025,2161,Devon Intermediate,Intermediate,State: Not integrated,Co-Ed,Taranaki Region,"Taranaki, Whanganui, Manawatu",New Plymouth District,Te Tai Whenua,339,157.0,182.0,0.0,117,151,14,37,8,11
2025,2164,Egmont Village School,Full Primary,State: Not integrated,Co-Ed,Taranaki Region,"Taranaki, Whanganui, Manawatu",New Plymouth District,Te Tai Whenua,197,126.0,71.0,0.0,154,28,7,3,4,1
2025,2165,Eltham School,Full Primary,State: Not integrated,Co-Ed,Taranaki Region,"Taranaki, Whanganui, Manawatu",South Taranaki District,Te Tai Whenua,130,75.0,55.0,0.0,53,59,7,10,1,0
2025,2167,Fitzroy School,Contributing,State: Not integrated,Co-Ed,Taranaki Region,"Taranaki, Whanganui, Manawatu",New Plymouth District,Te Tai Whenua,417,235.0,182.0,0.0,244,91,8,61,13,0
2025,2168,Frankley School,Contributing,State: Not integrated,Co-Ed,Taranaki Region,"Taranaki, Whanganui, Manawatu",New Plymouth District,Te Tai Whenua,297,147.0,150.0,0.0,197,64,2,26,8,0
2025,217,Napier Girls' High School,Secondary (Year 9-15),State: Not integrated,Single Sex-Girls,Hawkes Bay Region,"Hawke's Bay, Tairawhiti",Napier City,Te Tai Whenua,1063,0.0,1063.0,0.0,610,305,27,65,16,9
2025,2171,Hāwera Primary School,Contributing,State: Not integrated,Co-Ed,Taranaki Region,"Taranaki, Whanganui, Manawatu",South Taranaki District,Te Tai Whenua,172,82.0,90.0,0.0,60,94,4,13,1,0
2025,2172,Highlands Intermediate,Intermediate,State: Not integrated,Co-Ed,Taranaki Region,"Taranaki, Whanganui, Manawatu",New Plymouth District,Te Tai Whenua,681,361.0,320.0,0.0,425,140,20,73,15,8
2025,2173,Huiakama School,Full Primary,State: Not integrated,Co-Ed,Taranaki Region,"Taranaki, Whanganui, Manawatu",Stratford District,Te Tai Whenua,13,6.0,7.0,0.0,8,5,0,0,0,0
2025,2175,Huirangi School,Contributing,State: Not integrated,Co-Ed,Taranaki Region,"Taranaki, Whanganui, Manawatu",New Plymouth District,Te Tai Whenua,122,70.0,52.0,0.0,61,55,3,0,3,0
2025,2177,Inglewood Primary School,Full Primary,State: Not integrated,Co-Ed,Taranaki Region,"Taranaki, Whanganui, Manawatu",New Plymouth District,Te Tai Whenua,401,208.0,193.0,0.0,248,129,8,15,1,0
2025,2178,Kaimata School,Full Primary,State: Not integrated,Co-Ed,Taranaki Region,"Taranaki, Whanganui, Manawatu",New Plymouth District,Te Tai Whenua,100,54.0,46.0,0.0,78,17,0,2,3,0
2025,218,Tamatea High School,Secondary (Year 9-15),State: Not integrated,Co-Ed,Hawkes Bay Region,"Hawke's Bay, Tairawhiti",Napier City,Te Tai Whenua,386,,222.0,,128,194,27,27,5,4
2025,2182,Lepperton School,Contributing,State: Not integrated,Co-Ed,Taranaki Region,"Taranaki, Whanganui, Manawatu",New Plymouth District,Te Tai Whenua,127,53.0,74.0,0.0,87,26,2,9,0,3
2025,2185,Makahu School,Full Primary,State: Not integrated,Co-Ed,Taranaki Region,"Taranaki, Whanganui, Manawatu",Stratford District,Te Tai Whenua,12,7.0,5.0,0.0,5,7,0,0,0,0
2025,2189,Mangorei School,Full Primary,State: Not integrated,Co-Ed,Taranaki Region,"Taranaki, Whanganui, Manawatu",New Plymouth District,Te Tai Whenua,277,141.0,136.0,0.0,165,51,1,42,15,3
2025,219,Sacred Heart College (Napier),Secondary (Year 9-15),State: Integrated,Single Sex-Girls,Hawkes Bay Region,"Hawke's Bay, Tairawhiti",Napier City,Te Tai Whenua,336,0.0,336.0,0.0,173,59,32,62,6,0
2025,2190,Manukorihi Intermediate,Intermediate,State: Not integrated,Co-Ed,Taranaki Region,"Taranaki, Whanganui, Manawatu",New Plymouth District,Te Tai Whenua,223,125.0,98.0,0.0,80,134,2,4,3,0
2025,2191,Marco School,Full Primary,State: Not integrated,Co-Ed,Manawatū-Whanganui Regio,"Taranaki, Whanganui, Manawatu",Stratford District,Te Tai Whenua,18,9.0,9.0,0.0,12,3,0,3,0,0
2025,2192,Marfell Community School,Contributing,State: Not integrated,Co-Ed,Taranaki Region,"Taranaki, Whanganui, Manawatu",New Plymouth District,Te Tai Whenua,131,65.0,66.0,0.0,32,84,5,10,0,0
2025,2195,Matiere School,Full Primary,State: Not integrated,Co-Ed,Manawatū-Whanganui Regio,Waikato,Ruapehu District,Te Tai Whenua,26,15.0,11.0,0.0,9,17,0,0,0,0
2025,2197,Merrilands School,Contributing,State: Not integrated,Co-Ed,Taranaki Region,"Taranaki, Whanganui, Manawatu",New Plymouth District,Te Tai Whenua,145,72.0,73.0,0.0,71,38,8,19,7,2
2025,2198,Midhirst School,Full Primary,State: Not integrated,Co-Ed,Taranaki Region,"Taranaki, Whanganui, Manawatu",Stratford District,Te Tai Whenua,130,64.0,66.0,0.0,91,31,0,6,2,0
2025,2199,Mimi School,Contributing,State: Not integrated,Co-Ed,Taranaki Region,"Taranaki, Whanganui, Manawatu",New Plymouth District,Te Tai Whenua,35,21.0,14.0,0.0,24,10,0,0,0,1
2025,22,Ruawai College,Secondary (Year 7-15),State: Not integrated,Co-Ed,Northland Region,Tai Tokerau,Kaipara District,Te Tai Raro,170,97.0,73.0,0.0,63,92,10,5,0,0
2025,220,William Colenso College,Secondary (Year 7-15),State: Not integrated,Co-Ed,Hawkes Bay Region,"Hawke's Bay, Tairawhiti",Napier City,Te Tai Whenua,365,,190.0,,61,235,12,33,2,6
2025,2200,Mokau School,Full Primary,State: Not integrated,Co-Ed,Waikato Region,"Taranaki, Whanganui, Manawatu",Waitomo District,Te Tai Whenua,25,13.0,12.0,0.0,14,8,2,1,0,0
2025,2201,Mokoia School,Contributing,State: Not integrated,Co-Ed,Taranaki Region,"Taranaki, Whanganui, Manawatu",South Taranaki District,Te Tai Whenua,29,14.0,15.0,0.0,14,8,5,1,0,1
2025,2203,Moturoa School,Contributing,State: Not integrated,Co-Ed,Taranaki Region,"Taranaki, Whanganui, Manawatu",New Plymouth District,Te Tai Whenua,128,76.0,52.0,0.0,63,54,2,4,2,3
2025,2205,Ngaere School,Full Primary,State: Not integrated,Co-Ed,Taranaki Region,"Taranaki, Whanganui, Manawatu",Stratford District,Te Tai Whenua,151,82.0,69.0,0.0,119,30,0,2,0,0
2025,2206,Norfolk School,Full Primary,State: Not integrated,Co-Ed,Taranaki Region,"Taranaki, Whanganui, Manawatu",New Plymouth District,Te Tai Whenua,153,90.0,63.0,0.0,106,30,2,13,2,0
2025,2207,Normanby School,Contributing,State: Not integrated,Co-Ed,Taranaki Region,"Taranaki, Whanganui, Manawatu",South Taranaki District,Te Tai Whenua,136,80.0,56.0,0.0,58,72,0,0,6,0
2025,2208,Oakura School,Full Primary,State: Not integrated,Co-Ed,Taranaki Region,"Taranaki, Whanganui, Manawatu",New Plymouth District,Te Tai Whenua,386,199.0,187.0,0.0,312,48,2,12,9,3
2025,221,Te Wharekura o Ruatoki,Composite (Year 1-15),State: Not integrated,Co-Ed,Bay of Plenty Region,"Bay of Plenty, Waiariki",Whakatane District,Te Tai Whenua,233,103.0,130.0,0.0,0,233,0,0,0,0
2025,2214,Ōmata School,Full Primary,State: Not integrated,Co-Ed,Taranaki Region,"Taranaki, Whanganui, Manawatu",New Plymouth District,Te Tai Whenua,197,108.0,89.0,0.0,142,37,0,16,1,1
2025,2215,Ongarue School,Full Primary,State: Not integrated,Co-Ed,Manawatū-Whanganui Regio,Waikato,Ruapehu District,Te Tai Whenua,19,15.0,4.0,0.0,13,6,0,0,0,0
2025,2216,Opunake School,Full Primary,State: Not integrated,Co-Ed,Taranaki Region,"Taranaki, Whanganui, Manawatu",South Taranaki District,Te Tai Whenua,167,87.0,80.0,0.0,65,87,4,9,2,0
2025,222,St Joseph's Maori Girls' College,Secondary (Year 7-15),State: Integrated,Single Sex-Girls,Hawkes Bay Region,"Hawke's Bay, Tairawhiti",Napier City,Te Tai Whenua,167,0.0,167.0,0.0,0,167,0,0,0,0
2025,2220,Pembroke School,Full Primary,State: Not integrated,Co-Ed,Taranaki Region,"Taranaki, Whanganui, Manawatu",Stratford District,Te Tai Whenua,91,50.0,41.0,0.0,46,36,1,5,3,0
2025,2223,Puketapu School (New Plymouth),Full Primary,State: Not integrated,Co-Ed,Taranaki Region,"Taranaki, Whanganui, Manawatu",New Plymouth District,Te Tai Whenua,370,187.0,183.0,0.0,159,152,18,31,5,5
2025,2226,Ramanui School,Contributing,State: Not integrated,Co-Ed,Taranaki Region,"Taranaki, Whanganui, Manawatu",South Taranaki District,Te Tai Whenua,52,29.0,23.0,0.0,4,47,0,1,0,0
2025,2227,Ratapiko School,Full Primary,State: Not integrated,Co-Ed,Taranaki Region,"Taranaki, Whanganui, Manawatu",New Plymouth District,Te Tai Whenua,26,11.0,15.0,0.0,14,9,2,1,0,0
2025,2228,Rawhitiroa School,Full Primary,State: Not integrated,Co-Ed,Taranaki Region,"Taranaki, Whanganui, Manawatu",South Taranaki District,Te Tai Whenua,46,32.0,14.0,0.0,38,5,0,1,2,0
2025,223,Havelock North High School,Secondary (Year 9-15),State: Not integrated,Co-Ed,Hawkes Bay Region,"Hawke's Bay, Tairawhiti",Hastings District,Te Tai Whenua,1134,,584.0,,772,205,18,73,26,19
2025,2232,Spotswood Primary School,Contributing,State: Not integrated,Co-Ed,Taranaki Region,"Taranaki, Whanganui, Manawatu",New Plymouth District,Te Tai Whenua,230,107.0,123.0,0.0,92,95,19,16,8,0
2025,2233,St John Bosco School (New Plymouth),Contributing,State: Integrated,Co-Ed,Taranaki Region,"Taranaki, Whanganui, Manawatu",New Plymouth District,Te Tai Whenua,260,121.0,139.0,0.0,175,47,1,30,7,0
2025,2235,St Joseph's School (Hawera),Full Primary,State: Integrated,Co-Ed,Taranaki Region,"Taranaki, Whanganui, Manawatu",South Taranaki District,Te Tai Whenua,204,103.0,101.0,0.0,113,42,8,38,3,0
2025,2236,St Joseph's School (New Plymouth),Contributing,State: Integrated,Co-Ed,Taranaki Region,"Taranaki, Whanganui, Manawatu",New Plymouth District,Te Tai Whenua,287,146.0,141.0,0.0,129,34,8,106,10,0
2025,2237,St Joseph's School (Opunake),Full Primary,State: Integrated,Co-Ed,Taranaki Region,"Taranaki, Whanganui, Manawatu",South Taranaki District,Te Tai Whenua,113,56.0,57.0,0.0,62,31,1,15,4,0
2025,2238,St Joseph's School (Stratford),Full Primary,State: Integrated,Co-Ed,Taranaki Region,"Taranaki, Whanganui, Manawatu",Stratford District,Te Tai Whenua,167,80.0,87.0,0.0,129,19,0,14,5,0
2025,2239,St Joseph's School (Waitara),Full Primary,State: Integrated,Co-Ed,Taranaki Region,"Taranaki, Whanganui, Manawatu",New Plymouth District,Te Tai Whenua,73,40.0,33.0,0.0,29,32,1,8,1,2
2025,224,Iona College,Secondary (Year 7-15),State: Integrated,Single Sex-Girls,Hawkes Bay Region,"Hawke's Bay, Tairawhiti",Hastings District,Te Tai Whenua,332,1.0,331.0,0.0,270,41,0,10,1,4
2025,2240,St Patrick's School (Kaponga),Full Primary,State: Integrated,Co-Ed,Taranaki Region,"Taranaki, Whanganui, Manawatu",South Taranaki District,Te Tai Whenua,22,13.0,9.0,0.0,11,3,0,7,1,0
2025,2241,St Patrick's School (Inglewood),Full Primary,State: Integrated,Co-Ed,Taranaki Region,"Taranaki, Whanganui, Manawatu",New Plymouth District,Te Tai Whenua,57,27.0,30.0,0.0,32,10,0,13,2,0
2025,2242,St Pius X School (New Plymouth),Contributing,State: Integrated,Co-Ed,Taranaki Region,"Taranaki, Whanganui, Manawatu",New Plymouth District,Te Tai Whenua,185,90.0,95.0,0.0,106,33,6,40,0,0
2025,2244,Stratford Primary School,Full Primary,State: Not integrated,Co-Ed,Taranaki Region,"Taranaki, Whanganui, Manawatu",Stratford District,Te Tai Whenua,444,215.0,229.0,0.0,266,133,15,15,13,2
2025,2248,Tawhiti School,Contributing,State: Not integrated,Co-Ed,Taranaki Region,"Taranaki, Whanganui, Manawatu",South Taranaki District,Te Tai Whenua,281,129.0,152.0,0.0,116,142,4,16,3,0
2025,225,Woodford House,Secondary (Year 7-15),State: Integrated,Single Sex-Girls,Hawkes Bay Region,"Hawke's Bay, Tairawhiti",Hastings District,Te Tai Whenua,385,0.0,385.0,0.0,282,44,3,18,2,7
2025,2251,Tikorangi School,Contributing,State: Not integrated,Co-Ed,Taranaki Region,"Taranaki, Whanganui, Manawatu",New Plymouth District,Te Tai Whenua,163,90.0,73.0,0.0,110,47,3,2,1,0
2025,2253,Tokirima School,Full Primary,State: Not integrated,Co-Ed,Manawatū-Whanganui Regio,Waikato,Ruapehu District,Te Tai Whenua,34,13.0,21.0,0.0,18,16,0,0,0,0
2025,2254,Toko School,Full Primary,State: Not integrated,Co-Ed,Taranaki Region,"Taranaki, Whanganui, Manawatu",Stratford District,Te Tai Whenua,107,61.0,46.0,0.0,78,25,0,2,2,0
2025,2255,Turuturu School,Contributing,State: Not integrated,Co-Ed,Taranaki Region,"Taranaki, Whanganui, Manawatu",South Taranaki District,Te Tai Whenua,291,155.0,136.0,0.0,156,95,7,24,8,1
2025,2256,Urenui School,Contributing,State: Not integrated,Co-Ed,Taranaki Region,"Taranaki, Whanganui, Manawatu",New Plymouth District,Te Tai Whenua,98,54.0,44.0,0.0,67,28,0,2,1,0
2025,2257,Uruti School,Full Primary,State: Not integrated,Co-Ed,Taranaki Region,"Taranaki, Whanganui, Manawatu",New Plymouth District,Te Tai Whenua,7,3.0,4.0,0.0,3,2,2,0,0,0
2025,2258,Vogeltown School,Contributing,State: Not integrated,Co-Ed,Taranaki Region,"Taranaki, Whanganui, Manawatu",New Plymouth District,Te Tai Whenua,354,201.0,153.0,0.0,228,73,3,25,25,0
2025,226,St John's College (Hastings),Secondary (Year 9-15),State: Integrated,Single Sex-Boys,Hawkes Bay Region,"Hawke's Bay, Tairawhiti",Hastings District,Te Tai Whenua,419,419.0,0.0,0.0,220,105,24,59,4,4
2025,2260,Waitara Central School,Contributing,State: Not integrated,Co-Ed,Taranaki Region,"Taranaki, Whanganui, Manawatu",New Plymouth District,Te Tai Whenua,135,67.0,68.0,0.0,30,103,0,1,0,1
2025,2261,Waitara East School,Contributing,State: Not integrated,Co-Ed,Taranaki Region,"Taranaki, Whanganui, Manawatu",New Plymouth District,Te Tai Whenua,215,108.0,107.0,0.0,43,169,2,1,0,0
2025,2262,Waitoriki School,Full Primary,State: Not integrated,Co-Ed,Taranaki Region,"Taranaki, Whanganui, Manawatu",New Plymouth District,Te Tai Whenua,37,21.0,16.0,0.0,23,13,0,1,0,0
2025,2264,Welbourn School,Contributing,State: Not integrated,Co-Ed,Taranaki Region,"Taranaki, Whanganui, Manawatu",New Plymouth District,Te Tai Whenua,328,166.0,162.0,0.0,208,60,8,35,15,2
2025,2265,West End Te Kura O Morere,Contributing,State: Not integrated,Co-Ed,Taranaki Region,"Taranaki, Whanganui, Manawatu",New Plymouth District,Te Tai Whenua,258,134.0,124.0,0.0,124,76,11,40,5,2
2025,2266,Westown School,Contributing,State: Not integrated,Co-Ed,Taranaki Region,"Taranaki, Whanganui, Manawatu",New Plymouth District,Te Tai Whenua,154,81.0,73.0,0.0,49,74,10,18,2,1
2025,2267,Whareorino School,Full Primary,State: Not integrated,Co-Ed,Waikato Region,"Taranaki, Whanganui, Manawatu",Waitomo District,Te Tai Whenua,3,1.0,2.0,0.0,0,3,0,0,0,0
2025,2268,Woodleigh School,Contributing,State: Not integrated,Co-Ed,Taranaki Region,"Taranaki, Whanganui, Manawatu",New Plymouth District,Te Tai Whenua,429,240.0,189.0,0.0,258,95,8,49,16,3
2025,227,Hastings Boys' High School,Secondary (Year 9-15),State: Not integrated,Single Sex-Boys,Hawkes Bay Region,"Hawke's Bay, Tairawhiti",Hastings District,Te Tai Whenua,806,806.0,0.0,0.0,191,386,147,66,9,2
2025,228,Hastings Girls' High School – Ngā Rau Huia o Ākina,Secondary (Year 9-15),State: Not integrated,Single Sex-Girls,Hawkes Bay Region,"Hawke's Bay, Tairawhiti",Hastings District,Te Tai Whenua,583,0.0,,,51,259,160,96,6,1
2025,229,Karamū High School,Secondary (Year 9-15),State: Not integrated,Co-Ed,Hawkes Bay Region,"Hawke's Bay, Tairawhiti",Hastings District,Te Tai Whenua,888,,555.0,,409,333,39,97,7,3
2025,23,Rodney College,Secondary (Year 9-15),State: Not integrated,Co-Ed,Auckland Region,Tāmaki Herenga Tāngata,Auckland- Rodney,Te Tai Raro,328,156.0,172.0,0.0,148,131,13,29,5,2
2025,230,Lindisfarne College,Secondary (Year 7-15),State: Integrated,Single Sex-Boys,Hawkes Bay Region,"Hawke's Bay, Tairawhiti",Hastings District,Te Tai Whenua,561,561.0,0.0,0.0,416,56,7,55,2,2
2025,231,Taikura Rudolf Steiner School,Composite (Year 1-15),State: Integrated,Co-Ed,Hawkes Bay Region,"Hawke's Bay, Tairawhiti",Hastings District,Te Tai Whenua,300,150.0,150.0,0.0,205,65,7,14,5,2
2025,232,Te Aute College,Secondary (Year 9-15),State: Integrated,Single Sex-Boys,Hawkes Bay Region,"Hawke's Bay, Tairawhiti",Central Hawke's Bay District,Te Tai Whenua,77,77.0,0.0,0.0,0,77,0,0,0,0
2025,233,Central Hawkes Bay College,Secondary (Year 9-15),State: Not integrated,Co-Ed,Hawkes Bay Region,"Hawke's Bay, Tairawhiti",Central Hawke's Bay District,Te Tai Whenua,553,,312.0,,268,215,20,44,1,2
2025,2330,Aberfeldy School,Full Primary,State: Not integrated,Co-Ed,Manawatū-Whanganui Regio,"Taranaki, Whanganui, Manawatu",Whanganui District,Te Tai Whenua,11,5.0,6.0,0.0,1,10,0,0,0,0
2025,2332,Aokautere School,Contributing,State: Not integrated,Co-Ed,Manawatū-Whanganui Regio,"Taranaki, Whanganui, Manawatu",Palmerston North City,Te Tai Whenua,149,79.0,70.0,0.0,114,18,0,11,5,1
2025,2333,Apiti School,Full Primary,State: Not integrated,Co-Ed,Manawatū-Whanganui Regio,"Taranaki, Whanganui, Manawatu",Manawatu District,Te Tai Whenua,12,5.0,7.0,0.0,10,2,0,0,0,0
2025,2334,Arahunga School,Specialist School,State: Not integrated,Co-Ed,Manawatū-Whanganui Regio,"Taranaki, Whanganui, Manawatu",Whanganui District,Te Tai Whenua,99,72.0,27.0,0.0,45,43,2,7,1,1
2025,2336,Aranui School (Wanganui),Contributing,State: Not integrated,Co-Ed,Manawatū-Whanganui Regio,"Taranaki, Whanganui, Manawatu",Whanganui District,Te Tai Whenua,67,39.0,28.0,0.0,21,42,1,3,0,0
2025,2337,Ashhurst School,Full Primary,State: Not integrated,Co-Ed,Manawatū-Whanganui Regio,"Taranaki, Whanganui, Manawatu",Palmerston North City,Te Tai Whenua,451,222.0,229.0,0.0,259,138,18,19,12,5
2025,2338,Awahou School,Full Primary,State: Not integrated,Co-Ed,Manawatū-Whanganui Regio,"Taranaki, Whanganui, Manawatu",Manawatu District,Te Tai Whenua,41,19.0,22.0,0.0,32,6,1,0,2,0
2025,2339,Awapuni School (P North),Contributing,State: Not integrated,Co-Ed,Manawatū-Whanganui Regio,"Taranaki, Whanganui, Manawatu",Palmerston North City,Te Tai Whenua,101,46.0,55.0,0.0,12,56,13,20,0,0
2025,234,Dannevirke High School,Secondary (Year 9-15),State: Not integrated,Co-Ed,Manawatū-Whanganui Regio,Wellington,Tararua District,Te Tai Runga,412,,223.0,,216,161,6,21,7,1
2025,2341,Bainesse School,Full Primary,State: Not integrated,Co-Ed,Manawatū-Whanganui Regio,"Taranaki, Whanganui, Manawatu",Manawatu District,Te Tai Whenua,70,34.0,36.0,0.0,33,35,0,2,0,0
2025,2342,Brunswick School,Full Primary,State: Not integrated,Co-Ed,Manawatū-Whanganui Regio,"Taranaki, Whanganui, Manawatu",Whanganui District,Te Tai Whenua,113,64.0,49.0,0.0,69,35,4,1,2,2
2025,2343,Bulls School,Full Primary,State: Not integrated,Co-Ed,Manawatū-Whanganui Regio,"Taranaki, Whanganui, Manawatu",Rangitikei District,Te Tai Whenua,169,97.0,72.0,0.0,83,60,18,6,2,0
2025,2344,Bunnythorpe School,Full Primary,State: Not integrated,Co-Ed,Manawatū-Whanganui Regio,"Taranaki, Whanganui, Manawatu",Palmerston North City,Te Tai Whenua,26,11.0,15.0,0.0,18,8,0,0,0,0
2025,2345,Carlton School,Contributing,State: Not integrated,Co-Ed,Manawatū-Whanganui Regio,"Taranaki, Whanganui, Manawatu",Whanganui District,Te Tai Whenua,266,131.0,135.0,0.0,136,98,7,21,4,0
2025,2346,Castlecliff School,Contributing,State: Not integrated,Co-Ed,Manawatū-Whanganui Regio,"Taranaki, Whanganui, Manawatu",Whanganui District,Te Tai Whenua,166,91.0,75.0,0.0,27,115,17,6,0,1
2025,2348,Churton School,Contributing,State: Not integrated,Co-Ed,Manawatū-Whanganui Regio,"Taranaki, Whanganui, Manawatu",Whanganui District,Te Tai Whenua,141,74.0,67.0,0.0,77,56,5,2,0,1
2025,2349,Clifton School (Bulls),Full Primary,State: Not integrated,Co-Ed,Manawatū-Whanganui Regio,"Taranaki, Whanganui, Manawatu",Rangitikei District,Te Tai Whenua,147,82.0,65.0,0.0,68,49,13,8,9,0
2025,235,Tararua College,Secondary (Year 9-15),State: Not integrated,Co-Ed,Manawatū-Whanganui Regio,Wellington,Tararua District,Te Tai Runga,375,186.0,189.0,0.0,183,159,16,12,4,1
2025,2350,Cloverlea School,Contributing,State: Not integrated,Co-Ed,Manawatū-Whanganui Regio,"Taranaki, Whanganui, Manawatu",Palmerston North City,Te Tai Whenua,242,128.0,114.0,0.0,104,112,10,12,3,1
2025,2351,TKKM o Otepoti,Composite (Year 1-15),State: Not integrated,Co-Ed,Otago Region,"Otago, Southland",Dunedin City,Te Tai Runga,68,30.0,38.0,0.0,0,68,0,0,0,0
2025,2352,Coley Street School,Full Primary,State: Not integrated,Co-Ed,Manawatū-Whanganui Regio,Wellington,Horowhenua District,Te Tai Runga,202,108.0,94.0,0.0,73,112,10,7,0,0
2025,2353,College Street Normal School,Contributing,State: Not integrated,Co-Ed,Manawatū-Whanganui Regio,"Taranaki, Whanganui, Manawatu",Palmerston North City,Te Tai Whenua,608,303.0,305.0,0.0,210,109,33,214,35,5
2025,2354,Colyton School,Full Primary,State: Not integrated,Co-Ed,Manawatū-Whanganui Regio,"Taranaki, Whanganui, Manawatu",Manawatu District,Te Tai Whenua,168,89.0,79.0,0.0,136,30,1,0,1,0
2025,2355,Durie Hill School,Contributing,State: Not integrated,Co-Ed,Manawatū-Whanganui Regio,"Taranaki, Whanganui, Manawatu",Whanganui District,Te Tai Whenua,185,102.0,83.0,0.0,118,54,2,9,1,1
2025,2356,Feilding Intermediate,Intermediate,State: Not integrated,Co-Ed,Manawatū-Whanganui Regio,"Taranaki, Whanganui, Manawatu",Manawatu District,Te Tai Whenua,337,171.0,166.0,0.0,199,108,2,20,6,2
2025,2357,Fordell School,Full Primary,State: Not integrated,Co-Ed,Manawatū-Whanganui Regio,"Taranaki, Whanganui, Manawatu",Whanganui District,Te Tai Whenua,139,85.0,54.0,0.0,93,28,11,6,1,0
2025,2358,Foxton Beach School,Full Primary,State: Not integrated,Co-Ed,Manawatū-Whanganui Regio,Wellington,Horowhenua District,Te Tai Runga,125,55.0,70.0,0.0,61,56,1,5,2,0
2025,2359,Foxton School,Full Primary,State: Not integrated,Co-Ed,Manawatū-Whanganui Regio,Wellington,Horowhenua District,Te Tai Runga,89,41.0,48.0,0.0,8,76,3,2,0,0
2025,236,Horowhenua College,Secondary (Year 9-15),State: Not integrated,Co-Ed,Manawatū-Whanganui Regio,Wellington,Horowhenua District,Te Tai Runga,965,,511.0,,336,348,152,80,30,7
2025,2360,Glen Oroua School,Full Primary,State: Not integrated,Co-Ed,Manawatū-Whanganui Regio,"Taranaki, Whanganui, Manawatu",Manawatu District,Te Tai Whenua,78,42.0,36.0,0.0,61,5,0,10,2,0
2025,2361,Gonville School,Contributing,State: Not integrated,Co-Ed,Manawatū-Whanganui Regio,"Taranaki, Whanganui, Manawatu",Whanganui District,Te Tai Whenua,172,96.0,76.0,0.0,66,80,8,16,2,0
2025,2362,Halcombe Primary School,Full Primary,State: Not integrated,Co-Ed,Manawatū-Whanganui Regio,"Taranaki, Whanganui, Manawatu",Manawatu District,Te Tai Whenua,193,102.0,91.0,0.0,169,20,0,0,4,0
2025,2363,Te Kura o Wairau,Contributing,State: Not integrated,Co-Ed,Manawatū-Whanganui Regio,"Taranaki, Whanganui, Manawatu",Palmerston North City,Te Tai Whenua,170,97.0,73.0,0.0,29,91,39,9,2,0
2025,2364,Hiwinui School,Full Primary,State: Not integrated,Co-Ed,Manawatū-Whanganui Regio,"Taranaki, Whanganui, Manawatu",Manawatu District,Te Tai Whenua,130,64.0,66.0,0.0,98,22,6,3,0,1
2025,2365,Hokowhitu School,Contributing,State: Not integrated,Co-Ed,Manawatū-Whanganui Regio,"Taranaki, Whanganui, Manawatu",Palmerston North City,Te Tai Whenua,377,211.0,166.0,0.0,146,77,19,118,16,1
2025,2366,Hunterville Consolidated School,Full Primary,State: Not integrated,Co-Ed,Manawatū-Whanganui Regio,"Taranaki, Whanganui, Manawatu",Rangitikei District,Te Tai Whenua,103,50.0,53.0,0.0,66,24,4,5,4,0
2025,2368,James Cook School,Full Primary,State: Not integrated,Co-Ed,Manawatū-Whanganui Regio,"Taranaki, Whanganui, Manawatu",Rangitikei District,Te Tai Whenua,155,76.0,79.0,0.0,58,72,22,3,0,0
2025,2369,Kai Iwi School,Full Primary,State: Not integrated,Co-Ed,Manawatū-Whanganui Regio,"Taranaki, Whanganui, Manawatu",Whanganui District,Te Tai Whenua,90,50.0,40.0,0.0,63,24,0,2,1,0
2025,237,Waiopehu College,Secondary (Year 9-15),State: Not integrated,Co-Ed,Manawatū-Whanganui Regio,Wellington,Horowhenua District,Te Tai Runga,521,285.0,,,160,264,63,24,10,0
2025,2370,Kairanga School,Full Primary,State: Not integrated,Co-Ed,Manawatū-Whanganui Regio,"Taranaki, Whanganui, Manawatu",Palmerston North City,Te Tai Whenua,160,75.0,85.0,0.0,120,30,1,9,0,0
2025,2371,Kaitieke School,Full Primary,State: Not integrated,Co-Ed,Manawatū-Whanganui Regio,Waikato,Ruapehu District,Te Tai Whenua,10,7.0,3.0,0.0,8,2,0,0,0,0
2025,2372,Kaitoke School (Wanganui),Full Primary,State: Not integrated,Co-Ed,Manawatū-Whanganui Regio,"Taranaki, Whanganui, Manawatu",Whanganui District,Te Tai Whenua,104,62.0,42.0,0.0,62,27,4,5,6,0
2025,2374,Kakaramea School,Contributing,State: Not integrated,Co-Ed,Taranaki Region,"Taranaki, Whanganui, Manawatu",South Taranaki District,Te Tai Whenua,57,29.0,28.0,0.0,40,14,0,2,0,1
2025,2375,Kakatahi School,Full Primary,State: Not integrated,Co-Ed,Manawatū-Whanganui Regio,"Taranaki, Whanganui, Manawatu",Whanganui District,Te Tai Whenua,14,7.0,7.0,0.0,8,5,0,0,0,1
2025,2377,TKKM o Tupoho,Composite (Year 1-15),State: Not integrated,Co-Ed,Manawatū-Whanganui Regio,"Taranaki, Whanganui, Manawatu",Whanganui District,Te Tai Whenua,154,85.0,69.0,0.0,3,148,3,0,0,0
2025,2378,Keith Street School,Contributing,State: Not integrated,Co-Ed,Manawatū-Whanganui Regio,"Taranaki, Whanganui, Manawatu",Whanganui District,Te Tai Whenua,173,106.0,67.0,0.0,40,90,10,27,3,3
2025,2379,Kimbolton School,Full Primary,State: Not integrated,Co-Ed,Manawatū-Whanganui Regio,"Taranaki, Whanganui, Manawatu",Manawatu District,Te Tai Whenua,48,19.0,29.0,0.0,33,14,0,0,0,1
2025,2382,Kiwitea School,Full Primary,State: Not integrated,Co-Ed,Manawatū-Whanganui Regio,"Taranaki, Whanganui, Manawatu",Manawatu District,Te Tai Whenua,60,26.0,34.0,0.0,48,6,0,5,0,1
2025,2383,TKKM o Ngati Ruanui,Composite (Year 1-15),State: Not integrated,Co-Ed,Taranaki Region,"Taranaki, Whanganui, Manawatu",South Taranaki District,Te Tai Whenua,105,54.0,51.0,0.0,1,104,0,0,0,0
2025,2384,Te Kura o Kokohuia,Composite (Year 1-15),State: Not integrated,Co-Ed,Manawatū-Whanganui Regio,"Taranaki, Whanganui, Manawatu",Whanganui District,Te Tai Whenua,206,94.0,112.0,0.0,1,205,0,0,0,0
2025,2385,Kopane School,Full Primary,State: Not integrated,Co-Ed,Manawatū-Whanganui Regio,"Taranaki, Whanganui, Manawatu",Manawatu District,Te Tai Whenua,45,27.0,18.0,0.0,36,5,0,4,0,0
2025,2386,Linton Camp School,Full Primary,State: Not integrated,Co-Ed,Manawatū-Whanganui Regio,"Taranaki, Whanganui, Manawatu",Palmerston North City,Te Tai Whenua,133,64.0,69.0,0.0,46,68,12,3,4,0
2025,2388,Longburn School,Full Primary,State: Not integrated,Co-Ed,Manawatū-Whanganui Regio,"Taranaki, Whanganui, Manawatu",Palmerston North City,Te Tai Whenua,84,36.0,48.0,0.0,41,35,4,3,1,0
2025,2389,Lytton Street School,Contributing,State: Not integrated,Co-Ed,Manawatū-Whanganui Regio,"Taranaki, Whanganui, Manawatu",Manawatu District,Te Tai Whenua,541,280.0,261.0,0.0,304,184,9,31,8,5
2025,2390,Manchester Street School,Contributing,State: Not integrated,Co-Ed,Manawatū-Whanganui Regio,"Taranaki, Whanganui, Manawatu",Manawatu District,Te Tai Whenua,373,171.0,202.0,0.0,231,97,18,19,7,1
2025,2391,Mangamahu Primary School,Full Primary,State: Not integrated,Co-Ed,Manawatū-Whanganui Regio,"Taranaki, Whanganui, Manawatu",Whanganui District,Te Tai Whenua,4,2.0,2.0,0.0,4,0,0,0,0,0
2025,2392,Mangaweka School,Full Primary,State: Not integrated,Co-Ed,Manawatū-Whanganui Regio,"Taranaki, Whanganui, Manawatu",Rangitikei District,Te Tai Whenua,32,14.0,18.0,0.0,11,19,2,0,0,0
2025,2393,Manunui School,Full Primary,State: Not integrated,Co-Ed,Manawatū-Whanganui Regio,Waikato,Ruapehu District,Te Tai Whenua,156,75.0,81.0,0.0,54,94,2,4,2,0
2025,2395,St Marcellin School (Wanganui),Full Primary,State: Integrated,Co-Ed,Manawatū-Whanganui Regio,"Taranaki, Whanganui, Manawatu",Whanganui District,Te Tai Whenua,47,31.0,16.0,0.0,7,7,10,23,0,0
2025,2396,Marton Junction School,Full Primary,State: Not integrated,Co-Ed,Manawatū-Whanganui Regio,"Taranaki, Whanganui, Manawatu",Rangitikei District,Te Tai Whenua,88,53.0,35.0,0.0,26,51,7,4,0,0
2025,2397,Marton School,Full Primary,State: Not integrated,Co-Ed,Manawatū-Whanganui Regio,"Taranaki, Whanganui, Manawatu",Rangitikei District,Te Tai Whenua,224,101.0,123.0,0.0,122,63,21,16,2,0
2025,2398,Mataroa School,Full Primary,State: Not integrated,Co-Ed,Manawatū-Whanganui Regio,"Taranaki, Whanganui, Manawatu",Rangitikei District,Te Tai Whenua,53,30.0,23.0,0.0,21,30,2,0,0,0
2025,24,Mahurangi College,Secondary (Year 7-15),State: Not integrated,Co-Ed,Auckland Region,Tāmaki Herenga Tāngata,Auckland- Rodney,Te Tai Raro,1548,787.0,,,951,289,162,84,17,13
2025,240,Otaki College,Secondary (Year 7-15),State: Not integrated,Co-Ed,Wellington Region,Wellington,Kapiti Coast District,Te Tai Runga,433,,220.0,,162,232,15,19,3,1
2025,2400,Milson School,Contributing,State: Not integrated,Co-Ed,Manawatū-Whanganui Regio,"Taranaki, Whanganui, Manawatu",Palmerston North City,Te Tai Whenua,370,202.0,168.0,0.0,122,137,14,88,9,0
2025,2401,Moawhango School,Full Primary,State: Not integrated,Co-Ed,Manawatū-Whanganui Regio,"Taranaki, Whanganui, Manawatu",Rangitikei District,Te Tai Whenua,25,20.0,5.0,0.0,9,15,0,1,0,0
2025,2402,Monrad - Te Kura Waenga o Tirohanga,Intermediate,State: Not integrated,Co-Ed,Manawatū-Whanganui Regio,"Taranaki, Whanganui, Manawatu",Palmerston North City,Te Tai Whenua,378,206.0,172.0,0.0,92,227,31,19,4,5
2025,2403,Mosston School,Contributing,State: Not integrated,Co-Ed,Manawatū-Whanganui Regio,"Taranaki, Whanganui, Manawatu",Whanganui District,Te Tai Whenua,173,84.0,89.0,0.0,86,47,6,25,9,0
2025,2404,Mount Biggs School,Full Primary,State: Not integrated,Co-Ed,Manawatū-Whanganui Regio,"Taranaki, Whanganui, Manawatu",Manawatu District,Te Tai Whenua,114,58.0,56.0,0.0,86,20,2,3,3,0
2025,2405,National Park School,Full Primary,State: Not integrated,Co-Ed,Manawatū-Whanganui Regio,"Taranaki, Whanganui, Manawatu",Ruapehu District,Te Tai Whenua,36,23.0,13.0,0.0,19,12,1,2,1,1
2025,2406,Newbury School,Full Primary,State: Not integrated,Co-Ed,Manawatū-Whanganui Regio,"Taranaki, Whanganui, Manawatu",Manawatu District,Te Tai Whenua,184,89.0,95.0,0.0,139,32,4,4,5,0
2025,2407,Ngamatapouri School,Full Primary,State: Not integrated,Co-Ed,Taranaki Region,"Taranaki, Whanganui, Manawatu",South Taranaki District,Te Tai Whenua,5,3.0,2.0,0.0,1,2,2,0,0,0
2025,2409,North Street School,Full Primary,State: Not integrated,Co-Ed,Manawatū-Whanganui Regio,"Taranaki, Whanganui, Manawatu",Manawatu District,Te Tai Whenua,376,181.0,195.0,0.0,97,207,37,21,10,3
2025,241,Wairarapa College,Secondary (Year 9-15),State: Not integrated,Co-Ed,Wellington Region,Wellington,Masterton District,Te Tai Runga,994,522.0,,,591,294,33,62,8,4
2025,2410,Ohakune School,Full Primary,State: Not integrated,Co-Ed,Manawatū-Whanganui Regio,"Taranaki, Whanganui, Manawatu",Ruapehu District,Te Tai Whenua,263,134.0,129.0,0.0,112,126,2,16,6,1
2025,2412,Okoia School,Full Primary,State: Not integrated,Co-Ed,Manawatū-Whanganui Regio,"Taranaki, Whanganui, Manawatu",Whanganui District,Te Tai Whenua,47,25.0,22.0,0.0,36,11,0,0,0,0
2025,2413,Orautoha School,Full Primary,State: Not integrated,Co-Ed,Manawatū-Whanganui Regio,"Taranaki, Whanganui, Manawatu",Ruapehu District,Te Tai Whenua,59,26.0,33.0,0.0,8,51,0,0,0,0
2025,2414,Oroua Downs School,Full Primary,State: Not integrated,Co-Ed,Manawatū-Whanganui Regio,"Taranaki, Whanganui, Manawatu",Manawatu District,Te Tai Whenua,91,52.0,39.0,0.0,55,13,1,22,0,0
2025,2416,Our Lady of Lourdes School (P North),Contributing,State: Integrated,Co-Ed,Manawatū-Whanganui Regio,"Taranaki, Whanganui, Manawatu",Palmerston North City,Te Tai Whenua,150,71.0,79.0,0.0,36,18,26,65,5,0
2025,2417,Ōwhango School,Full Primary,State: Not integrated,Co-Ed,Manawatū-Whanganui Regio,Waikato,Ruapehu District,Te Tai Whenua,72,36.0,36.0,0.0,28,44,0,0,0,0
2025,2418,Central Normal School,Contributing,State: Not integrated,Co-Ed,Manawatū-Whanganui Regio,"Taranaki, Whanganui, Manawatu",Palmerston North City,Te Tai Whenua,469,251.0,218.0,0.0,149,232,42,42,2,2
2025,2419,Palmerston North Intermediate,Intermediate,State: Not integrated,Co-Ed,Manawatū-Whanganui Regio,"Taranaki, Whanganui, Manawatu",Palmerston North City,Te Tai Whenua,713,373.0,340.0,0.0,307,128,42,180,35,20
2025,242,Solway College,Secondary (Year 7-15),State: Integrated,Single Sex-Girls,Wellington Region,Wellington,Masterton District,Te Tai Runga,191,0.0,191.0,0.0,119,46,2,9,1,11
2025,2420,Papanui Junction School,Full Primary,State: Not integrated,Co-Ed,Manawatū-Whanganui Regio,"Taranaki, Whanganui, Manawatu",Rangitikei District,Te Tai Whenua,8,5.0,3.0,0.0,7,1,0,0,0,0
2025,2424,Parkland School (P North),Contributing,State: Not integrated,Co-Ed,Manawatū-Whanganui Regio,"Taranaki, Whanganui, Manawatu",Palmerston North City,Te Tai Whenua,298,166.0,132.0,0.0,131,90,20,49,7,1
2025,2428,Pukeokahu School,Full Primary,State: Not integrated,Co-Ed,Manawatū-Whanganui Regio,"Taranaki, Whanganui, Manawatu",Rangitikei District,Te Tai Whenua,5,3.0,2.0,0.0,2,3,0,0,0,0
2025,2429,Raetihi Primary School,Full Primary,State: Not integrated,Co-Ed,Manawatū-Whanganui Regio,"Taranaki, Whanganui, Manawatu",Ruapehu District,Te Tai Whenua,100,54.0,46.0,0.0,15,84,0,1,0,0
2025,243,Mākoura College,Secondary (Year 9-15),State: Not integrated,Co-Ed,Wellington Region,Wellington,Masterton District,Te Tai Runga,300,166.0,,,55,203,26,5,5,6
2025,2436,Whare Kura Morehu ō Ratana,Full Primary,State: Not integrated,Co-Ed,Manawatū-Whanganui Regio,"Taranaki, Whanganui, Manawatu",Rangitikei District,Te Tai Whenua,56,27.0,29.0,0.0,0,56,0,0,0,0
2025,2437,Riverdale School (P North),Contributing,State: Not integrated,Co-Ed,Manawatū-Whanganui Regio,"Taranaki, Whanganui, Manawatu",Palmerston North City,Te Tai Whenua,366,175.0,191.0,0.0,199,78,12,63,14,0
2025,2438,Rongotea School,Full Primary,State: Not integrated,Co-Ed,Manawatū-Whanganui Regio,"Taranaki, Whanganui, Manawatu",Manawatu District,Te Tai Whenua,153,83.0,70.0,0.0,104,44,0,5,0,0
2025,2439,Roslyn School,Full Primary,State: Not integrated,Co-Ed,Manawatū-Whanganui Regio,"Taranaki, Whanganui, Manawatu",Palmerston North City,Te Tai Whenua,362,179.0,183.0,0.0,107,141,40,64,10,0
2025,244,Chanel College,Secondary (Year 7-15),State: Integrated,Co-Ed,Wellington Region,Wellington,Masterton District,Te Tai Runga,314,166.0,148.0,0.0,147,72,25,64,2,1
2025,2440,Ross Intermediate,Intermediate,State: Not integrated,Co-Ed,Manawatū-Whanganui Regio,"Taranaki, Whanganui, Manawatu",Palmerston North City,Te Tai Whenua,493,270.0,223.0,0.0,223,148,27,68,14,13
2025,2441,Russell Street School,Contributing,State: Not integrated,Co-Ed,Manawatū-Whanganui Regio,"Taranaki, Whanganui, Manawatu",Palmerston North City,Te Tai Whenua,340,173.0,167.0,0.0,168,77,10,77,7,1
2025,2442,Te Kura Waenga O Rutherford | Rutherford Intermediate School,Intermediate,State: Not integrated,Co-Ed,Manawatū-Whanganui Regio,"Taranaki, Whanganui, Manawatu",Whanganui District,Te Tai Whenua,144,84.0,60.0,0.0,49,80,8,3,3,1
2025,2443,Sanson School,Full Primary,State: Not integrated,Co-Ed,Manawatū-Whanganui Regio,"Taranaki, Whanganui, Manawatu",Manawatu District,Te Tai Whenua,24,8.0,16.0,0.0,13,2,3,6,0,0
2025,2445,TKKM o Ngati Kahungunu Ki Heretaunga,Composite (Year 1-15),State: Not integrated,Co-Ed,Hawkes Bay Region,"Hawke's Bay, Tairawhiti",Hastings District,Te Tai Whenua,243,105.0,138.0,0.0,1,238,3,0,0,1
2025,2446,South Makirikiri School,Full Primary,State: Not integrated,Co-Ed,Manawatū-Whanganui Regio,"Taranaki, Whanganui, Manawatu",Rangitikei District,Te Tai Whenua,130,61.0,69.0,0.0,100,21,2,2,2,3
2025,2447,St Anne's School (Wanganui),Full Primary,State: Integrated,Co-Ed,Manawatū-Whanganui Regio,"Taranaki, Whanganui, Manawatu",Whanganui District,Te Tai Whenua,208,105.0,103.0,0.0,117,67,6,15,2,1
2025,2449,St James' Catholic School Te Kura Katorika o Hato Heemi,Contributing,State: Integrated,Co-Ed,Manawatū-Whanganui Regio,"Taranaki, Whanganui, Manawatu",Palmerston North City,Te Tai Whenua,156,84.0,72.0,0.0,42,30,10,62,12,0
2025,245,Rathkeale College,Secondary (Year 9-15),State: Integrated,Single Sex-Boys,Wellington Region,Wellington,Masterton District,Te Tai Runga,323,323.0,0.0,0.0,243,46,5,13,1,2
2025,2450,St Johns Hill School,Contributing,State: Not integrated,Co-Ed,Manawatū-Whanganui Regio,"Taranaki, Whanganui, Manawatu",Whanganui District,Te Tai Whenua,411,190.0,221.0,0.0,232,83,11,71,12,2
2025,2451,St Joseph's School (Feilding),Full Primary,State: Integrated,Co-Ed,Manawatū-Whanganui Regio,"Taranaki, Whanganui, Manawatu",Manawatu District,Te Tai Whenua,77,41.0,36.0,0.0,34,17,9,17,0,0
2025,2452,St Joseph's School (Patea),Contributing,State: Integrated,Co-Ed,Taranaki Region,"Taranaki, Whanganui, Manawatu",South Taranaki District,Te Tai Whenua,11,5.0,6.0,0.0,0,11,0,0,0,0
2025,2453,St Joseph's School (Taihape),Full Primary,State: Integrated,Co-Ed,Manawatū-Whanganui Regio,"Taranaki, Whanganui, Manawatu",Rangitikei District,Te Tai Whenua,90,46.0,44.0,0.0,36,36,2,13,1,2
2025,2454,St Mary's School (Wanganui),Full Primary,State: Integrated,Co-Ed,Manawatū-Whanganui Regio,"Taranaki, Whanganui, Manawatu",Whanganui District,Te Tai Whenua,249,132.0,117.0,0.0,113,61,11,62,2,0
2025,2455,St Mary's School (Foxton),Full Primary,State: Integrated,Co-Ed,Manawatū-Whanganui Regio,Wellington,Horowhenua District,Te Tai Runga,31,15.0,16.0,0.0,5,15,6,5,0,0
2025,2456,St Matthew's School (Marton),Full Primary,State: Integrated,Co-Ed,Manawatū-Whanganui Regio,"Taranaki, Whanganui, Manawatu",Rangitikei District,Te Tai Whenua,50,29.0,21.0,0.0,11,10,21,5,3,0
2025,2457,St Mary's School (P North),Contributing,State: Integrated,Co-Ed,Manawatū-Whanganui Regio,"Taranaki, Whanganui, Manawatu",Palmerston North City,Te Tai Whenua,215,108.0,107.0,0.0,35,9,15,151,3,2
2025,246,St Matthew's Collegiate (Masterton),Secondary (Year 7-15),State: Integrated,Single Sex-Girls,Wellington Region,Wellington,Masterton District,Te Tai Runga,294,0.0,294.0,0.0,242,30,1,14,4,1
2025,2460,Takaro School,Full Primary,State: Not integrated,Co-Ed,Manawatū-Whanganui Regio,"Taranaki, Whanganui, Manawatu",Palmerston North City,Te Tai Whenua,219,125.0,94.0,0.0,11,150,15,33,3,7
2025,2461,Tangimoana School,Full Primary,State: Not integrated,Co-Ed,Manawatū-Whanganui Regio,"Taranaki, Whanganui, Manawatu",Manawatu District,Te Tai Whenua,16,11.0,5.0,0.0,7,9,0,0,0,0
2025,2462,Taonui School,Full Primary,State: Not integrated,Co-Ed,Manawatū-Whanganui Regio,"Taranaki, Whanganui, Manawatu",Manawatu District,Te Tai Whenua,139,79.0,60.0,0.0,100,32,2,3,1,1
2025,2463,Taoroa School,Full Primary,State: Not integrated,Co-Ed,Manawatū-Whanganui Regio,"Taranaki, Whanganui, Manawatu",Rangitikei District,Te Tai Whenua,54,24.0,30.0,0.0,22,30,2,0,0,0
2025,2465,Tawhero School,Contributing,State: Not integrated,Co-Ed,Manawatū-Whanganui Regio,"Taranaki, Whanganui, Manawatu",Whanganui District,Te Tai Whenua,150,80.0,70.0,0.0,12,116,15,7,0,0
2025,2466,Terrace End School,Contributing,State: Not integrated,Co-Ed,Manawatū-Whanganui Regio,"Taranaki, Whanganui, Manawatu",Palmerston North City,Te Tai Whenua,207,111.0,96.0,0.0,53,81,17,51,5,0
2025,2467,Turitea School,Contributing,State: Not integrated,Co-Ed,Manawatū-Whanganui Regio,"Taranaki, Whanganui, Manawatu",Palmerston North City,Te Tai Whenua,140,79.0,61.0,0.0,89,31,5,11,4,0
2025,2468,Turakina School,Full Primary,State: Not integrated,Co-Ed,Manawatū-Whanganui Regio,"Taranaki, Whanganui, Manawatu",Rangitikei District,Te Tai Whenua,28,10.0,18.0,0.0,15,12,0,0,1,0
2025,2469,Upokongaro School,Full Primary,State: Not integrated,Co-Ed,Manawatū-Whanganui Regio,"Taranaki, Whanganui, Manawatu",Whanganui District,Te Tai Whenua,114,71.0,43.0,0.0,28,85,1,0,0,0
2025,247,Kāpiti College,Secondary (Year 9-15),State: Not integrated,Co-Ed,Wellington Region,Wellington,Kapiti Coast District,Te Tai Runga,1461,744.0,710.0,7.0,1002,258,26,87,25,23
2025,2472,Waiouru School,Full Primary,State: Not integrated,Co-Ed,Manawatū-Whanganui Regio,"Taranaki, Whanganui, Manawatu",Ruapehu District,Te Tai Whenua,91,50.0,41.0,0.0,37,40,13,1,0,0
2025,2474,Waitotara School,Full Primary,State: Not integrated,Co-Ed,Taranaki Region,"Taranaki, Whanganui, Manawatu",South Taranaki District,Te Tai Whenua,36,26.0,10.0,0.0,27,9,0,0,0,0
2025,2475,Waituna West School,Full Primary,State: Not integrated,Co-Ed,Manawatū-Whanganui Regio,"Taranaki, Whanganui, Manawatu",Manawatu District,Te Tai Whenua,58,37.0,21.0,0.0,50,6,0,2,0,0
2025,2476,Whanganui East School,Contributing,State: Not integrated,Co-Ed,Manawatū-Whanganui Regio,"Taranaki, Whanganui, Manawatu",Whanganui District,Te Tai Whenua,168,72.0,96.0,0.0,34,126,2,3,2,1
2025,2477,Whanganui Intermediate,Intermediate,State: Not integrated,Co-Ed,Manawatū-Whanganui Regio,"Taranaki, Whanganui, Manawatu",Whanganui District,Te Tai Whenua,461,229.0,232.0,0.0,202,195,20,31,8,5
2025,2478,Waverley Primary School,Full Primary,State: Not integrated,Co-Ed,Taranaki Region,"Taranaki, Whanganui, Manawatu",South Taranaki District,Te Tai Whenua,162,76.0,86.0,0.0,91,50,2,15,4,0
2025,2479,West End School (P North),Contributing,State: Not integrated,Co-Ed,Manawatū-Whanganui Regio,"Taranaki, Whanganui, Manawatu",Palmerston North City,Te Tai Whenua,342,166.0,176.0,0.0,142,111,16,67,6,0
2025,248,Paraparaumu College,Secondary (Year 9-15),State: Not integrated,Co-Ed,Wellington Region,Wellington,Kapiti Coast District,Te Tai Runga,1502,786.0,,,920,306,48,157,17,13
2025,2480,Westmere School - Whanganui,Full Primary,State: Not integrated,Co-Ed,Manawatū-Whanganui Regio,"Taranaki, Whanganui, Manawatu",Whanganui District,Te Tai Whenua,238,125.0,113.0,0.0,181,45,2,8,2,0
2025,2481,Whakarongo School,Full Primary,State: Not integrated,Co-Ed,Manawatū-Whanganui Regio,"Taranaki, Whanganui, Manawatu",Palmerston North City,Te Tai Whenua,467,238.0,229.0,0.0,230,98,12,104,17,3
2025,2482,Whangaehu School,Full Primary,State: Not integrated,Co-Ed,Manawatū-Whanganui Regio,"Taranaki, Whanganui, Manawatu",Rangitikei District,Te Tai Whenua,19,9.0,10.0,0.0,2,13,0,4,0,0
2025,2483,Whenuakura School,Contributing,State: Not integrated,Co-Ed,Taranaki Region,"Taranaki, Whanganui, Manawatu",South Taranaki District,Te Tai Whenua,39,20.0,19.0,0.0,20,12,2,5,0,0
2025,2484,Winchester School (P North),Contributing,State: Not integrated,Co-Ed,Manawatū-Whanganui Regio,"Taranaki, Whanganui, Manawatu",Palmerston North City,Te Tai Whenua,329,168.0,161.0,0.0,178,53,11,60,22,5
2025,249,Kuranui College,Secondary (Year 9-15),State: Not integrated,Co-Ed,Wellington Region,Wellington,South Wairarapa District,Te Tai Runga,801,435.0,,,507,210,30,32,16,3
2025,25,Orewa College,Secondary (Year 7-15),State: Not integrated,Co-Ed,Auckland Region,Tāmaki Herenga Tāngata,Auckland- Hibiscus and Bays,Te Tai Raro,2164,,1087.0,,1258,302,97,362,68,24
2025,250,Upper Hutt College,Secondary (Year 9-15),State: Not integrated,Co-Ed,Wellington Region,Wellington,Upper Hutt City,Te Tai Runga,1137,502.0,629.0,6.0,561,279,70,149,31,18
2025,251,Heretaunga College,Secondary (Year 9-15),State: Not integrated,Co-Ed,Wellington Region,Wellington,Upper Hutt City,Te Tai Runga,848,448.0,,,487,231,36,71,13,10
2025,252,St Patrick's College (Silverstream),Secondary (Year 9-15),State: Integrated,Single Sex-Boys,Wellington Region,Wellington,Upper Hutt City,Te Tai Runga,741,741.0,0.0,0.0,328,176,136,77,11,10
2025,253,Aotea College,Secondary (Year 9-15),State: Not integrated,Co-Ed,Wellington Region,Wellington,Porirua City,Te Tai Runga,1328,629.0,692.0,7.0,653,303,176,140,32,10
2025,254,Mana College,Secondary (Year 9-15),State: Not integrated,Co-Ed,Wellington Region,Wellington,Porirua City,Te Tai Runga,500,280.0,,,75,306,78,33,5,3
2025,2542,Argyll East School,Full Primary,State: Not integrated,Co-Ed,Hawkes Bay Region,"Hawke's Bay, Tairawhiti",Central Hawke's Bay District,Te Tai Whenua,73,25.0,48.0,0.0,51,16,0,1,0,5
2025,2543,Arthur Miller School,Contributing,State: Not integrated,Co-Ed,Hawkes Bay Region,"Hawke's Bay, Tairawhiti",Napier City,Te Tai Whenua,298,166.0,132.0,0.0,179,57,6,40,16,0
2025,2544,Awapuni School (Gisborne),Contributing,State: Not integrated,Co-Ed,Gisborne Region,"Hawke's Bay, Tairawhiti",Gisborne District,Te Tai Whenua,285,158.0,127.0,0.0,62,186,9,17,11,0
2025,2546,Bledisloe School,Contributing,State: Not integrated,Co-Ed,Hawkes Bay Region,"Hawke's Bay, Tairawhiti",Napier City,Te Tai Whenua,300,140.0,160.0,0.0,123,110,9,34,22,2
2025,2547,Bridge Pa School,Full Primary,State: Not integrated,Co-Ed,Hawkes Bay Region,"Hawke's Bay, Tairawhiti",Hastings District,Te Tai Whenua,101,57.0,44.0,0.0,0,101,0,0,0,0
2025,2548,Camberley School,Contributing,State: Not integrated,Co-Ed,Hawkes Bay Region,"Hawke's Bay, Tairawhiti",Hastings District,Te Tai Whenua,94,49.0,45.0,0.0,0,78,15,0,0,1
2025,2549,Clive School,Contributing,State: Not integrated,Co-Ed,Hawkes Bay Region,"Hawke's Bay, Tairawhiti",Hastings District,Te Tai Whenua,210,105.0,105.0,0.0,119,72,8,9,2,0
2025,255,Porirua College,Secondary (Year 9-15),State: Not integrated,Co-Ed,Wellington Region,Wellington,Porirua City,Te Tai Runga,617,,320.0,,4,225,319,43,24,2
2025,2553,Dannevirke South School,Full Primary,State: Not integrated,Co-Ed,Manawatū-Whanganui Regio,Wellington,Tararua District,Te Tai Runga,262,134.0,128.0,0.0,125,115,7,11,3,1
2025,2554,Ebbett Park School,Contributing,State: Not integrated,Co-Ed,Hawkes Bay Region,"Hawke's Bay, Tairawhiti",Hastings District,Te Tai Whenua,127,60.0,67.0,0.0,23,86,10,8,0,0
2025,2555,Elgin School,Contributing,State: Not integrated,Co-Ed,Gisborne Region,"Hawke's Bay, Tairawhiti",Gisborne District,Te Tai Whenua,46,22.0,24.0,0.0,0,42,3,0,0,1
2025,2556,Elsthorpe School,Full Primary,State: Not integrated,Co-Ed,Hawkes Bay Region,"Hawke's Bay, Tairawhiti",Central Hawke's Bay District,Te Tai Whenua,46,24.0,22.0,0.0,34,10,1,1,0,0
2025,2557,Eskdale School,Full Primary,State: Not integrated,Co-Ed,Hawkes Bay Region,"Hawke's Bay, Tairawhiti",Napier City,Te Tai Whenua,279,125.0,154.0,0.0,211,53,3,7,5,0
2025,2558,Fairhaven School (Napier),Specialist School,State: Not integrated,Co-Ed,Hawkes Bay Region,"Hawke's Bay, Tairawhiti",Napier City,Te Tai Whenua,91,52.0,39.0,0.0,33,51,2,4,1,0
2025,256,Bishop Viard College,Secondary (Year 7-15),State: Integrated,Co-Ed,Wellington Region,Wellington,Porirua City,Te Tai Runga,382,189.0,193.0,0.0,4,83,240,43,11,1
2025,2560,Flaxmere Primary School,Full Primary,State: Not integrated,Co-Ed,Hawkes Bay Region,"Hawke's Bay, Tairawhiti",Hastings District,Te Tai Whenua,424,212.0,212.0,0.0,15,273,129,7,0,0
2025,2561,Flemington School (Waipukurau),Full Primary,State: Not integrated,Co-Ed,Hawkes Bay Region,"Hawke's Bay, Tairawhiti",Central Hawke's Bay District,Te Tai Whenua,86,40.0,46.0,0.0,65,21,0,0,0,0
2025,2562,Frasertown School,Contributing,State: Not integrated,Co-Ed,Hawkes Bay Region,"Hawke's Bay, Tairawhiti",Wairoa District,Te Tai Whenua,113,54.0,59.0,0.0,38,73,1,0,1,0
2025,2563,Frimley School,Contributing,State: Not integrated,Co-Ed,Hawkes Bay Region,"Hawke's Bay, Tairawhiti",Hastings District,Te Tai Whenua,505,245.0,260.0,0.0,108,205,43,140,8,1
2025,2564,Gisborne Central School,Contributing,State: Not integrated,Co-Ed,Gisborne Region,"Hawke's Bay, Tairawhiti",Gisborne District,Te Tai Whenua,362,196.0,166.0,0.0,201,112,0,36,13,0
2025,2566,Gisborne Intermediate,Intermediate,State: Not integrated,Co-Ed,Gisborne Region,"Hawke's Bay, Tairawhiti",Gisborne District,Te Tai Whenua,543,292.0,251.0,0.0,179,312,22,23,4,3
2025,2567,Greenmeadows School,Contributing,State: Not integrated,Co-Ed,Hawkes Bay Region,"Hawke's Bay, Tairawhiti",Napier City,Te Tai Whenua,494,256.0,238.0,0.0,269,121,11,70,23,0
2025,2569,Hastings Central School,Contributing,State: Not integrated,Co-Ed,Hawkes Bay Region,"Hawke's Bay, Tairawhiti",Hastings District,Te Tai Whenua,205,107.0,98.0,0.0,38,88,35,40,2,2
2025,257,Tawa College,Secondary (Year 9-15),State: Not integrated,Co-Ed,Wellington Region,Wellington,Wellington City,Te Tai Runga,1106,542.0,558.0,6.0,402,225,143,273,38,17
2025,2570,Hastings Intermediate,Intermediate,State: Not integrated,Co-Ed,Hawkes Bay Region,"Hawke's Bay, Tairawhiti",Hastings District,Te Tai Whenua,381,185.0,196.0,0.0,111,173,43,44,9,1
2025,2571,Haumoana School,Contributing,State: Not integrated,Co-Ed,Hawkes Bay Region,"Hawke's Bay, Tairawhiti",Hastings District,Te Tai Whenua,163,88.0,75.0,0.0,106,40,1,11,3,2
2025,2572,Havelock North Intermediate,Intermediate,State: Not integrated,Co-Ed,Hawkes Bay Region,"Hawke's Bay, Tairawhiti",Hastings District,Te Tai Whenua,555,281.0,274.0,0.0,344,116,11,42,28,13
2025,2573,Havelock North Primary School,Contributing,State: Not integrated,Co-Ed,Hawkes Bay Region,"Hawke's Bay, Tairawhiti",Hastings District,Te Tai Whenua,559,282.0,277.0,0.0,378,86,5,49,38,3
2025,2574,Henry Hill School,Contributing,State: Not integrated,Co-Ed,Hawkes Bay Region,"Hawke's Bay, Tairawhiti",Napier City,Te Tai Whenua,283,152.0,131.0,0.0,27,222,20,5,1,8
2025,2575,Heretaunga Intermediate,Intermediate,State: Not integrated,Co-Ed,Hawkes Bay Region,"Hawke's Bay, Tairawhiti",Hastings District,Te Tai Whenua,284,153.0,131.0,0.0,79,134,23,41,7,0
2025,2578,Hiruharama School,Full Primary,State: Not integrated,Co-Ed,Gisborne Region,"Hawke's Bay, Tairawhiti",Gisborne District,Te Tai Whenua,123,54.0,69.0,0.0,0,122,1,0,0,0
2025,258,Taita College,Secondary (Year 9-15),State: Not integrated,Co-Ed,Wellington Region,Wellington,Lower Hutt City,Te Tai Runga,383,195.0,,,70,162,106,34,8,3
2025,2581,Ilminster Intermediate,Intermediate,State: Not integrated,Co-Ed,Gisborne Region,"Hawke's Bay, Tairawhiti",Gisborne District,Te Tai Whenua,305,161.0,144.0,0.0,90,198,7,7,2,1
2025,2582,Irongate School,Full Primary,State: Not integrated,Co-Ed,Hawkes Bay Region,"Hawke's Bay, Tairawhiti",Hastings District,Te Tai Whenua,211,109.0,102.0,0.0,7,150,50,4,0,0
2025,2584,Kaiti School,Contributing,State: Not integrated,Co-Ed,Gisborne Region,"Hawke's Bay, Tairawhiti",Gisborne District,Te Tai Whenua,416,198.0,218.0,0.0,8,378,28,1,1,0
2025,2585,Kereru School,Full Primary,State: Not integrated,Co-Ed,Hawkes Bay Region,"Hawke's Bay, Tairawhiti",Hastings District,Te Tai Whenua,26,10.0,16.0,0.0,25,1,0,0,0,0
2025,2587,Kotemaori School,Full Primary,State: Not integrated,Co-Ed,Hawkes Bay Region,"Hawke's Bay, Tairawhiti",Wairoa District,Te Tai Whenua,18,13.0,5.0,0.0,0,13,5,0,0,0
2025,2588,Kōwhai School,Specialist School,State: Not integrated,Co-Ed,Hawkes Bay Region,"Hawke's Bay, Tairawhiti",Hastings District,Te Tai Whenua,133,89.0,44.0,0.0,37,76,12,8,0,0
2025,259,Naenae College,Secondary (Year 9-15),State: Not integrated,Co-Ed,Wellington Region,Wellington,Lower Hutt City,Te Tai Runga,830,430.0,,,173,234,176,162,74,11
2025,2590,Lucknow School,Contributing,State: Not integrated,Co-Ed,Hawkes Bay Region,"Hawke's Bay, Tairawhiti",Hastings District,Te Tai Whenua,276,142.0,134.0,0.0,152,89,11,11,13,0
2025,2592,Mahora School,Contributing,State: Not integrated,Co-Ed,Hawkes Bay Region,"Hawke's Bay, Tairawhiti",Hastings District,Te Tai Whenua,356,180.0,176.0,0.0,115,141,45,49,5,1
2025,2593,Makaraka School,Contributing,State: Not integrated,Co-Ed,Gisborne Region,"Hawke's Bay, Tairawhiti",Gisborne District,Te Tai Whenua,109,61.0,48.0,0.0,57,44,1,4,3,0
2025,2594,Makarika School,Full Primary,State: Not integrated,Co-Ed,Gisborne Region,"Hawke's Bay, Tairawhiti",Gisborne District,Te Tai Whenua,22,12.0,10.0,0.0,1,21,0,0,0,0
2025,2595,Makauri School,Contributing,State: Not integrated,Co-Ed,Gisborne Region,"Hawke's Bay, Tairawhiti",Gisborne District,Te Tai Whenua,149,78.0,71.0,0.0,105,29,0,11,3,1
2025,2597,Mangapapa School,Contributing,State: Not integrated,Co-Ed,Gisborne Region,"Hawke's Bay, Tairawhiti",Gisborne District,Te Tai Whenua,421,210.0,211.0,0.0,145,216,10,39,9,2
2025,2599,Mangateretere School,Full Primary,State: Not integrated,Co-Ed,Hawkes Bay Region,"Hawke's Bay, Tairawhiti",Hastings District,Te Tai Whenua,40,24.0,16.0,0.0,2,34,2,2,0,0
2025,26,Kaipara College,Secondary (Year 9-15),State: Not integrated,Co-Ed,Auckland Region,Tāmaki Herenga Tāngata,Auckland- Rodney,Te Tai Raro,757,400.0,,,437,223,32,39,14,4
2025,260,St Bernard's College,Secondary (Year 7-15),State: Integrated,Single Sex-Boys,Wellington Region,Wellington,Lower Hutt City,Te Tai Runga,666,666.0,0.0,0.0,261,170,103,109,14,8
2025,2600,TKKM o Mangatuna,Full Primary,State: Not integrated,Co-Ed,Gisborne Region,"Hawke's Bay, Tairawhiti",Gisborne District,Te Tai Whenua,24,12.0,12.0,0.0,0,24,0,0,0,0
2025,2602,Manutuke School,Composite (Year 1-15),State: Not integrated,Co-Ed,Gisborne Region,"Hawke's Bay, Tairawhiti",Gisborne District,Te Tai Whenua,215,97.0,118.0,0.0,2,208,2,0,3,0
2025,2604,Maraenui Bilingual School (Napier),Full Primary,State: Not integrated,Co-Ed,Hawkes Bay Region,"Hawke's Bay, Tairawhiti",Napier City,Te Tai Whenua,146,78.0,68.0,0.0,0,146,0,0,0,0
2025,2606,Marewa School,Contributing,State: Not integrated,Co-Ed,Hawkes Bay Region,"Hawke's Bay, Tairawhiti",Napier City,Te Tai Whenua,220,126.0,94.0,0.0,28,153,26,7,6,0
2025,2609,Te Kura o Mata,Full Primary,State: Not integrated,Co-Ed,Gisborne Region,"Hawke's Bay, Tairawhiti",Gisborne District,Te Tai Whenua,8,4.0,4.0,0.0,0,8,0,0,0,0
2025,261,Hutt Valley High School,Secondary (Year 9-15),State: Not integrated,Co-Ed,Wellington Region,Wellington,Lower Hutt City,Te Tai Runga,1937,948.0,979.0,10.0,960,301,95,440,72,23
2025,2611,Matawai School,Full Primary,State: Not integrated,Co-Ed,Gisborne Region,"Hawke's Bay, Tairawhiti",Gisborne District,Te Tai Whenua,51,23.0,28.0,0.0,28,22,0,1,0,0
2025,2612,Mayfair School,Contributing,State: Not integrated,Co-Ed,Hawkes Bay Region,"Hawke's Bay, Tairawhiti",Hastings District,Te Tai Whenua,217,115.0,102.0,0.0,26,145,25,20,1,0
2025,2613,Meeanee School,Full Primary,State: Not integrated,Co-Ed,Hawkes Bay Region,"Hawke's Bay, Tairawhiti",Napier City,Te Tai Whenua,104,47.0,57.0,0.0,66,29,8,1,0,0
2025,2616,Motu School,Full Primary,State: Not integrated,Co-Ed,Gisborne Region,"Hawke's Bay, Tairawhiti",Gisborne District,Te Tai Whenua,7,6.0,1.0,0.0,3,4,0,0,0,0
2025,2617,Muriwai School,Full Primary,State: Not integrated,Co-Ed,Gisborne Region,"Hawke's Bay, Tairawhiti",Gisborne District,Te Tai Whenua,58,24.0,34.0,0.0,0,58,0,0,0,0
2025,2618,Napier Central School,Contributing,State: Not integrated,Co-Ed,Hawkes Bay Region,"Hawke's Bay, Tairawhiti",Napier City,Te Tai Whenua,255,110.0,145.0,0.0,168,34,2,32,15,4
2025,2619,Napier Intermediate,Intermediate,State: Not integrated,Co-Ed,Hawkes Bay Region,"Hawke's Bay, Tairawhiti",Napier City,Te Tai Whenua,383,188.0,195.0,0.0,145,166,20,31,13,7
2025,262,Sacred Heart College (Lower Hutt),Secondary (Year 9-15),State: Integrated,Single Sex-Girls,Wellington Region,Wellington,Lower Hutt City,Te Tai Runga,827,0.0,,,274,201,188,139,19,4
2025,2620,Nelson Park School,Contributing,State: Not integrated,Co-Ed,Hawkes Bay Region,"Hawke's Bay, Tairawhiti",Napier City,Te Tai Whenua,349,178.0,171.0,0.0,185,102,6,44,10,2
2025,2621,Ngatapa School,Full Primary,State: Not integrated,Co-Ed,Gisborne Region,"Hawke's Bay, Tairawhiti",Gisborne District,Te Tai Whenua,13,9.0,4.0,0.0,7,6,0,0,0,0
2025,2622,Norsewood and Districts School,Full Primary,State: Not integrated,Co-Ed,Manawatū-Whanganui Regio,Wellington,Tararua District,Te Tai Runga,44,31.0,13.0,0.0,13,30,0,1,0,0
2025,2624,Nuhaka School,Full Primary,State: Not integrated,Co-Ed,Hawkes Bay Region,"Hawke's Bay, Tairawhiti",Wairoa District,Te Tai Whenua,108,62.0,46.0,0.0,16,88,4,0,0,0
2025,2625,Ohuka School,Full Primary,State: Not integrated,Co-Ed,Hawkes Bay Region,"Hawke's Bay, Tairawhiti",Wairoa District,Te Tai Whenua,11,1.0,10.0,0.0,3,8,0,0,0,0
2025,2626,Omahu School,Full Primary,State: Not integrated,Co-Ed,Hawkes Bay Region,"Hawke's Bay, Tairawhiti",Hastings District,Te Tai Whenua,58,36.0,22.0,0.0,0,57,1,0,0,0
2025,2627,Omakere School,Full Primary,State: Not integrated,Co-Ed,Hawkes Bay Region,"Hawke's Bay, Tairawhiti",Central Hawke's Bay District,Te Tai Whenua,78,30.0,48.0,0.0,63,15,0,0,0,0
2025,2628,Onekawa School,Contributing,State: Not integrated,Co-Ed,Hawkes Bay Region,"Hawke's Bay, Tairawhiti",Napier City,Te Tai Whenua,350,181.0,169.0,0.0,151,130,9,38,18,4
2025,2629,Ongaonga School,Full Primary,State: Not integrated,Co-Ed,Hawkes Bay Region,"Hawke's Bay, Tairawhiti",Central Hawke's Bay District,Te Tai Whenua,41,23.0,18.0,0.0,20,12,2,7,0,0
2025,263,Chilton Saint James School,Composite (Year 1-15),Private: Fully Reg.,Single Sex-Girls,Wellington Region,Wellington,Lower Hutt City,Te Tai Runga,249,3.0,246.0,0.0,116,18,8,92,6,7
2025,2631,Ormond School,Contributing,State: Not integrated,Co-Ed,Gisborne Region,"Hawke's Bay, Tairawhiti",Gisborne District,Te Tai Whenua,85,46.0,39.0,0.0,49,36,0,0,0,0
2025,2634,Otane School,Full Primary,State: Not integrated,Co-Ed,Hawkes Bay Region,"Hawke's Bay, Tairawhiti",Central Hawke's Bay District,Te Tai Whenua,93,41.0,52.0,0.0,27,60,4,0,2,0
2025,2637,Te Kura o Pakipaki,Full Primary,State: Not integrated,Co-Ed,Hawkes Bay Region,"Hawke's Bay, Tairawhiti",Hastings District,Te Tai Whenua,39,20.0,19.0,0.0,2,37,0,0,0,0
2025,2638,Pakowhai School,Contributing,State: Not integrated,Co-Ed,Hawkes Bay Region,"Hawke's Bay, Tairawhiti",Hastings District,Te Tai Whenua,35,20.0,15.0,0.0,21,12,1,1,0,0
2025,2641,Parkvale School,Contributing,State: Not integrated,Co-Ed,Hawkes Bay Region,"Hawke's Bay, Tairawhiti",Hastings District,Te Tai Whenua,481,242.0,239.0,0.0,199,143,26,98,14,1
2025,2642,Patoka School,Full Primary,State: Not integrated,Co-Ed,Hawkes Bay Region,"Hawke's Bay, Tairawhiti",Hastings District,Te Tai Whenua,39,17.0,22.0,0.0,20,17,1,1,0,0
2025,2643,Patutahi School,Full Primary,State: Not integrated,Co-Ed,Gisborne Region,"Hawke's Bay, Tairawhiti",Gisborne District,Te Tai Whenua,76,32.0,44.0,0.0,0,76,0,0,0,0
2025,2644,Te Whai Hiringa,Full Primary,State: Not integrated,Co-Ed,Hawkes Bay Region,"Hawke's Bay, Tairawhiti",Hastings District,Te Tai Whenua,468,250.0,218.0,0.0,13,316,135,4,0,0
2025,2647,Porritt School,Contributing,State: Not integrated,Co-Ed,Hawkes Bay Region,"Hawke's Bay, Tairawhiti",Napier City,Te Tai Whenua,328,190.0,138.0,0.0,112,175,17,16,6,2
2025,2648,Port Ahuriri School,Contributing,State: Not integrated,Co-Ed,Hawkes Bay Region,"Hawke's Bay, Tairawhiti",Napier City,Te Tai Whenua,225,114.0,111.0,0.0,134,60,8,17,3,1
2025,2649,Potaka School,Full Primary,State: Not integrated,Co-Ed,Gisborne Region,"Hawke's Bay, Tairawhiti",Gisborne District,Te Tai Whenua,48,30.0,18.0,0.0,4,44,0,0,0,0
2025,265,St Oran's College,Secondary (Year 7-15),State: Integrated,Single Sex-Girls,Wellington Region,Wellington,Lower Hutt City,Te Tai Runga,507,0.0,507.0,0.0,322,60,18,90,15,2
2025,2650,Poukawa School,Full Primary,State: Not integrated,Co-Ed,Hawkes Bay Region,"Hawke's Bay, Tairawhiti",Hastings District,Te Tai Whenua,103,52.0,51.0,0.0,55,45,1,2,0,0
2025,2651,Pukehamoamoa School,Full Primary,State: Not integrated,Co-Ed,Hawkes Bay Region,"Hawke's Bay, Tairawhiti",Hastings District,Te Tai Whenua,66,31.0,35.0,0.0,50,15,1,0,0,0
2025,2652,Pukehou School,Full Primary,State: Not integrated,Co-Ed,Hawkes Bay Region,"Hawke's Bay, Tairawhiti",Central Hawke's Bay District,Te Tai Whenua,44,25.0,19.0,0.0,28,14,0,1,1,0
2025,2654,Puketapu School (Hawkes Bay),Full Primary,State: Not integrated,Co-Ed,Hawkes Bay Region,"Hawke's Bay, Tairawhiti",Hastings District,Te Tai Whenua,246,117.0,129.0,0.0,166,70,3,5,2,0
2025,2657,Putere School,Full Primary,State: Not integrated,Co-Ed,Hawkes Bay Region,"Hawke's Bay, Tairawhiti",Wairoa District,Te Tai Whenua,9,6.0,3.0,0.0,3,6,0,0,0,0
2025,2658,Putorino School,Full Primary,State: Not integrated,Co-Ed,Hawkes Bay Region,"Hawke's Bay, Tairawhiti",Hastings District,Te Tai Whenua,15,10.0,5.0,0.0,7,6,2,0,0,0
2025,2659,TKKM o Tapere-Nui-A-Whatonga,Full Primary,State: Not integrated,Co-Ed,Gisborne Region,"Hawke's Bay, Tairawhiti",Gisborne District,Te Tai Whenua,24,15.0,9.0,0.0,0,24,0,0,0,0
2025,266,Waipa Christian School,Full Primary,State: Integrated,Co-Ed,Waikato Region,Waikato,Waipa District,Te Tai Whenua,89,48.0,41.0,0.0,50,12,3,21,2,1
2025,2662,Raureka School,Contributing,State: Not integrated,Co-Ed,Hawkes Bay Region,"Hawke's Bay, Tairawhiti",Hastings District,Te Tai Whenua,270,135.0,135.0,0.0,81,111,35,36,6,1
2025,2663,Reignier Catholic School,Full Primary,State: Integrated,Co-Ed,Hawkes Bay Region,"Hawke's Bay, Tairawhiti",Napier City,Te Tai Whenua,187,86.0,101.0,0.0,104,20,1,56,5,1
2025,2664,Rere School,Full Primary,State: Not integrated,Co-Ed,Gisborne Region,"Hawke's Bay, Tairawhiti",Gisborne District,Te Tai Whenua,38,23.0,15.0,0.0,30,8,0,0,0,0
2025,2665,Richmond School (Napier),Contributing,State: Not integrated,Co-Ed,Hawkes Bay Region,"Hawke's Bay, Tairawhiti",Napier City,Te Tai Whenua,54,24.0,30.0,0.0,3,45,5,1,0,0
2025,2667,Riverdale School (Gisborne),Contributing,State: Not integrated,Co-Ed,Gisborne Region,"Hawke's Bay, Tairawhiti",Gisborne District,Te Tai Whenua,133,92.0,41.0,0.0,15,109,4,3,2,0
2025,2669,Ruahine School,Full Primary,State: Not integrated,Co-Ed,Manawatū-Whanganui Regio,Wellington,Tararua District,Te Tai Runga,165,82.0,83.0,0.0,121,38,1,5,0,0
2025,2672,Sherenden and Districts School,Full Primary,State: Not integrated,Co-Ed,Hawkes Bay Region,"Hawke's Bay, Tairawhiti",Hastings District,Te Tai Whenua,58,31.0,27.0,0.0,52,6,0,0,0,0
2025,2673,Sherwood School (Hawkes Bay),Full Primary,State: Not integrated,Co-Ed,Hawkes Bay Region,"Hawke's Bay, Tairawhiti",Central Hawke's Bay District,Te Tai Whenua,33,19.0,14.0,0.0,25,5,0,3,0,0
2025,2676,St Joseph's School (Dannevirke),Full Primary,State: Integrated,Co-Ed,Manawatū-Whanganui Regio,Wellington,Tararua District,Te Tai Runga,132,57.0,75.0,0.0,60,56,2,13,1,0
2025,2677,St Joseph's School (Hastings),Full Primary,State: Integrated,Co-Ed,Hawkes Bay Region,"Hawke's Bay, Tairawhiti",Hastings District,Te Tai Whenua,288,142.0,146.0,0.0,74,47,19,132,16,0
2025,2678,St Joseph's School (Central Hawke's Bay),Full Primary,State: Integrated,Co-Ed,Hawkes Bay Region,"Hawke's Bay, Tairawhiti",Central Hawke's Bay District,Te Tai Whenua,121,60.0,61.0,0.0,57,24,3,37,0,0
2025,2679,St Joseph's School (Wairoa),Full Primary,State: Integrated,Co-Ed,Hawkes Bay Region,"Hawke's Bay, Tairawhiti",Wairoa District,Te Tai Whenua,93,55.0,38.0,0.0,16,66,5,5,1,0
2025,268,Newlands College,Secondary (Year 9-15),State: Not integrated,Co-Ed,Wellington Region,Wellington,Wellington City,Te Tai Runga,1235,,625.0,,436,149,73,468,60,15
2025,2680,St Mary's Catholic School (Gisborne),Contributing,State: Integrated,Co-Ed,Gisborne Region,"Hawke's Bay, Tairawhiti",Gisborne District,Te Tai Whenua,235,116.0,119.0,0.0,89,42,11,86,4,3
2025,2681,St Mary's Catholic School (Hastings),Full Primary,State: Integrated,Co-Ed,Hawkes Bay Region,"Hawke's Bay, Tairawhiti",Hastings District,Te Tai Whenua,282,121.0,161.0,0.0,113,44,36,79,10,0
2025,2684,Takapau School,Full Primary,State: Not integrated,Co-Ed,Hawkes Bay Region,"Hawke's Bay, Tairawhiti",Central Hawke's Bay District,Te Tai Whenua,133,58.0,75.0,0.0,51,70,0,11,0,1
2025,2685,Tamatea Intermediate,Intermediate,State: Not integrated,Co-Ed,Hawkes Bay Region,"Hawke's Bay, Tairawhiti",Napier City,Te Tai Whenua,442,236.0,206.0,0.0,179,216,23,17,4,3
2025,2686,Tamatea School,Contributing,State: Not integrated,Co-Ed,Hawkes Bay Region,"Hawke's Bay, Tairawhiti",Napier City,Te Tai Whenua,143,61.0,82.0,0.0,18,82,15,22,6,0
2025,2687,Taradale Intermediate,Intermediate,State: Not integrated,Co-Ed,Hawkes Bay Region,"Hawke's Bay, Tairawhiti",Napier City,Te Tai Whenua,516,260.0,256.0,0.0,306,107,16,61,19,7
2025,2688,Taradale School,Contributing,State: Not integrated,Co-Ed,Hawkes Bay Region,"Hawke's Bay, Tairawhiti",Napier City,Te Tai Whenua,410,208.0,202.0,0.0,263,57,0,73,14,3
2025,269,Onslow College,Secondary (Year 9-15),State: Not integrated,Co-Ed,Wellington Region,Wellington,Wellington City,Te Tai Runga,1282,725.0,534.0,23.0,708,153,44,274,39,32
2025,2691,Te Awa School,Contributing,State: Not integrated,Co-Ed,Hawkes Bay Region,"Hawke's Bay, Tairawhiti",Napier City,Te Tai Whenua,187,111.0,76.0,0.0,22,130,22,13,0,0
2025,2692,Te Hapara School,Contributing,State: Not integrated,Co-Ed,Gisborne Region,"Hawke's Bay, Tairawhiti",Gisborne District,Te Tai Whenua,208,110.0,98.0,0.0,15,147,28,14,2,2
2025,2697,Te Mata School (Havelock North),Contributing,State: Not integrated,Co-Ed,Hawkes Bay Region,"Hawke's Bay, Tairawhiti",Hastings District,Te Tai Whenua,522,259.0,263.0,0.0,384,70,8,36,23,1
2025,2698,Te Pohue School,Full Primary,State: Not integrated,Co-Ed,Hawkes Bay Region,"Hawke's Bay, Tairawhiti",Hastings District,Te Tai Whenua,18,9.0,9.0,0.0,9,9,0,0,0,0
2025,27,Long Bay College,Secondary (Year 9-15),State: Not integrated,Co-Ed,Auckland Region,Tāmaki Herenga Tāngata,Auckland- Hibiscus and Bays,Te Tai Raro,1893,963.0,,,1096,158,40,375,70,24
2025,2701,Te Wharau School (Gisborne),Contributing,State: Not integrated,Co-Ed,Gisborne Region,"Hawke's Bay, Tairawhiti",Gisborne District,Te Tai Whenua,329,173.0,156.0,0.0,39,259,19,10,2,0
2025,2702,The Terrace School (Waipukurau),Full Primary,State: Not integrated,Co-Ed,Hawkes Bay Region,"Hawke's Bay, Tairawhiti",Central Hawke's Bay District,Te Tai Whenua,144,71.0,73.0,0.0,19,112,4,0,7,2
2025,2703,Tikitiki School,Full Primary,State: Not integrated,Co-Ed,Gisborne Region,"Hawke's Bay, Tairawhiti",Gisborne District,Te Tai Whenua,32,17.0,15.0,0.0,0,32,0,0,0,0
2025,2704,Tikokino School,Full Primary,State: Not integrated,Co-Ed,Hawkes Bay Region,"Hawke's Bay, Tairawhiti",Central Hawke's Bay District,Te Tai Whenua,79,37.0,42.0,0.0,60,18,0,1,0,0
2025,2705,Tiniroto School,Full Primary,State: Not integrated,Co-Ed,Gisborne Region,"Hawke's Bay, Tairawhiti",Gisborne District,Te Tai Whenua,9,2.0,7.0,0.0,0,9,0,0,0,0
2025,2706,Hatea-A-Rangi,Full Primary,State: Not integrated,Co-Ed,Gisborne Region,"Hawke's Bay, Tairawhiti",Gisborne District,Te Tai Whenua,17,10.0,7.0,0.0,1,16,0,0,0,0
2025,2710,Tutira School,Full Primary,State: Not integrated,Co-Ed,Hawkes Bay Region,"Hawke's Bay, Tairawhiti",Hastings District,Te Tai Whenua,24,12.0,12.0,0.0,7,17,0,0,0,0
2025,2711,Twyford School,Full Primary,State: Not integrated,Co-Ed,Hawkes Bay Region,"Hawke's Bay, Tairawhiti",Hastings District,Te Tai Whenua,167,81.0,86.0,0.0,118,22,3,11,8,5
2025,2712,Waerenga-O-Kuri School,Full Primary,State: Not integrated,Co-Ed,Gisborne Region,"Hawke's Bay, Tairawhiti",Gisborne District,Te Tai Whenua,25,11.0,14.0,0.0,20,5,0,0,0,0
2025,2715,Waikirikiri School,Full Primary,State: Not integrated,Co-Ed,Gisborne Region,"Hawke's Bay, Tairawhiti",Gisborne District,Te Tai Whenua,211,111.0,100.0,0.0,0,208,1,2,0,0
2025,2718,Waimarama School,Contributing,State: Not integrated,Co-Ed,Hawkes Bay Region,"Hawke's Bay, Tairawhiti",Hastings District,Te Tai Whenua,23,9.0,14.0,0.0,3,19,1,0,0,0
2025,272,Wellington Girls' College,Secondary (Year 9-15),State: Not integrated,Single Sex-Girls,Wellington Region,Wellington,Wellington City,Te Tai Runga,1427,0.0,1418.0,9.0,778,134,52,315,51,23
2025,2721,Wainui Beach School,Contributing,State: Not integrated,Co-Ed,Gisborne Region,"Hawke's Bay, Tairawhiti",Gisborne District,Te Tai Whenua,246,135.0,111.0,0.0,159,45,5,15,16,6
2025,2723,Waipawa School,Full Primary,State: Not integrated,Co-Ed,Hawkes Bay Region,"Hawke's Bay, Tairawhiti",Central Hawke's Bay District,Te Tai Whenua,324,161.0,163.0,0.0,165,119,28,7,5,0
2025,2725,Waipukurau School,Full Primary,State: Not integrated,Co-Ed,Hawkes Bay Region,"Hawke's Bay, Tairawhiti",Central Hawke's Bay District,Te Tai Whenua,322,177.0,145.0,0.0,187,100,9,12,14,0
2025,273,Wellington High School and Com Ed Centre,Secondary (Year 9-15),State: Not integrated,Co-Ed,Wellington Region,Wellington,Wellington City,Te Tai Runga,1674,871.0,753.0,50.0,1063,181,46,222,75,23
2025,2732,Weber School,Full Primary,State: Not integrated,Co-Ed,Manawatū-Whanganui Regio,Wellington,Tararua District,Te Tai Runga,36,16.0,20.0,0.0,27,9,0,0,0,0
2025,2733,Westshore School,Contributing,State: Not integrated,Co-Ed,Hawkes Bay Region,"Hawke's Bay, Tairawhiti",Napier City,Te Tai Whenua,85,47.0,38.0,0.0,33,41,2,3,5,1
2025,2736,Whangara School,Full Primary,State: Not integrated,Co-Ed,Gisborne Region,"Hawke's Bay, Tairawhiti",Gisborne District,Te Tai Whenua,96,46.0,50.0,0.0,5,91,0,0,0,0
2025,2739,Te Kura Kaupapa Maori o Whatatutu,Full Primary,State: Not integrated,Co-Ed,Gisborne Region,"Hawke's Bay, Tairawhiti",Gisborne District,Te Tai Whenua,22,12.0,10.0,0.0,0,22,0,0,0,0
2025,274,Wellington East Girls' College,Secondary (Year 9-15),State: Not integrated,Single Sex-Girls,Wellington Region,Wellington,Wellington City,Te Tai Runga,987,0.0,,,375,173,112,211,78,9
2025,2742,Woodville School,Full Primary,State: Not integrated,Co-Ed,Manawatū-Whanganui Regio,Wellington,Tararua District,Te Tai Runga,118,69.0,49.0,0.0,48,53,7,10,0,0
2025,2745,St Patrick's School (Napier),Full Primary,State: Integrated,Co-Ed,Hawkes Bay Region,"Hawke's Bay, Tairawhiti",Napier City,Te Tai Whenua,271,122.0,149.0,0.0,135,48,25,52,11,0
2025,2746,Te Kura o Kimi Ora,Full Primary,State: Not integrated,Co-Ed,Hawkes Bay Region,"Hawke's Bay, Tairawhiti",Hastings District,Te Tai Whenua,142,75.0,67.0,0.0,4,69,67,2,0,0
2025,2747,Hawke's Bay School for Teenage Parents,Teen Parent Unit,State: Not integrated,Co-Ed,Hawkes Bay Region,"Hawke's Bay, Tairawhiti",Napier City,Te Tai Whenua,28,3.0,25.0,0.0,5,21,1,0,0,1
2025,2748,Karanga Mai Young Parents College,Teen Parent Unit,State: Not integrated,Co-Ed,Canterbury Region,Canterbury and Chatham Islands,Waimakariri District,Te Tai Runga,24,0.0,24.0,0.0,11,13,0,0,0,0
2025,2749,Te Whare Whai Hua Teenage Parent Centre,Teen Parent Unit,State: Not integrated,Co-Ed,Gisborne Region,"Hawke's Bay, Tairawhiti",Gisborne District,Te Tai Whenua,2,0.0,2.0,0.0,0,2,0,0,0,0
2025,275,Wellington College,Secondary (Year 9-15),State: Not integrated,Single Sex-Boys,Wellington Region,Wellington,Wellington City,Te Tai Runga,1933,1933.0,0.0,0.0,936,223,83,519,56,36
2025,2750,Puawānanga Wairarapa Young Parents,Teen Parent Unit,State: Not integrated,Co-Ed,Wellington Region,Wellington,Masterton District,Te Tai Runga,22,0.0,22.0,0.0,7,14,1,0,0,0
2025,2751,Te Whakatipuranga (Otumoetai TPU),Teen Parent Unit,State: Not integrated,Co-Ed,Bay of Plenty Region,"Bay of Plenty, Waiariki",Tauranga City,Te Tai Whenua,20,0.0,20.0,0.0,3,15,2,0,0,0
2025,2752,He Huarahi Tamariki,Teen Parent Unit,State: Not integrated,Co-Ed,Wellington Region,Wellington,Wellington City,Te Tai Runga,29,1.0,28.0,0.0,4,18,6,0,1,0
2025,2753,Te Āhuru Mōwai,Teen Parent Unit,State: Not integrated,Co-Ed,Bay of Plenty Region,"Bay of Plenty, Waiariki",Rotorua District,Te Tai Whenua,11,0.0,11.0,0.0,0,11,0,0,0,0
2025,2754,Stratford High School Teen Parent Unit,Teen Parent Unit,State: Not integrated,Co-Ed,Taranaki Region,"Taranaki, Whanganui, Manawatu",Stratford District,Te Tai Whenua,14,0.0,14.0,0.0,6,8,0,0,0,0
2025,2755,Titiro Whakamua,Teen Parent Unit,State: Not integrated,Co-Ed,Wellington Region,Wellington,Upper Hutt City,Te Tai Runga,15,0.0,15.0,0.0,3,10,2,0,0,0
2025,2756,Whakatipuria Teen Parent Unit,Teen Parent Unit,State: Not integrated,Co-Ed,Manawatū-Whanganui Regio,"Taranaki, Whanganui, Manawatu",Palmerston North City,Te Tai Whenua,22,1.0,21.0,0.0,6,15,0,1,0,0
2025,2757,He Mataariki School for Teen Parents,Teen Parent Unit,State: Not integrated,Co-Ed,Northland Region,Tai Tokerau,Whangarei District,Te Tai Raro,4,0.0,4.0,0.0,1,3,0,0,0,0
2025,2758,Kawerau Teen Parent Unit,Teen Parent Unit,State: Not integrated,Co-Ed,Bay of Plenty Region,"Bay of Plenty, Waiariki",Kawerau District,Te Tai Whenua,12,0.0,12.0,0.0,0,12,0,0,0,0
2025,2759,He Puaawai Teen Parent Unit,Teen Parent Unit,State: Not integrated,Co-Ed,Waikato Region,Waikato,Hamilton City,Te Tai Whenua,19,1.0,18.0,0.0,7,12,0,0,0,0
2025,276,St Patrick's College (Kilbirnie),Secondary (Year 9-15),State: Integrated,Single Sex-Boys,Wellington Region,Wellington,Wellington City,Te Tai Runga,729,729.0,0.0,0.0,251,109,163,145,46,7
2025,2760,Eden Campus,Teen Parent Unit,State: Not integrated,Co-Ed,Auckland Region,Tāmaki Herenga Manawa,Auckland- Albert-Eden,Te Tai Raro,12,0.0,12.0,0.0,3,4,4,1,0,0
2025,2761,Kimihia Parents' College,Teen Parent Unit,State: Not integrated,Co-Ed,Canterbury Region,Canterbury and Chatham Islands,Christchurch City,Te Tai Runga,4,0.0,4.0,0.0,0,3,1,0,0,0
2025,2762,Clendon Teen Parent Unit,Teen Parent Unit,State: Not integrated,Co-Ed,Auckland Region,Tāmaki Herenga Waka,Auckland- Manurewa,Te Tai Raro,17,0.0,17.0,0.0,0,14,3,0,0,0
2025,277,Rongotai College,Secondary (Year 9-15),State: Not integrated,Single Sex-Boys,Wellington Region,Wellington,Wellington City,Te Tai Runga,719,719.0,0.0,0.0,296,152,84,109,49,3
2025,278,Queen Margaret College,Composite (Year 1-15),Private: Fully Reg.,Single Sex-Girls,Wellington Region,Wellington,Wellington City,Te Tai Runga,758,0.0,,,405,48,16,228,13,6
2025,279,TKKM o Hoani Waititi,Composite (Year 1-15),State: Not integrated,Co-Ed,Auckland Region,Tāmaki Herenga Tāngata,Auckland- Waitākere Ranges,Te Tai Raro,234,109.0,125.0,0.0,0,234,0,0,0,0
2025,28,Rangitoto College,Secondary (Year 9-15),State: Not integrated,Co-Ed,Auckland Region,Tāmaki Herenga Tāngata,Auckland- Upper Harbour,Te Tai Raro,4081,,2124.0,,1316,236,77,2019,160,60
2025,280,Samuel Marsden Collegiate School,Composite (Year 1-15),Private: Fully Reg.,Single Sex-Girls,Wellington Region,Wellington,Wellington City,Te Tai Runga,416,0.0,416.0,0.0,257,18,6,109,3,14
2025,2801,Alfredton School,Full Primary,State: Not integrated,Co-Ed,Manawatū-Whanganui Regio,Wellington,Tararua District,Te Tai Runga,34,21.0,13.0,0.0,23,8,0,2,1,0
2025,2802,Arakura School,Contributing,State: Not integrated,Co-Ed,Wellington Region,Wellington,Lower Hutt City,Te Tai Runga,147,81.0,66.0,0.0,36,84,16,10,0,1
2025,2803,Avalon School,Contributing,State: Not integrated,Co-Ed,Wellington Region,Wellington,Lower Hutt City,Te Tai Runga,215,127.0,88.0,0.0,20,55,61,64,15,0
2025,2805,Ballance School,Full Primary,State: Not integrated,Co-Ed,Manawatū-Whanganui Regio,Wellington,Tararua District,Te Tai Runga,17,10.0,7.0,0.0,15,2,0,0,0,0
2025,2806,Bellevue School (Newlands),Contributing,State: Not integrated,Co-Ed,Wellington Region,Wellington,Wellington City,Te Tai Runga,254,135.0,119.0,0.0,86,29,24,102,12,1
2025,2807,Belmont School (Lower Hutt),Contributing,State: Not integrated,Co-Ed,Wellington Region,Wellington,Lower Hutt City,Te Tai Runga,304,166.0,138.0,0.0,156,44,11,75,18,0
2025,2808,Berhampore School,Contributing,State: Not integrated,Co-Ed,Wellington Region,Wellington,Wellington City,Te Tai Runga,267,138.0,129.0,0.0,143,24,11,52,36,1
2025,281,Scots College,Composite (Year 1-15),Private: Fully Reg.,Co-Ed,Wellington Region,Wellington,Wellington City,Te Tai Runga,1137,755.0,382.0,0.0,636,66,38,268,32,43
2025,2810,Birchville School,Contributing,State: Not integrated,Co-Ed,Wellington Region,Wellington,Upper Hutt City,Te Tai Runga,134,70.0,64.0,0.0,62,53,8,10,1,0
2025,2811,Blenheim School,Contributing,State: Not integrated,Co-Ed,Marlborough Region,"Nelson, Marlborough, West Coast",Marlborough District,Te Tai Runga,168,85.0,83.0,0.0,58,53,22,25,10,0
2025,2812,Bohally Intermediate,Intermediate,State: Not integrated,Co-Ed,Marlborough Region,"Nelson, Marlborough, West Coast",Marlborough District,Te Tai Runga,510,264.0,246.0,0.0,296,131,26,39,13,5
2025,2813,Boulcott School,Contributing,State: Not integrated,Co-Ed,Wellington Region,Wellington,Lower Hutt City,Te Tai Runga,330,160.0,170.0,0.0,141,55,14,103,17,0
2025,2814,Brandon Intermediate,Intermediate,State: Not integrated,Co-Ed,Wellington Region,Wellington,Porirua City,Te Tai Runga,184,102.0,82.0,0.0,2,68,83,19,12,0
2025,2816,Brooklyn School (Wellington),Full Primary,State: Not integrated,Co-Ed,Wellington Region,Wellington,Wellington City,Te Tai Runga,407,203.0,204.0,0.0,244,36,13,85,11,18
2025,2818,Cannons Creek School,Contributing,State: Not integrated,Co-Ed,Wellington Region,Wellington,Porirua City,Te Tai Runga,142,80.0,62.0,0.0,2,55,62,13,10,0
2025,2819,Cardinal McKeefry School (Wilton),Full Primary,State: Integrated,Co-Ed,Wellington Region,Wellington,Wellington City,Te Tai Runga,18,10.0,8.0,0.0,7,1,2,6,2,0
2025,282,Te Kura Amorangi o Whakawatea,Full Primary,State: Not integrated,Co-Ed,Waikato Region,Waikato,Waipa District,Te Tai Whenua,133,70.0,63.0,0.0,0,133,0,0,0,0
2025,2820,Carterton School,Full Primary,State: Not integrated,Co-Ed,Wellington Region,Wellington,Carterton District,Te Tai Runga,223,122.0,101.0,0.0,128,82,3,9,0,1
2025,2821,Cashmere Avenue School,Contributing,State: Not integrated,Co-Ed,Wellington Region,Wellington,Wellington City,Te Tai Runga,291,148.0,143.0,0.0,181,20,4,72,14,0
2025,2823,Crofton Downs Primary School,Contributing,State: Not integrated,Co-Ed,Wellington Region,Wellington,Wellington City,Te Tai Runga,159,90.0,69.0,0.0,94,13,1,36,13,1
2025,2824,Churton Park School,Contributing,State: Not integrated,Co-Ed,Wellington Region,Wellington,Wellington City,Te Tai Runga,326,164.0,162.0,0.0,96,34,7,165,22,2
2025,2826,Clifton Terrace Model School,Full Primary,State: Not integrated,Co-Ed,Wellington Region,Wellington,Wellington City,Te Tai Runga,63,22.0,41.0,0.0,25,6,2,26,4,0
2025,2827,Clyde Quay School,Full Primary,State: Not integrated,Co-Ed,Wellington Region,Wellington,Wellington City,Te Tai Runga,221,104.0,117.0,0.0,93,10,13,88,14,3
2025,2828,Corinna School,Full Primary,State: Not integrated,Co-Ed,Wellington Region,Wellington,Porirua City,Te Tai Runga,165,69.0,96.0,0.0,1,65,92,4,3,0
2025,283,Otamatea Christian School,Composite (Year 1-15),Private: Fully Reg.,Co-Ed,Northland Region,Tai Tokerau,Kaipara District,Te Tai Raro,54,30.0,24.0,0.0,38,10,0,1,3,0
2025,2831,Dalefield School,Full Primary,State: Not integrated,Co-Ed,Wellington Region,Wellington,Carterton District,Te Tai Runga,83,43.0,40.0,0.0,40,34,1,4,4,0
2025,2832,Discovery School,Full Primary,State: Not integrated,Co-Ed,Wellington Region,Wellington,Porirua City,Te Tai Runga,465,239.0,226.0,0.0,291,63,16,53,26,16
2025,2833,Dyer Street School,Contributing,State: Not integrated,Co-Ed,Wellington Region,Wellington,Lower Hutt City,Te Tai Runga,184,92.0,92.0,0.0,63,60,21,21,18,1
2025,2834,Eastern Hutt School,Contributing,State: Not integrated,Co-Ed,Wellington Region,Wellington,Lower Hutt City,Te Tai Runga,597,287.0,310.0,0.0,181,56,17,313,27,3
2025,2835,Eketāhuna School,Full Primary,State: Not integrated,Co-Ed,Manawatū-Whanganui Regio,Wellington,Tararua District,Te Tai Runga,99,51.0,48.0,0.0,60,31,1,3,2,2
2025,2836,Epuni School,Contributing,State: Not integrated,Co-Ed,Wellington Region,Wellington,Lower Hutt City,Te Tai Runga,180,103.0,77.0,0.0,50,57,24,32,16,1
2025,2837,Evans Bay Intermediate,Intermediate,State: Not integrated,Co-Ed,Wellington Region,Wellington,Wellington City,Te Tai Runga,351,190.0,161.0,0.0,151,53,24,84,21,18
2025,2838,Fairfield School (Levin),Full Primary,State: Not integrated,Co-Ed,Manawatū-Whanganui Regio,Wellington,Horowhenua District,Te Tai Runga,383,193.0,190.0,0.0,154,147,22,38,14,8
2025,2839,Fairhall School,Full Primary,State: Not integrated,Co-Ed,Marlborough Region,"Nelson, Marlborough, West Coast",Marlborough District,Te Tai Runga,193,98.0,95.0,0.0,147,17,0,8,11,10
2025,284,St Catherines College (Kilbirnie),Secondary (Year 9-15),State: Integrated,Single Sex-Girls,Wellington Region,Wellington,Wellington City,Te Tai Runga,207,0.0,207.0,0.0,53,25,46,53,25,2
2025,2840,Featherston School Te Kura o Paetūmokai,Full Primary,State: Not integrated,Co-Ed,Wellington Region,Wellington,South Wairarapa District,Te Tai Runga,149,76.0,73.0,0.0,86,55,3,5,0,0
2025,2841,Fergusson Intermediate (Trentham),Intermediate,State: Not integrated,Co-Ed,Wellington Region,Wellington,Upper Hutt City,Te Tai Runga,330,172.0,158.0,0.0,199,58,20,41,10,2
2025,2842,Fernlea School,Contributing,State: Not integrated,Co-Ed,Wellington Region,Wellington,Lower Hutt City,Te Tai Runga,214,112.0,102.0,0.0,88,85,18,16,3,4
2025,2843,Fernridge School,Contributing,State: Not integrated,Co-Ed,Wellington Region,Wellington,Masterton District,Te Tai Runga,206,93.0,113.0,0.0,119,69,8,9,0,1
2025,2844,Fraser Crescent School,Contributing,State: Not integrated,Co-Ed,Wellington Region,Wellington,Upper Hutt City,Te Tai Runga,279,158.0,121.0,0.0,115,105,17,25,10,7
2025,2845,Gladstone School (Masterton),Full Primary,State: Not integrated,Co-Ed,Wellington Region,Wellington,Carterton District,Te Tai Runga,180,92.0,88.0,0.0,132,40,0,2,1,5
2025,2846,Pukeatua Primary School (Wainuiomata),Full Primary,State: Not integrated,Co-Ed,Wellington Region,Wellington,Lower Hutt City,Te Tai Runga,135,87.0,48.0,0.0,14,103,11,6,1,0
2025,2847,Glenview School (Porirua East),Contributing,State: Not integrated,Co-Ed,Wellington Region,Wellington,Porirua City,Te Tai Runga,101,54.0,47.0,0.0,4,42,39,10,6,0
2025,2848,Gracefield School,Contributing,State: Not integrated,Co-Ed,Wellington Region,Wellington,Lower Hutt City,Te Tai Runga,204,120.0,84.0,0.0,74,62,20,43,3,2
2025,2849,Greenacres School,Contributing,State: Not integrated,Co-Ed,Wellington Region,Wellington,Wellington City,Te Tai Runga,172,99.0,73.0,0.0,89,23,12,40,7,1
2025,2850,Greytown School,Full Primary,State: Not integrated,Co-Ed,Wellington Region,Wellington,South Wairarapa District,Te Tai Runga,328,175.0,153.0,0.0,258,37,10,18,5,0
2025,2851,Grovetown School,Contributing,State: Not integrated,Co-Ed,Marlborough Region,"Nelson, Marlborough, West Coast",Marlborough District,Te Tai Runga,66,39.0,27.0,0.0,45,18,0,3,0,0
2025,2852,Hampton Hill School,Contributing,State: Not integrated,Co-Ed,Wellington Region,Wellington,Wellington City,Te Tai Runga,128,56.0,72.0,0.0,44,26,27,24,5,2
2025,2854,Hataitai School,Full Primary,State: Not integrated,Co-Ed,Wellington Region,Wellington,Wellington City,Te Tai Runga,209,105.0,104.0,0.0,135,25,8,32,6,3
2025,2855,Havelock School,Full Primary,State: Not integrated,Co-Ed,Marlborough Region,"Nelson, Marlborough, West Coast",Marlborough District,Te Tai Runga,63,29.0,34.0,0.0,26,31,4,1,1,0
2025,2859,Holy Family School (Porirua),Contributing,State: Integrated,Co-Ed,Wellington Region,Wellington,Porirua City,Te Tai Runga,161,93.0,68.0,0.0,1,37,102,17,4,0
2025,286,St Mary's College (Wellington),Secondary (Year 9-15),State: Integrated,Single Sex-Girls,Wellington Region,Wellington,Wellington City,Te Tai Runga,553,0.0,553.0,0.0,153,114,169,91,20,4
2025,2861,Houghton Valley School,Contributing,State: Not integrated,Co-Ed,Wellington Region,Wellington,Wellington City,Te Tai Runga,190,95.0,95.0,0.0,143,22,4,12,5,4
2025,2862,Hutt Central School,Contributing,State: Not integrated,Co-Ed,Wellington Region,Wellington,Lower Hutt City,Te Tai Runga,281,161.0,120.0,0.0,146,62,14,54,1,4
2025,2863,Hutt Intermediate,Intermediate,State: Not integrated,Co-Ed,Wellington Region,Wellington,Lower Hutt City,Te Tai Runga,600,306.0,294.0,0.0,239,109,34,190,28,0
2025,2865,Island Bay School,Contributing,State: Not integrated,Co-Ed,Wellington Region,Wellington,Wellington City,Te Tai Runga,331,157.0,174.0,0.0,238,30,11,44,8,0
2025,2866,Johnsonville School,Contributing,State: Not integrated,Co-Ed,Wellington Region,Wellington,Wellington City,Te Tai Runga,353,172.0,181.0,0.0,113,47,23,139,30,1
2025,2867,West Park School,Contributing,State: Not integrated,Co-Ed,Wellington Region,Wellington,Wellington City,Te Tai Runga,288,154.0,134.0,0.0,77,36,13,144,17,1
2025,2868,Kahutara School,Full Primary,State: Not integrated,Co-Ed,Wellington Region,Wellington,South Wairarapa District,Te Tai Runga,82,44.0,38.0,0.0,62,16,1,3,0,0
2025,287,Queen Charlotte College,Secondary (Year 7-15),State: Not integrated,Co-Ed,Marlborough Region,"Nelson, Marlborough, West Coast",Marlborough District,Te Tai Runga,391,180.0,211.0,0.0,160,202,6,16,3,1
2025,2871,Kapakapanui School,Full Primary,State: Not integrated,Co-Ed,Wellington Region,Wellington,Kapiti Coast District,Te Tai Runga,534,291.0,243.0,0.0,332,87,22,57,23,13
2025,2872,Mahinawa Specialist School and Resource Centre,Specialist School,State: Not integrated,Co-Ed,Wellington Region,Wellington,Porirua City,Te Tai Runga,137,105.0,32.0,0.0,38,47,37,14,0,1
2025,2873,Kapiti School,Full Primary,State: Not integrated,Co-Ed,Wellington Region,Wellington,Kapiti Coast District,Te Tai Runga,89,40.0,49.0,0.0,29,20,12,28,0,0
2025,2874,Karori Normal School,Full Primary,State: Not integrated,Co-Ed,Wellington Region,Wellington,Wellington City,Te Tai Runga,615,311.0,304.0,0.0,366,26,17,167,36,3
2025,2875,Karori West Normal School,Full Primary,State: Not integrated,Co-Ed,Wellington Region,Wellington,Wellington City,Te Tai Runga,458,236.0,222.0,0.0,234,54,17,115,34,4
2025,2876,Kelburn Normal School,Full Primary,State: Not integrated,Co-Ed,Wellington Region,Wellington,Wellington City,Te Tai Runga,253,132.0,121.0,0.0,166,12,4,62,4,2
2025,2877,Kelson School,Contributing,State: Not integrated,Co-Ed,Wellington Region,Wellington,Lower Hutt City,Te Tai Runga,258,130.0,128.0,0.0,144,31,9,58,16,0
2025,2878,Kenakena School,Full Primary,State: Not integrated,Co-Ed,Wellington Region,Wellington,Kapiti Coast District,Te Tai Runga,534,283.0,251.0,0.0,306,124,20,59,23,1
2025,2879,Khandallah School,Contributing,State: Not integrated,Co-Ed,Wellington Region,Wellington,Wellington City,Te Tai Runga,292,153.0,139.0,0.0,152,19,8,81,22,10
2025,288,Marlborough Boys' College,Secondary (Year 9-15),State: Not integrated,Single Sex-Boys,Marlborough Region,"Nelson, Marlborough, West Coast",Marlborough District,Te Tai Runga,1022,,0.0,,601,229,84,83,15,10
2025,2880,Kilbirnie School,Contributing,State: Not integrated,Co-Ed,Wellington Region,Wellington,Wellington City,Te Tai Runga,199,79.0,120.0,0.0,113,21,7,48,10,0
2025,2882,Koputaroa School,Full Primary,State: Not integrated,Co-Ed,Manawatū-Whanganui Regio,Wellington,Horowhenua District,Te Tai Runga,178,88.0,90.0,0.0,107,53,9,5,4,0
2025,2883,Korokoro School,Full Primary,State: Not integrated,Co-Ed,Wellington Region,Wellington,Lower Hutt City,Te Tai Runga,209,103.0,106.0,0.0,135,33,6,23,11,1
2025,2886,Levin East School,Contributing,State: Not integrated,Co-Ed,Manawatū-Whanganui Regio,Wellington,Horowhenua District,Te Tai Runga,423,235.0,188.0,0.0,110,216,47,12,6,32
2025,2887,Levin Intermediate,Intermediate,State: Not integrated,Co-Ed,Manawatū-Whanganui Regio,Wellington,Horowhenua District,Te Tai Runga,302,141.0,161.0,0.0,101,142,39,14,5,1
2025,2888,Levin North School,Contributing,State: Not integrated,Co-Ed,Manawatū-Whanganui Regio,Wellington,Horowhenua District,Te Tai Runga,235,121.0,114.0,0.0,59,134,22,13,6,1
2025,2889,Levin School,Contributing,State: Not integrated,Co-Ed,Manawatū-Whanganui Regio,Wellington,Horowhenua District,Te Tai Runga,244,130.0,114.0,0.0,71,132,21,9,9,2
2025,289,Marlborough Girls' College,Secondary (Year 9-15),State: Not integrated,Single Sex-Girls,Marlborough Region,"Nelson, Marlborough, West Coast",Marlborough District,Te Tai Runga,946,,942.0,,546,225,67,71,23,10
2025,2890,Linden School,Contributing,State: Not integrated,Co-Ed,Wellington Region,Wellington,Wellington City,Te Tai Runga,119,53.0,66.0,0.0,14,36,35,33,0,1
2025,2891,Linkwater School,Full Primary,State: Not integrated,Co-Ed,Marlborough Region,"Nelson, Marlborough, West Coast",Marlborough District,Te Tai Runga,48,25.0,23.0,0.0,37,8,2,1,0,0
2025,2892,Lyall Bay School,Contributing,State: Not integrated,Co-Ed,Wellington Region,Wellington,Wellington City,Te Tai Runga,306,161.0,145.0,0.0,115,60,27,72,29,3
2025,2893,Maidstone Intermediate,Intermediate,State: Not integrated,Co-Ed,Wellington Region,Wellington,Upper Hutt City,Te Tai Runga,525,250.0,275.0,0.0,241,170,29,63,14,7
2025,2894,Mākara Model School,Full Primary,State: Not integrated,Co-Ed,Wellington Region,Wellington,Wellington City,Te Tai Runga,72,39.0,33.0,0.0,51,14,0,0,5,2
2025,2895,Makuri School,Full Primary,State: Not integrated,Co-Ed,Manawatū-Whanganui Regio,Wellington,Tararua District,Te Tai Runga,19,10.0,9.0,0.0,13,6,0,0,0,0
2025,2896,Manakau School,Full Primary,State: Not integrated,Co-Ed,Manawatū-Whanganui Regio,Wellington,Horowhenua District,Te Tai Runga,101,62.0,39.0,0.0,65,26,1,2,7,0
2025,2899,Mangaroa School,Contributing,State: Not integrated,Co-Ed,Wellington Region,Wellington,Upper Hutt City,Te Tai Runga,102,54.0,48.0,0.0,70,24,3,4,0,1
2025,29,Kristin School,Composite (Year 1-15),Private: Fully Reg.,Co-Ed,Auckland Region,Tāmaki Herenga Tāngata,Auckland- Upper Harbour,Te Tai Raro,1725,877.0,848.0,0.0,722,46,20,869,31,3
2025,290,Collingwood Area School,Composite (Year 1-15),State: Not integrated,Co-Ed,Tasman Region,"Nelson, Marlborough, West Coast",Tasman District,Te Tai Runga,150,71.0,79.0,0.0,119,22,6,2,1,0
2025,2900,Mangatainoka School,Full Primary,State: Not integrated,Co-Ed,Manawatū-Whanganui Regio,Wellington,Tararua District,Te Tai Runga,56,27.0,29.0,0.0,21,31,2,2,0,0
2025,2902,Te Kura o Hau Karetu,Contributing,State: Not integrated,Co-Ed,Wellington Region,Wellington,Upper Hutt City,Te Tai Runga,139,83.0,56.0,0.0,38,85,10,6,0,0
2025,2903,Maraeroa School,Contributing,State: Not integrated,Co-Ed,Wellington Region,Wellington,Porirua City,Te Tai Runga,148,91.0,57.0,0.0,4,59,76,7,2,0
2025,2904,Holy Cross School (Miramar),Full Primary,State: Integrated,Co-Ed,Wellington Region,Wellington,Wellington City,Te Tai Runga,173,96.0,77.0,0.0,32,29,41,39,32,0
2025,2906,Martinborough School,Full Primary,State: Not integrated,Co-Ed,Wellington Region,Wellington,South Wairarapa District,Te Tai Runga,241,130.0,111.0,0.0,146,75,4,14,2,0
2025,2909,Masterton Intermediate,Intermediate,State: Not integrated,Co-Ed,Wellington Region,Wellington,Masterton District,Te Tai Runga,350,196.0,154.0,0.0,163,150,18,10,6,3
2025,291,Rai Valley Area School,Composite (Year 1-15),State: Not integrated,Co-Ed,Marlborough Region,"Nelson, Marlborough, West Coast",Marlborough District,Te Tai Runga,104,52.0,52.0,0.0,86,17,0,1,0,0
2025,2911,Mauriceville School,Full Primary,State: Not integrated,Co-Ed,Wellington Region,Wellington,Masterton District,Te Tai Runga,8,6.0,2.0,0.0,6,2,0,0,0,0
2025,2912,Mayfield School (Blenheim),Contributing,State: Not integrated,Co-Ed,Marlborough Region,"Nelson, Marlborough, West Coast",Marlborough District,Te Tai Runga,92,50.0,42.0,0.0,26,41,14,8,1,2
2025,2915,Miramar Central School,Contributing,State: Not integrated,Co-Ed,Wellington Region,Wellington,Wellington City,Te Tai Runga,174,86.0,88.0,0.0,32,26,22,72,21,1
2025,2916,Miramar North School,Contributing,State: Not integrated,Co-Ed,Wellington Region,Wellington,Wellington City,Te Tai Runga,228,122.0,106.0,0.0,124,31,20,45,7,1
2025,2918,Mt Cook School (Wellington),Full Primary,State: Not integrated,Co-Ed,Wellington Region,Wellington,Wellington City,Te Tai Runga,290,151.0,139.0,0.0,51,42,14,149,34,0
2025,292,Golden Bay High School,Secondary (Year 7-15),State: Not integrated,Co-Ed,Tasman Region,"Nelson, Marlborough, West Coast",Tasman District,Te Tai Runga,317,174.0,,,247,39,7,14,4,3
2025,2920,Muritai School,Full Primary,State: Not integrated,Co-Ed,Wellington Region,Wellington,Lower Hutt City,Te Tai Runga,337,168.0,169.0,0.0,248,48,8,16,12,5
2025,2921,Naenae Intermediate,Intermediate,State: Not integrated,Co-Ed,Wellington Region,Wellington,Lower Hutt City,Te Tai Runga,307,156.0,151.0,0.0,94,84,61,42,17,9
2025,2922,Naenae School,Contributing,State: Not integrated,Co-Ed,Wellington Region,Wellington,Lower Hutt City,Te Tai Runga,340,193.0,147.0,0.0,19,234,63,11,11,2
2025,2923,Natone Park School,Contributing,State: Not integrated,Co-Ed,Wellington Region,Wellington,Porirua City,Te Tai Runga,101,63.0,38.0,0.0,0,63,25,5,7,1
2025,2924,Newlands Intermediate,Intermediate,State: Not integrated,Co-Ed,Wellington Region,Wellington,Wellington City,Te Tai Runga,516,272.0,244.0,0.0,163,63,34,216,32,8
2025,2925,Newlands School,Contributing,State: Not integrated,Co-Ed,Wellington Region,Wellington,Wellington City,Te Tai Runga,321,163.0,158.0,0.0,84,42,21,156,14,4
2025,2926,Newtown School,Contributing,State: Not integrated,Co-Ed,Wellington Region,Wellington,Wellington City,Te Tai Runga,331,161.0,170.0,0.0,84,65,21,116,43,2
2025,2927,Ngaio School,Contributing,State: Not integrated,Co-Ed,Wellington Region,Wellington,Wellington City,Te Tai Runga,289,140.0,149.0,0.0,212,18,8,37,7,7
2025,2928,Ngati Toa School,Contributing,State: Not integrated,Co-Ed,Wellington Region,Wellington,Porirua City,Te Tai Runga,137,83.0,54.0,0.0,11,85,26,14,1,0
2025,293,Nayland College,Secondary (Year 9-15),State: Not integrated,Co-Ed,Nelson Region,"Nelson, Marlborough, West Coast",Nelson City,Te Tai Runga,1422,703.0,710.0,9.0,924,240,48,97,35,16
2025,2930,Normandale School,Contributing,State: Not integrated,Co-Ed,Wellington Region,Wellington,Lower Hutt City,Te Tai Runga,150,81.0,69.0,0.0,102,24,3,18,3,0
2025,2931,Northland School,Full Primary,State: Not integrated,Co-Ed,Wellington Region,Wellington,Wellington City,Te Tai Runga,218,105.0,113.0,0.0,157,22,5,27,5,2
2025,2933,Ohau School,Full Primary,State: Not integrated,Co-Ed,Manawatū-Whanganui Regio,Wellington,Horowhenua District,Te Tai Runga,147,83.0,64.0,0.0,93,44,2,6,0,2
2025,2936,Ōpaki School,Full Primary,State: Not integrated,Co-Ed,Wellington Region,Wellington,Masterton District,Te Tai Runga,186,88.0,98.0,0.0,144,27,3,2,10,0
2025,2937,Opiki School,Full Primary,State: Not integrated,Co-Ed,Manawatū-Whanganui Regio,"Taranaki, Whanganui, Manawatu",Horowhenua District,Te Tai Whenua,130,59.0,71.0,0.0,76,31,1,22,0,0
2025,2939,Otaki School,Contributing,State: Not integrated,Co-Ed,Wellington Region,Wellington,Kapiti Coast District,Te Tai Runga,202,101.0,101.0,0.0,8,188,2,3,1,0
2025,294,Nelson College,Secondary (Year 9-15),State: Not integrated,Single Sex-Boys,Nelson Region,"Nelson, Marlborough, West Coast",Nelson City,Te Tai Runga,980,980.0,0.0,0.0,557,165,48,143,23,5
2025,2941,Our Lady of the Rosary School (Waiwhetu),Full Primary,State: Integrated,Co-Ed,Wellington Region,Wellington,Lower Hutt City,Te Tai Runga,272,125.0,147.0,0.0,79,68,55,61,7,2
2025,2942,Owhiro Bay School,Contributing,State: Not integrated,Co-Ed,Wellington Region,Wellington,Wellington City,Te Tai Runga,88,44.0,44.0,0.0,48,23,4,8,2,3
2025,2943,Oxford Crescent School,Contributing,State: Not integrated,Co-Ed,Wellington Region,Wellington,Upper Hutt City,Te Tai Runga,364,197.0,167.0,0.0,193,85,21,40,20,5
2025,2944,Paekākāriki School,Full Primary,State: Not integrated,Co-Ed,Wellington Region,Wellington,Kapiti Coast District,Te Tai Runga,103,50.0,53.0,0.0,61,28,4,7,1,2
2025,2945,Pahiatua School,Full Primary,State: Not integrated,Co-Ed,Manawatū-Whanganui Regio,Wellington,Tararua District,Te Tai Runga,346,177.0,169.0,0.0,191,121,11,20,2,1
2025,2946,Papakowhai School,Full Primary,State: Not integrated,Co-Ed,Wellington Region,Wellington,Porirua City,Te Tai Runga,489,259.0,230.0,0.0,269,51,33,108,27,1
2025,2947,Paparangi School,Contributing,State: Not integrated,Co-Ed,Wellington Region,Wellington,Wellington City,Te Tai Runga,248,135.0,113.0,0.0,107,34,11,79,15,2
2025,2948,Paraparaumu Beach School,Full Primary,State: Not integrated,Co-Ed,Wellington Region,Wellington,Kapiti Coast District,Te Tai Runga,484,226.0,258.0,0.0,306,119,22,33,1,3
2025,2949,Paraparaumu School,Full Primary,State: Not integrated,Co-Ed,Wellington Region,Wellington,Kapiti Coast District,Te Tai Runga,324,164.0,160.0,0.0,173,113,13,10,13,2
2025,295,Nelson College For Girls,Secondary (Year 9-15),State: Not integrated,Single Sex-Girls,Nelson Region,"Nelson, Marlborough, West Coast",Nelson City,Te Tai Runga,933,0.0,,,540,152,37,142,17,8
2025,2950,Paremata School,Full Primary,State: Not integrated,Co-Ed,Wellington Region,Wellington,Porirua City,Te Tai Runga,323,168.0,155.0,0.0,171,77,32,34,8,1
2025,2953,Pauatahanui School,Full Primary,State: Not integrated,Co-Ed,Wellington Region,Wellington,Porirua City,Te Tai Runga,214,103.0,111.0,0.0,156,32,6,16,3,1
2025,2955,Petone Central School,Full Primary,State: Not integrated,Co-Ed,Wellington Region,Wellington,Lower Hutt City,Te Tai Runga,177,106.0,71.0,0.0,54,33,25,54,11,0
2025,2956,Picton School,Contributing,State: Not integrated,Co-Ed,Marlborough Region,"Nelson, Marlborough, West Coast",Marlborough District,Te Tai Runga,119,60.0,59.0,0.0,46,66,1,6,0,0
2025,2957,Pinehaven School,Contributing,State: Not integrated,Co-Ed,Wellington Region,Wellington,Upper Hutt City,Te Tai Runga,184,96.0,88.0,0.0,122,34,5,15,7,1
2025,2958,Pirinoa School,Full Primary,State: Not integrated,Co-Ed,Wellington Region,Wellington,South Wairarapa District,Te Tai Runga,47,32.0,15.0,0.0,27,19,0,0,0,1
2025,2959,Plateau School,Contributing,State: Not integrated,Co-Ed,Wellington Region,Wellington,Upper Hutt City,Te Tai Runga,141,75.0,66.0,0.0,88,27,4,14,4,4
2025,296,Waimea College,Secondary (Year 9-15),State: Not integrated,Co-Ed,Tasman Region,"Nelson, Marlborough, West Coast",Tasman District,Te Tai Runga,1591,,800.0,,1204,195,13,86,14,7
2025,2960,Plimmerton School,Full Primary,State: Not integrated,Co-Ed,Wellington Region,Wellington,Porirua City,Te Tai Runga,386,206.0,180.0,0.0,237,71,17,42,17,2
2025,2961,Pomare School,Contributing,State: Not integrated,Co-Ed,Wellington Region,Wellington,Lower Hutt City,Te Tai Runga,85,40.0,45.0,0.0,10,31,27,12,5,0
2025,2962,Pongaroa School,Full Primary,State: Not integrated,Co-Ed,Manawatū-Whanganui Regio,Wellington,Tararua District,Te Tai Runga,60,23.0,37.0,0.0,25,31,4,0,0,0
2025,2963,Porirua East School,Contributing,State: Not integrated,Co-Ed,Wellington Region,Wellington,Porirua City,Te Tai Runga,139,66.0,73.0,0.0,14,43,58,21,1,2
2025,2964,Porirua School,Contributing,State: Not integrated,Co-Ed,Wellington Region,Wellington,Porirua City,Te Tai Runga,153,81.0,72.0,0.0,12,94,28,15,4,0
2025,2965,Poroutawhao School,Full Primary,State: Not integrated,Co-Ed,Manawatū-Whanganui Regio,Wellington,Horowhenua District,Te Tai Runga,101,48.0,53.0,0.0,52,36,3,7,3,0
2025,2966,Postgate School,Full Primary,State: Not integrated,Co-Ed,Wellington Region,Wellington,Porirua City,Te Tai Runga,305,165.0,140.0,0.0,67,98,110,22,7,1
2025,2967,Pukerua Bay School,Full Primary,State: Not integrated,Co-Ed,Wellington Region,Wellington,Porirua City,Te Tai Runga,168,78.0,90.0,0.0,109,34,6,6,12,1
2025,2968,Maungaraki School,Full Primary,State: Not integrated,Co-Ed,Wellington Region,Wellington,Lower Hutt City,Te Tai Runga,370,198.0,172.0,0.0,165,55,14,115,19,2
2025,2969,Randwick School,Full Primary,State: Not integrated,Co-Ed,Wellington Region,Wellington,Lower Hutt City,Te Tai Runga,111,60.0,51.0,0.0,6,46,22,25,9,3
2025,297,Tapawera Area School,Composite (Year 1-15),State: Not integrated,Co-Ed,Tasman Region,"Nelson, Marlborough, West Coast",Tasman District,Te Tai Runga,159,79.0,80.0,0.0,97,58,2,0,2,0
2025,2970,Rangikura School,Full Primary,State: Not integrated,Co-Ed,Wellington Region,Wellington,Porirua City,Te Tai Runga,368,200.0,168.0,0.0,20,169,142,24,13,0
2025,2971,Rapaura School,Full Primary,State: Not integrated,Co-Ed,Marlborough Region,"Nelson, Marlborough, West Coast",Marlborough District,Te Tai Runga,105,56.0,49.0,0.0,71,24,5,2,2,1
2025,2972,Raroa Normal Intermediate,Intermediate,State: Not integrated,Co-Ed,Wellington Region,Wellington,Wellington City,Te Tai Runga,585,295.0,290.0,0.0,311,75,12,156,25,6
2025,2973,Rata Street School,Contributing,State: Not integrated,Co-Ed,Wellington Region,Wellington,Lower Hutt City,Te Tai Runga,290,162.0,128.0,0.0,59,137,61,19,13,1
2025,2974,Raumati Beach School,Full Primary,State: Not integrated,Co-Ed,Wellington Region,Wellington,Kapiti Coast District,Te Tai Runga,517,273.0,244.0,0.0,317,92,13,74,19,2
2025,2975,Raumati South School,Full Primary,State: Not integrated,Co-Ed,Wellington Region,Wellington,Kapiti Coast District,Te Tai Runga,381,211.0,170.0,0.0,259,65,9,25,18,5
2025,2976,Redwood School (Tawa),Contributing,State: Not integrated,Co-Ed,Wellington Region,Wellington,Wellington City,Te Tai Runga,323,161.0,162.0,0.0,162,34,23,87,14,3
2025,2977,Redwoodtown School,Full Primary,State: Not integrated,Co-Ed,Marlborough Region,"Nelson, Marlborough, West Coast",Marlborough District,Te Tai Runga,309,169.0,140.0,0.0,129,83,34,46,12,5
2025,2978,Renwick School,Full Primary,State: Not integrated,Co-Ed,Marlborough Region,"Nelson, Marlborough, West Coast",Marlborough District,Te Tai Runga,459,237.0,222.0,0.0,314,114,13,10,7,0
2025,2979,Rewa Rewa School,Contributing,State: Not integrated,Co-Ed,Wellington Region,Wellington,Wellington City,Te Tai Runga,159,78.0,81.0,0.0,50,23,13,64,8,1
2025,298,Motueka High School,Secondary (Year 9-15),State: Not integrated,Co-Ed,Tasman Region,"Nelson, Marlborough, West Coast",Tasman District,Te Tai Runga,709,,369.0,,486,128,30,39,5,1
2025,2980,Te Kura o Tawatawa - Ridgway School,Full Primary,State: Not integrated,Co-Ed,Wellington Region,Wellington,Wellington City,Te Tai Runga,215,117.0,98.0,0.0,127,20,11,40,12,5
2025,2981,Riverlands School,Full Primary,State: Not integrated,Co-Ed,Marlborough Region,"Nelson, Marlborough, West Coast",Marlborough District,Te Tai Runga,199,104.0,95.0,0.0,109,62,6,14,7,1
2025,2982,Roseneath School,Full Primary,State: Not integrated,Co-Ed,Wellington Region,Wellington,Wellington City,Te Tai Runga,77,39.0,38.0,0.0,51,6,1,12,3,4
2025,2983,Russell School (Porirua East),Contributing,State: Not integrated,Co-Ed,Wellington Region,Wellington,Porirua City,Te Tai Runga,105,46.0,59.0,0.0,2,32,58,11,2,0
2025,2984,Sacred Heart School (Petone),Full Primary,State: Integrated,Co-Ed,Wellington Region,Wellington,Lower Hutt City,Te Tai Runga,150,66.0,84.0,0.0,63,31,28,25,2,1
2025,2985,Sacred Heart Cathedral School,Full Primary,State: Integrated,Co-Ed,Wellington Region,Wellington,Wellington City,Te Tai Runga,222,97.0,125.0,0.0,58,14,41,93,16,0
2025,2987,Seatoun School,Full Primary,State: Not integrated,Co-Ed,Wellington Region,Wellington,Wellington City,Te Tai Runga,388,208.0,180.0,0.0,259,23,15,68,19,4
2025,2988,Seddon School,Full Primary,State: Not integrated,Co-Ed,Marlborough Region,"Nelson, Marlborough, West Coast",Marlborough District,Te Tai Runga,116,58.0,58.0,0.0,79,32,4,1,0,0
2025,2989,Shannon School,Full Primary,State: Not integrated,Co-Ed,Manawatū-Whanganui Regio,Wellington,Horowhenua District,Te Tai Runga,121,64.0,57.0,0.0,41,77,0,1,2,0
2025,299,Murchison Area School,Composite (Year 1-15),State: Not integrated,Co-Ed,Tasman Region,"Nelson, Marlborough, West Coast",Tasman District,Te Tai Runga,194,98.0,,,162,19,0,11,2,0
2025,2990,Silverstream School,Contributing,State: Not integrated,Co-Ed,Wellington Region,Wellington,Upper Hutt City,Te Tai Runga,474,240.0,234.0,0.0,238,87,19,91,36,3
2025,2991,Solway School,Contributing,State: Not integrated,Co-Ed,Wellington Region,Wellington,Masterton District,Te Tai Runga,218,110.0,108.0,0.0,111,75,6,7,5,14
2025,2992,South End School,Full Primary,State: Not integrated,Co-Ed,Wellington Region,Wellington,Carterton District,Te Tai Runga,183,105.0,78.0,0.0,130,35,1,13,2,2
2025,2993,South Featherston School,Full Primary,State: Not integrated,Co-Ed,Wellington Region,Wellington,South Wairarapa District,Te Tai Runga,71,42.0,29.0,0.0,43,16,6,4,0,2
2025,2994,South Wellington Intermediate,Intermediate,State: Not integrated,Co-Ed,Wellington Region,Wellington,Wellington City,Te Tai Runga,373,171.0,202.0,0.0,189,69,23,47,25,20
2025,2995,Spring Creek School,Contributing,State: Not integrated,Co-Ed,Marlborough Region,"Nelson, Marlborough, West Coast",Marlborough District,Te Tai Runga,53,30.0,23.0,0.0,27,17,5,2,1,1
2025,2996,Springlands School,Contributing,State: Not integrated,Co-Ed,Marlborough Region,"Nelson, Marlborough, West Coast",Marlborough District,Te Tai Runga,355,191.0,164.0,0.0,202,76,14,46,17,0
2025,2997,St Annes School (Newtown),Full Primary,State: Integrated,Co-Ed,Wellington Region,Wellington,Wellington City,Te Tai Runga,212,104.0,108.0,0.0,2,10,70,114,16,0
2025,2998,St Anthony's School (Pahiatua),Full Primary,State: Integrated,Co-Ed,Manawatū-Whanganui Regio,Wellington,Tararua District,Te Tai Runga,113,55.0,58.0,0.0,78,22,2,9,1,1
2025,2999,St Anthony's School (Seatoun),Full Primary,State: Integrated,Co-Ed,Wellington Region,Wellington,Wellington City,Te Tai Runga,44,22.0,22.0,0.0,20,0,4,12,5,3
2025,3,Kaitaia College,Secondary (Year 9-15),State: Not integrated,Co-Ed,Northland Region,Tai Tokerau,Far North District,Te Tai Raro,769,408.0,361.0,0.0,105,620,20,18,4,2
2025,30,Glenfield College,Secondary (Year 9-15),State: Not integrated,Co-Ed,Auckland Region,Tāmaki Herenga Tāngata,Auckland- Kaipātiki,Te Tai Raro,731,413.0,,,174,100,66,351,22,7
2025,300,Karamea Area School,Composite (Year 1-15),State: Not integrated,Co-Ed,West Coast Region,"Nelson, Marlborough, West Coast",Buller District,Te Tai Runga,88,43.0,45.0,0.0,71,13,3,1,0,0
2025,3000,St Benedict's School (Khandallah),Full Primary,State: Integrated,Co-Ed,Wellington Region,Wellington,Wellington City,Te Tai Runga,215,125.0,90.0,0.0,133,12,7,44,19,0
2025,3001,St Bernadette's School (Naenae),Full Primary,State: Integrated,Co-Ed,Wellington Region,Wellington,Lower Hutt City,Te Tai Runga,108,40.0,68.0,0.0,4,10,60,24,9,1
2025,3002,St Bernard's School (Brooklyn),Full Primary,State: Integrated,Co-Ed,Wellington Region,Wellington,Wellington City,Te Tai Runga,53,27.0,26.0,0.0,5,7,2,26,13,0
2025,3004,St Brendan's School (Heretaunga),Full Primary,State: Integrated,Co-Ed,Wellington Region,Wellington,Upper Hutt City,Te Tai Runga,272,154.0,118.0,0.0,112,25,30,97,7,1
2025,3005,St Brigids School (Johnsonville),Full Primary,State: Integrated,Co-Ed,Wellington Region,Wellington,Wellington City,Te Tai Runga,289,157.0,132.0,0.0,51,23,18,167,30,0
2025,3006,St Francis De Sales School (Is Bay),Full Primary,State: Integrated,Co-Ed,Wellington Region,Wellington,Wellington City,Te Tai Runga,211,93.0,118.0,0.0,85,31,14,57,20,4
2025,3007,St Francis Xavier School (Tawa),Contributing,State: Integrated,Co-Ed,Wellington Region,Wellington,Wellington City,Te Tai Runga,156,72.0,84.0,0.0,27,9,53,55,12,0
2025,3008,St Joseph's School (Levin),Full Primary,State: Integrated,Co-Ed,Manawatū-Whanganui Regio,Wellington,Horowhenua District,Te Tai Runga,194,99.0,95.0,0.0,29,39,65,51,10,0
2025,301,Buller High School,Secondary (Year 9-15),State: Not integrated,Co-Ed,West Coast Region,"Nelson, Marlborough, West Coast",Buller District,Te Tai Runga,361,188.0,173.0,0.0,240,86,5,17,8,5
2025,3011,St Joseph's School (Upper Hutt),Full Primary,State: Integrated,Co-Ed,Wellington Region,Wellington,Upper Hutt City,Te Tai Runga,562,312.0,250.0,0.0,162,89,50,246,15,0
2025,3012,St Mary's School (Blenheim),Full Primary,State: Integrated,Co-Ed,Marlborough Region,"Nelson, Marlborough, West Coast",Marlborough District,Te Tai Runga,182,91.0,91.0,0.0,35,33,20,89,5,0
2025,3013,St Mary's School (Carterton),Full Primary,State: Integrated,Co-Ed,Wellington Region,Wellington,Carterton District,Te Tai Runga,123,66.0,57.0,0.0,88,15,14,6,0,0
2025,3015,St Michael's School (Taita),Full Primary,State: Integrated,Co-Ed,Wellington Region,Wellington,Lower Hutt City,Te Tai Runga,126,53.0,73.0,0.0,4,14,84,18,6,0
2025,3016,St Patrick's School (Masterton),Contributing,State: Integrated,Co-Ed,Wellington Region,Wellington,Masterton District,Te Tai Runga,235,111.0,124.0,0.0,77,48,18,85,6,1
2025,3017,Our Lady of Kapiti School,Full Primary,State: Integrated,Co-Ed,Wellington Region,Wellington,Kapiti Coast District,Te Tai Runga,281,147.0,134.0,0.0,146,31,21,67,14,2
2025,3018,St Claudine Thevenet School,Full Primary,State: Integrated,Co-Ed,Wellington Region,Wellington,Lower Hutt City,Te Tai Runga,201,90.0,111.0,0.0,18,37,75,66,5,0
2025,3019,St Patrick's School (Kilbirnie),Full Primary,State: Integrated,Co-Ed,Wellington Region,Wellington,Wellington City,Te Tai Runga,128,57.0,71.0,0.0,6,1,16,81,24,0
2025,3020,St Peter Chanel School (Otaki),Full Primary,State: Integrated,Co-Ed,Wellington Region,Wellington,Kapiti Coast District,Te Tai Runga,13,5.0,8.0,0.0,0,13,0,0,0,0
2025,3021,Sts Peter and Paul School (L Hutt),Full Primary,State: Integrated,Co-Ed,Wellington Region,Wellington,Lower Hutt City,Te Tai Runga,453,178.0,275.0,0.0,117,45,38,239,14,0
2025,3022,St Pius X School (Titahi Bay),Contributing,State: Integrated,Co-Ed,Wellington Region,Wellington,Porirua City,Te Tai Runga,26,15.0,11.0,0.0,2,14,6,4,0,0
2025,3023,St Teresa's School (Featherston),Full Primary,State: Integrated,Co-Ed,Wellington Region,Wellington,South Wairarapa District,Te Tai Runga,109,49.0,60.0,0.0,60,31,1,15,1,1
2025,3024,St Teresa's School (Karori),Full Primary,State: Integrated,Co-Ed,Wellington Region,Wellington,Wellington City,Te Tai Runga,115,54.0,61.0,0.0,35,9,14,43,11,3
2025,3025,St Theresa's School (Plimmerton),Contributing,State: Integrated,Co-Ed,Wellington Region,Wellington,Porirua City,Te Tai Runga,189,78.0,111.0,0.0,108,20,10,38,11,2
2025,3029,Tairangi School,Full Primary,State: Not integrated,Co-Ed,Wellington Region,Wellington,Porirua City,Te Tai Runga,152,77.0,75.0,0.0,3,54,79,13,3,0
2025,303,Greymouth High School,Secondary (Year 9-15),State: Not integrated,Co-Ed,West Coast Region,"Nelson, Marlborough, West Coast",Grey District,Te Tai Runga,584,,293.0,,409,131,9,18,9,8
2025,3030,Taita Central School,Contributing,State: Not integrated,Co-Ed,Wellington Region,Wellington,Lower Hutt City,Te Tai Runga,115,62.0,53.0,0.0,9,49,43,12,2,0
2025,3031,Avalon Intermediate,Intermediate,State: Not integrated,Co-Ed,Wellington Region,Wellington,Lower Hutt City,Te Tai Runga,219,109.0,110.0,0.0,35,82,59,33,5,5
2025,3032,Taitoko School,Full Primary,State: Not integrated,Co-Ed,Manawatū-Whanganui Regio,Wellington,Horowhenua District,Te Tai Runga,226,104.0,122.0,0.0,30,146,49,1,0,0
2025,3034,Tawa Intermediate,Intermediate,State: Not integrated,Co-Ed,Wellington Region,Wellington,Wellington City,Te Tai Runga,467,251.0,216.0,0.0,178,99,56,112,13,8
2025,3035,Tawa School,Full Primary,State: Not integrated,Co-Ed,Wellington Region,Wellington,Wellington City,Te Tai Runga,442,227.0,215.0,0.0,146,77,50,128,34,7
2025,3036,Tawhai School,Contributing,State: Not integrated,Co-Ed,Wellington Region,Wellington,Lower Hutt City,Te Tai Runga,340,177.0,163.0,0.0,170,61,38,62,6,3
2025,3037,Te Aro School,Full Primary,State: Not integrated,Co-Ed,Wellington Region,Wellington,Wellington City,Te Tai Runga,202,104.0,98.0,0.0,79,13,15,68,22,4
2025,3038,Te Horo School (Otaki),Full Primary,State: Not integrated,Co-Ed,Wellington Region,Wellington,Kapiti Coast District,Te Tai Runga,200,87.0,113.0,0.0,136,45,6,3,4,6
2025,304,John Paul II High School,Secondary (Year 9-15),State: Integrated,Co-Ed,West Coast Region,"Nelson, Marlborough, West Coast",Grey District,Te Tai Runga,173,89.0,84.0,0.0,107,35,6,21,3,1
2025,3040,Thorndon School,Full Primary,State: Not integrated,Co-Ed,Wellington Region,Wellington,Wellington City,Te Tai Runga,267,134.0,133.0,0.0,62,26,19,137,13,8
2025,3041,Tinui School,Full Primary,State: Not integrated,Co-Ed,Wellington Region,Wellington,Masterton District,Te Tai Runga,21,9.0,12.0,0.0,16,5,0,0,0,0
2025,3043,Titahi Bay Intermediate,Intermediate,State: Not integrated,Co-Ed,Wellington Region,Wellington,Porirua City,Te Tai Runga,189,92.0,97.0,0.0,50,100,29,5,2,3
2025,3044,Titahi Bay North School,Full Primary,State: Not integrated,Co-Ed,Wellington Region,Wellington,Porirua City,Te Tai Runga,141,76.0,65.0,0.0,17,105,8,8,1,2
2025,3045,Titahi Bay School,Contributing,State: Not integrated,Co-Ed,Wellington Region,Wellington,Porirua City,Te Tai Runga,347,178.0,169.0,0.0,122,162,32,17,10,4
2025,3046,Tokomaru School,Full Primary,State: Not integrated,Co-Ed,Manawatū-Whanganui Regio,"Taranaki, Whanganui, Manawatu",Horowhenua District,Te Tai Whenua,76,42.0,34.0,0.0,46,27,2,1,0,0
2025,3048,Totara Park School,Contributing,State: Not integrated,Co-Ed,Wellington Region,Wellington,Upper Hutt City,Te Tai Runga,230,105.0,125.0,0.0,134,47,15,21,9,4
2025,305,Westland High School,Secondary (Year 7-15),State: Not integrated,Co-Ed,West Coast Region,"Nelson, Marlborough, West Coast",Westland District,Te Tai Runga,388,201.0,187.0,0.0,234,104,10,24,5,1
2025,3050,Tua Marina School,Full Primary,State: Not integrated,Co-Ed,Marlborough Region,"Nelson, Marlborough, West Coast",Marlborough District,Te Tai Runga,101,58.0,43.0,0.0,58,32,0,0,5,6
2025,3051,Tui Glen School,Full Primary,State: Not integrated,Co-Ed,Wellington Region,Wellington,Lower Hutt City,Te Tai Runga,176,92.0,84.0,0.0,10,91,51,21,3,0
2025,3053,Upper Hutt School,Contributing,State: Not integrated,Co-Ed,Wellington Region,Wellington,Upper Hutt City,Te Tai Runga,422,196.0,226.0,0.0,191,104,21,86,17,3
2025,3055,Wadestown School,Full Primary,State: Not integrated,Co-Ed,Wellington Region,Wellington,Wellington City,Te Tai Runga,245,123.0,122.0,0.0,188,15,3,30,3,6
2025,3056,Waikanae School,Full Primary,State: Not integrated,Co-Ed,Wellington Region,Wellington,Kapiti Coast District,Te Tai Runga,497,246.0,251.0,0.0,327,100,18,33,15,4
2025,3057,Waikawa Bay School,Contributing,State: Not integrated,Co-Ed,Marlborough Region,"Nelson, Marlborough, West Coast",Marlborough District,Te Tai Runga,152,66.0,86.0,0.0,79,54,6,12,0,1
2025,3059,Wainuiomata Primary School,Contributing,State: Not integrated,Co-Ed,Wellington Region,Wellington,Lower Hutt City,Te Tai Runga,227,123.0,104.0,0.0,95,88,12,26,6,0
2025,306,South Westland Area School,Composite (Year 1-15),State: Not integrated,Co-Ed,West Coast Region,"Nelson, Marlborough, West Coast",Westland District,Te Tai Runga,136,69.0,67.0,0.0,85,30,7,14,0,0
2025,3060,Wainuioru School,Full Primary,State: Not integrated,Co-Ed,Wellington Region,Wellington,Masterton District,Te Tai Runga,86,43.0,43.0,0.0,63,20,2,1,0,0
2025,3062,Wairau Valley School (Blenheim),Full Primary,State: Not integrated,Co-Ed,Marlborough Region,"Nelson, Marlborough, West Coast",Marlborough District,Te Tai Runga,37,18.0,19.0,0.0,23,12,2,0,0,0
2025,3064,Waitaria Bay School,Full Primary,State: Not integrated,Co-Ed,Marlborough Region,"Nelson, Marlborough, West Coast",Marlborough District,Te Tai Runga,7,1.0,6.0,0.0,5,2,0,0,0,0
2025,3065,Waitohu School,Contributing,State: Not integrated,Co-Ed,Wellington Region,Wellington,Kapiti Coast District,Te Tai Runga,250,134.0,116.0,0.0,101,118,6,14,6,5
2025,3067,Ward School,Full Primary,State: Not integrated,Co-Ed,Marlborough Region,"Nelson, Marlborough, West Coast",Marlborough District,Te Tai Runga,56,28.0,28.0,0.0,43,13,0,0,0,0
2025,3068,Waterloo School,Contributing,State: Not integrated,Co-Ed,Wellington Region,Wellington,Lower Hutt City,Te Tai Runga,503,272.0,231.0,0.0,162,73,35,193,31,9
2025,307,Kaikōura High School,Secondary (Year 7-15),State: Not integrated,Co-Ed,Canterbury Region,"Nelson, Marlborough, West Coast",Kaikoura District,Te Tai Runga,199,95.0,104.0,0.0,108,72,2,13,3,0
2025,3070,Whareama School,Full Primary,State: Not integrated,Co-Ed,Wellington Region,Wellington,Masterton District,Te Tai Runga,53,25.0,28.0,0.0,38,12,1,0,2,0
2025,3071,Whitney Street School,Contributing,State: Not integrated,Co-Ed,Marlborough Region,"Nelson, Marlborough, West Coast",Marlborough District,Te Tai Runga,357,192.0,165.0,0.0,130,137,21,52,8,9
2025,3072,Wilford School,Full Primary,State: Not integrated,Co-Ed,Wellington Region,Wellington,Lower Hutt City,Te Tai Runga,226,114.0,112.0,0.0,81,69,21,53,2,0
2025,3073,Ōtari School,Full Primary,State: Not integrated,Co-Ed,Wellington Region,Wellington,Wellington City,Te Tai Runga,209,111.0,98.0,0.0,85,92,5,16,10,1
2025,3074,Windley School,Full Primary,State: Not integrated,Co-Ed,Wellington Region,Wellington,Porirua City,Te Tai Runga,203,100.0,103.0,0.0,1,88,84,24,6,0
2025,3075,Witherlea School,Contributing,State: Not integrated,Co-Ed,Marlborough Region,"Nelson, Marlborough, West Coast",Marlborough District,Te Tai Runga,405,205.0,200.0,0.0,234,72,22,41,18,18
2025,3077,Worser Bay School,Contributing,State: Not integrated,Co-Ed,Wellington Region,Wellington,Wellington City,Te Tai Runga,104,52.0,52.0,0.0,71,7,0,17,7,2
2025,308,Amuri Area School,Composite (Year 1-15),State: Not integrated,Co-Ed,Canterbury Region,Canterbury and Chatham Islands,Hurunui District,Te Tai Runga,364,177.0,187.0,0.0,201,49,6,101,7,0
2025,309,Cheviot Area School,Composite (Year 1-15),State: Not integrated,Co-Ed,Canterbury Region,Canterbury and Chatham Islands,Hurunui District,Te Tai Runga,178,85.0,93.0,0.0,136,32,0,7,1,2
2025,31,Birkenhead College,Secondary (Year 9-15),State: Not integrated,Co-Ed,Auckland Region,Tāmaki Herenga Tāngata,Auckland- Kaipātiki,Te Tai Raro,521,271.0,,,166,120,88,103,23,4
2025,310,Oxford Area School,Composite (Year 1-15),State: Not integrated,Co-Ed,Canterbury Region,Canterbury and Chatham Islands,Waimakariri District,Te Tai Runga,522,244.0,278.0,0.0,394,78,4,31,6,1
2025,3100,TKKM o Te Hiringa,Composite (Year 1-15),State: Not integrated,Co-Ed,Waikato Region,Waikato,South Waikato District,Te Tai Whenua,136,62.0,74.0,0.0,0,136,0,0,0,0
2025,3101,Te Kura ā Iwi o Whakatupuranga Rua Mano,Composite (Year 1-15),State: Not integrated,Co-Ed,Wellington Region,Wellington,Kapiti Coast District,Te Tai Runga,193,92.0,101.0,0.0,2,191,0,0,0,0
2025,3102,TKKM o Waiuku,Full Primary,State: Not integrated,Co-Ed,Auckland Region,Tāmaki Herenga Waka,Auckland- Franklin,Te Tai Raro,18,12.0,6.0,0.0,0,18,0,0,0,0
2025,3103,TKKM o Hurungaterangi,Composite (Year 1-15),State: Not integrated,Co-Ed,Bay of Plenty Region,"Bay of Plenty, Waiariki",Rotorua District,Te Tai Whenua,93,44.0,49.0,0.0,0,91,1,1,0,0
2025,3104,TKKM o Te Kotuku,Full Primary,State: Not integrated,Co-Ed,Auckland Region,Tāmaki Herenga Tāngata,Auckland- Henderson-Massey,Te Tai Raro,132,69.0,63.0,0.0,0,132,0,0,0,0
2025,3106,TKKM o Whangaroa,Composite (Year 1-15),State: Not integrated,Co-Ed,Northland Region,Tai Tokerau,Far North District,Te Tai Raro,40,14.0,26.0,0.0,0,40,0,0,0,0
2025,3107,TKKM o Te Ara Hou,Composite (Year 1-15),State: Not integrated,Co-Ed,Hawkes Bay Region,"Hawke's Bay, Tairawhiti",Napier City,Te Tai Whenua,243,108.0,135.0,0.0,0,243,0,0,0,0
2025,311,Hurunui College,Composite (Year 1-15),State: Not integrated,Co-Ed,Canterbury Region,Canterbury and Chatham Islands,Hurunui District,Te Tai Runga,184,88.0,96.0,0.0,124,41,0,14,3,2
2025,3113,Te Wharekura o Manurewa,Secondary (Year 9-15),State: Not integrated,Co-Ed,Auckland Region,Tāmaki Herenga Waka,Auckland- Manurewa,Te Tai Raro,77,39.0,38.0,0.0,0,77,0,0,0,0
2025,3114,TKKM o Pukemiro,Composite (Year 1-15),State: Not integrated,Co-Ed,Northland Region,Tai Tokerau,Far North District,Te Tai Raro,168,65.0,103.0,0.0,0,168,0,0,0,0
2025,3115,Te Wharekura o Te Rau Aroha,Composite (Year 1-15),State: Not integrated,Co-Ed,Waikato Region,Waikato,Matamata-Piako District,Te Tai Whenua,148,68.0,80.0,0.0,0,148,0,0,0,0
2025,3117,Te Kura Kaupapa Māori o Hokianga,Composite (Year 1-15),State: Not integrated,Co-Ed,Northland Region,Tai Tokerau,Far North District,Te Tai Raro,141,62.0,79.0,0.0,3,138,0,0,0,0
2025,3118,Te Kura Kaupapa Maori o Taumarunui,Composite (Year 1-15),State: Not integrated,Co-Ed,Manawatū-Whanganui Regio,Waikato,Ruapehu District,Te Tai Whenua,90,39.0,51.0,0.0,0,89,1,0,0,0
2025,3119,TKKM o Kawakawa mai Tawhiti,Composite (Year 1-15),State: Not integrated,Co-Ed,Gisborne Region,"Hawke's Bay, Tairawhiti",Gisborne District,Te Tai Whenua,155,89.0,66.0,0.0,0,155,0,0,0,0
2025,312,Rangiora High School,Secondary (Year 9-15),State: Not integrated,Co-Ed,Canterbury Region,Canterbury and Chatham Islands,Waimakariri District,Te Tai Runga,1698,,904.0,,1261,264,38,72,10,12
2025,314,Kaiapoi High School,Secondary (Year 9-15),State: Not integrated,Co-Ed,Canterbury Region,Canterbury and Chatham Islands,Waimakariri District,Te Tai Runga,1022,492.0,530.0,0.0,685,216,28,56,13,9
2025,315,St Bede's College,Secondary (Year 9-15),State: Integrated,Single Sex-Boys,Canterbury Region,Canterbury and Chatham Islands,Christchurch City,Te Tai Runga,813,813.0,0.0,0.0,552,108,42,67,11,11
2025,316,Papanui High School,Secondary (Year 9-15),State: Not integrated,Co-Ed,Canterbury Region,Canterbury and Chatham Islands,Christchurch City,Te Tai Runga,1514,761.0,,,815,257,45,321,32,8
2025,317,Christchurch Adventist School,Composite (Year 1-15),State: Integrated,Co-Ed,Canterbury Region,Canterbury and Chatham Islands,Christchurch City,Te Tai Runga,268,140.0,128.0,0.0,87,14,69,67,29,0
2025,318,St Andrew's College (Christchurch),Composite (Year 1-15),Private: Fully Reg.,Co-Ed,Canterbury Region,Canterbury and Chatham Islands,Christchurch City,Te Tai Runga,1603,879.0,724.0,0.0,1201,120,24,211,9,17
2025,3180,Appleby School,Full Primary,State: Not integrated,Co-Ed,Tasman Region,"Nelson, Marlborough, West Coast",Tasman District,Te Tai Runga,116,62.0,54.0,0.0,83,26,0,1,6,0
2025,3181,Auckland Point School,Contributing,State: Not integrated,Co-Ed,Nelson Region,"Nelson, Marlborough, West Coast",Nelson City,Te Tai Runga,86,46.0,40.0,0.0,44,20,12,8,0,1
2025,3182,Birchwood School,Contributing,State: Not integrated,Co-Ed,Nelson Region,"Nelson, Marlborough, West Coast",Nelson City,Te Tai Runga,242,114.0,128.0,0.0,140,59,12,27,4,0
2025,3183,Brightwater School,Contributing,State: Not integrated,Co-Ed,Tasman Region,"Nelson, Marlborough, West Coast",Tasman District,Te Tai Runga,238,128.0,110.0,0.0,186,35,5,5,7,0
2025,3184,Broadgreen Intermediate,Intermediate,State: Not integrated,Co-Ed,Nelson Region,"Nelson, Marlborough, West Coast",Nelson City,Te Tai Runga,494,266.0,228.0,0.0,285,114,24,45,24,0
2025,3185,Brooklyn School (Motueka),Full Primary,State: Not integrated,Co-Ed,Tasman Region,"Nelson, Marlborough, West Coast",Tasman District,Te Tai Runga,136,72.0,64.0,0.0,106,24,2,4,0,0
2025,3186,Canvastown School,Full Primary,State: Not integrated,Co-Ed,Marlborough Region,"Nelson, Marlborough, West Coast",Marlborough District,Te Tai Runga,37,16.0,21.0,0.0,31,4,1,1,0,0
2025,3187,Clifton Terrace School,Contributing,State: Not integrated,Co-Ed,Nelson Region,"Nelson, Marlborough, West Coast",Nelson City,Te Tai Runga,286,149.0,137.0,0.0,224,25,4,23,7,3
2025,3188,Dovedale School,Full Primary,State: Not integrated,Co-Ed,Tasman Region,"Nelson, Marlborough, West Coast",Tasman District,Te Tai Runga,28,18.0,10.0,0.0,24,2,2,0,0,0
2025,3189,Enner Glynn School,Contributing,State: Not integrated,Co-Ed,Nelson Region,"Nelson, Marlborough, West Coast",Nelson City,Te Tai Runga,310,154.0,156.0,0.0,216,41,11,31,11,0
2025,319,Burnside High School,Secondary (Year 9-15),State: Not integrated,Co-Ed,Canterbury Region,Canterbury and Chatham Islands,Christchurch City,Te Tai Runga,2589,1374.0,,,957,205,90,1081,90,26
2025,3192,Granity School,Full Primary,State: Not integrated,Co-Ed,West Coast Region,"Nelson, Marlborough, West Coast",Buller District,Te Tai Runga,28,16.0,12.0,0.0,12,13,0,0,3,0
2025,3193,Hampden Street School,Contributing,State: Not integrated,Co-Ed,Nelson Region,"Nelson, Marlborough, West Coast",Nelson City,Te Tai Runga,426,198.0,228.0,0.0,302,58,5,46,8,7
2025,3194,Henley School (Nelson),Contributing,State: Not integrated,Co-Ed,Tasman Region,"Nelson, Marlborough, West Coast",Tasman District,Te Tai Runga,494,248.0,246.0,0.0,309,77,10,63,13,22
2025,3195,Hira School,Contributing,State: Not integrated,Co-Ed,Nelson Region,"Nelson, Marlborough, West Coast",Nelson City,Te Tai Runga,57,24.0,33.0,0.0,41,13,0,3,0,0
2025,3196,Hope School,Contributing,State: Not integrated,Co-Ed,Tasman Region,"Nelson, Marlborough, West Coast",Tasman District,Te Tai Runga,88,41.0,47.0,0.0,69,9,1,6,3,0
2025,3199,Lake Rotoiti School,Full Primary,State: Not integrated,Co-Ed,Tasman Region,"Nelson, Marlborough, West Coast",Tasman District,Te Tai Runga,26,18.0,8.0,0.0,21,1,3,1,0,0
2025,32,Northcote College,Secondary (Year 9-15),State: Not integrated,Co-Ed,Auckland Region,Tāmaki Herenga Tāngata,Auckland- Kaipātiki,Te Tai Raro,1489,804.0,,,665,211,95,323,74,9
2025,320,Mairehau High School,Secondary (Year 9-15),State: Not integrated,Co-Ed,Canterbury Region,Canterbury and Chatham Islands,Christchurch City,Te Tai Runga,433,225.0,208.0,0.0,190,104,38,82,14,3
2025,3200,Lower Moutere School,Full Primary,State: Not integrated,Co-Ed,Tasman Region,"Nelson, Marlborough, West Coast",Tasman District,Te Tai Runga,223,118.0,105.0,0.0,168,37,4,8,3,3
2025,3201,Mahana School,Full Primary,State: Not integrated,Co-Ed,Tasman Region,"Nelson, Marlborough, West Coast",Tasman District,Te Tai Runga,52,21.0,31.0,0.0,43,4,1,1,3,0
2025,3202,Maitai School,Specialist School,State: Not integrated,Co-Ed,Nelson Region,"Nelson, Marlborough, West Coast",Nelson City,Te Tai Runga,56,35.0,21.0,0.0,29,15,4,8,0,0
2025,3203,Mapua School,Full Primary,State: Not integrated,Co-Ed,Tasman Region,"Nelson, Marlborough, West Coast",Tasman District,Te Tai Runga,232,133.0,99.0,0.0,205,18,0,4,5,0
2025,3204,Maruia School,Full Primary,State: Not integrated,Co-Ed,West Coast Region,"Nelson, Marlborough, West Coast",Buller District,Te Tai Runga,18,7.0,11.0,0.0,14,2,0,2,0,0
2025,3206,Motueka South School,Full Primary,State: Not integrated,Co-Ed,Tasman Region,"Nelson, Marlborough, West Coast",Tasman District,Te Tai Runga,182,99.0,83.0,0.0,118,35,7,19,3,0
2025,3207,Motupipi School,Contributing,State: Not integrated,Co-Ed,Tasman Region,"Nelson, Marlborough, West Coast",Tasman District,Te Tai Runga,85,45.0,40.0,0.0,75,7,1,1,1,0
2025,3208,Nayland Primary School,Contributing,State: Not integrated,Co-Ed,Nelson Region,"Nelson, Marlborough, West Coast",Nelson City,Te Tai Runga,369,172.0,197.0,0.0,215,87,13,43,11,0
2025,3209,Nelson Central School,Contributing,State: Not integrated,Co-Ed,Nelson Region,"Nelson, Marlborough, West Coast",Nelson City,Te Tai Runga,383,206.0,177.0,0.0,194,67,12,77,19,6
2025,321,Shirley Boys' High School - Ngā Tama o Ōruapaeroa,Secondary (Year 9-15),State: Not integrated,Single Sex-Boys,Canterbury Region,Canterbury and Chatham Islands,Christchurch City,Te Tai Runga,1246,1246.0,0.0,0.0,804,274,61,68,11,3
2025,3210,Nelson Intermediate,Intermediate,State: Not integrated,Co-Ed,Nelson Region,"Nelson, Marlborough, West Coast",Nelson City,Te Tai Runga,410,208.0,,,201,87,16,87,9,10
2025,3212,Ngatimoti School,Full Primary,State: Not integrated,Co-Ed,Tasman Region,"Nelson, Marlborough, West Coast",Tasman District,Te Tai Runga,69,37.0,32.0,0.0,57,11,1,0,0,0
2025,3213,Parklands School (Motueka),Full Primary,State: Not integrated,Co-Ed,Tasman Region,"Nelson, Marlborough, West Coast",Tasman District,Te Tai Runga,192,102.0,90.0,0.0,54,104,9,18,5,1
2025,3214,Ranzau School,Contributing,State: Not integrated,Co-Ed,Tasman Region,"Nelson, Marlborough, West Coast",Tasman District,Te Tai Runga,112,59.0,53.0,0.0,71,28,2,1,4,6
2025,3216,Richmond School (Nelson),Contributing,State: Not integrated,Co-Ed,Tasman Region,"Nelson, Marlborough, West Coast",Tasman District,Te Tai Runga,487,270.0,217.0,0.0,300,97,17,56,16,1
2025,3217,Riwaka School,Full Primary,State: Not integrated,Co-Ed,Tasman Region,"Nelson, Marlborough, West Coast",Tasman District,Te Tai Runga,156,80.0,76.0,0.0,104,40,6,4,2,0
2025,3219,Sacred Heart School (Reefton),Full Primary,State: Integrated,Co-Ed,West Coast Region,"Nelson, Marlborough, West Coast",Buller District,Te Tai Runga,24,12.0,12.0,0.0,17,4,0,3,0,0
2025,3220,St Canice's School (Westport),Full Primary,State: Integrated,Co-Ed,West Coast Region,"Nelson, Marlborough, West Coast",Buller District,Te Tai Runga,157,80.0,77.0,0.0,90,38,9,12,8,0
2025,3221,St Joseph's School (Nelson),Full Primary,State: Integrated,Co-Ed,Nelson Region,"Nelson, Marlborough, West Coast",Nelson City,Te Tai Runga,346,176.0,170.0,0.0,206,29,21,75,11,4
2025,3222,St Peter Chanel School (Motueka),Full Primary,State: Integrated,Co-Ed,Tasman Region,"Nelson, Marlborough, West Coast",Tasman District,Te Tai Runga,75,40.0,35.0,0.0,34,21,2,18,0,0
2025,3223,Stoke School,Contributing,State: Not integrated,Co-Ed,Nelson Region,"Nelson, Marlborough, West Coast",Nelson City,Te Tai Runga,203,103.0,100.0,0.0,86,57,15,39,4,2
2025,3224,Tahunanui School,Contributing,State: Not integrated,Co-Ed,Nelson Region,"Nelson, Marlborough, West Coast",Nelson City,Te Tai Runga,264,138.0,126.0,0.0,142,73,11,33,3,2
2025,3225,Central Takaka School,Contributing,State: Not integrated,Co-Ed,Tasman Region,"Nelson, Marlborough, West Coast",Tasman District,Te Tai Runga,34,21.0,13.0,0.0,23,8,0,1,0,2
2025,3226,Takaka Primary School,Contributing,State: Not integrated,Co-Ed,Tasman Region,"Nelson, Marlborough, West Coast",Tasman District,Te Tai Runga,141,78.0,63.0,0.0,97,30,4,10,0,0
2025,3228,Tasman School,Full Primary,State: Not integrated,Co-Ed,Tasman Region,"Nelson, Marlborough, West Coast",Tasman District,Te Tai Runga,113,63.0,50.0,0.0,108,5,0,0,0,0
2025,3229,Upper Moutere School,Full Primary,State: Not integrated,Co-Ed,Tasman Region,"Nelson, Marlborough, West Coast",Tasman District,Te Tai Runga,94,54.0,40.0,0.0,75,14,0,3,2,0
2025,3231,Victory Primary School,Contributing,State: Not integrated,Co-Ed,Nelson Region,"Nelson, Marlborough, West Coast",Nelson City,Te Tai Runga,356,187.0,169.0,0.0,65,124,15,134,17,1
2025,3233,Waimea Intermediate,Intermediate,State: Not integrated,Co-Ed,Tasman Region,"Nelson, Marlborough, West Coast",Tasman District,Te Tai Runga,577,280.0,297.0,0.0,414,86,13,34,24,6
2025,3234,Wakefield School,Full Primary,State: Not integrated,Co-Ed,Tasman Region,"Nelson, Marlborough, West Coast",Tasman District,Te Tai Runga,238,125.0,113.0,0.0,200,34,0,3,1,0
2025,3235,Westport North School,Full Primary,State: Not integrated,Co-Ed,West Coast Region,"Nelson, Marlborough, West Coast",Buller District,Te Tai Runga,232,124.0,108.0,0.0,121,89,4,10,5,3
2025,3236,Westport South School,Full Primary,State: Not integrated,Co-Ed,West Coast Region,"Nelson, Marlborough, West Coast",Buller District,Te Tai Runga,216,102.0,114.0,0.0,162,33,2,16,3,0
2025,324,Avonside Girls' High School,Secondary (Year 9-15),State: Not integrated,Single Sex-Girls,Canterbury Region,Canterbury and Chatham Islands,Christchurch City,Te Tai Runga,1064,0.0,,,609,262,83,48,10,9
2025,325,Rangi Ruru Girls' School,Secondary (Year 7-15),Private: Fully Reg.,Single Sex-Girls,Canterbury Region,Canterbury and Chatham Islands,Christchurch City,Te Tai Runga,704,0.0,704.0,0.0,514,72,3,85,5,0
2025,326,Villa Maria College,Secondary (Year 7-15),State: Integrated,Single Sex-Girls,Canterbury Region,Canterbury and Chatham Islands,Christchurch City,Te Tai Runga,824,0.0,824.0,0.0,484,105,62,124,19,6
2025,327,Christchurch Boys' High School,Secondary (Year 9-15),State: Not integrated,Single Sex-Boys,Canterbury Region,Canterbury and Chatham Islands,Christchurch City,Te Tai Runga,1414,1414.0,0.0,0.0,855,180,65,215,42,11
2025,3270,Sacred Heart School (Christchurch),Full Primary,State: Integrated,Co-Ed,Canterbury Region,Canterbury and Chatham Islands,Christchurch City,Te Tai Runga,180,91.0,89.0,0.0,30,3,27,113,7,0
2025,3271,Addington Te Kura Taumatua,Contributing,State: Not integrated,Co-Ed,Canterbury Region,Canterbury and Chatham Islands,Christchurch City,Te Tai Runga,343,180.0,163.0,0.0,110,70,19,109,34,1
2025,3273,Albury School,Contributing,State: Not integrated,Co-Ed,Canterbury Region,Canterbury and Chatham Islands,Mackenzie District,Te Tai Runga,26,16.0,10.0,0.0,20,6,0,0,0,0
2025,3274,Allenton School,Contributing,State: Not integrated,Co-Ed,Canterbury Region,Canterbury and Chatham Islands,Ashburton District,Te Tai Runga,410,240.0,170.0,0.0,225,48,53,73,11,0
2025,3275,Pītau-Allenvale School,Specialist School,State: Not integrated,Co-Ed,Canterbury Region,Canterbury and Chatham Islands,Christchurch City,Te Tai Runga,131,95.0,36.0,0.0,61,25,8,30,6,1
2025,3276,Amberley School,Full Primary,State: Not integrated,Co-Ed,Canterbury Region,Canterbury and Chatham Islands,Hurunui District,Te Tai Runga,229,127.0,102.0,0.0,165,43,7,10,4,0
2025,328,Christchurch Girls' High School -Te Kura o Hine Waiora,Secondary (Year 9-15),State: Not integrated,Single Sex-Girls,Canterbury Region,Canterbury and Chatham Islands,Christchurch City,Te Tai Runga,1305,0.0,,,743,196,66,215,42,10
2025,3280,Arowhenua Maori School,Full Primary,State: Not integrated,Co-Ed,Canterbury Region,Canterbury and Chatham Islands,Timaru District,Te Tai Runga,39,18.0,21.0,0.0,1,36,2,0,0,0
2025,3281,Ashburton Borough School,Full Primary,State: Not integrated,Co-Ed,Canterbury Region,Canterbury and Chatham Islands,Ashburton District,Te Tai Runga,263,141.0,122.0,0.0,126,24,31,74,2,6
2025,3282,Ashburton Intermediate,Intermediate,State: Not integrated,Co-Ed,Canterbury Region,Canterbury and Chatham Islands,Ashburton District,Te Tai Runga,466,240.0,226.0,0.0,271,78,63,46,6,2
2025,3283,Ashburton Netherby School,Contributing,State: Not integrated,Co-Ed,Canterbury Region,Canterbury and Chatham Islands,Ashburton District,Te Tai Runga,164,78.0,86.0,0.0,48,40,58,17,1,0
2025,3284,Tūtira Ashgrove School,Full Primary,State: Not integrated,Co-Ed,Canterbury Region,Canterbury and Chatham Islands,Waimakariri District,Te Tai Runga,428,208.0,220.0,0.0,334,51,10,28,5,0
2025,3285,Ashley Rakahuri School,Full Primary,State: Not integrated,Co-Ed,Canterbury Region,Canterbury and Chatham Islands,Waimakariri District,Te Tai Runga,167,90.0,77.0,0.0,131,29,2,5,0,0
2025,3287,Avonhead School - Rakipaoa,Full Primary,State: Not integrated,Co-Ed,Canterbury Region,Canterbury and Chatham Islands,Christchurch City,Te Tai Runga,600,303.0,297.0,0.0,196,55,30,277,33,9
2025,3288,Ngutuawa School,Full Primary,State: Not integrated,Co-Ed,Canterbury Region,Canterbury and Chatham Islands,Christchurch City,Te Tai Runga,140,66.0,74.0,0.0,59,62,7,8,3,1
2025,3289,Pareawa Banks Avenue School,Contributing,State: Not integrated,Co-Ed,Canterbury Region,Canterbury and Chatham Islands,Christchurch City,Te Tai Runga,399,202.0,197.0,0.0,174,105,35,74,7,4
2025,329,Mangakino School,Full Primary,State: Not integrated,Co-Ed,Waikato Region,Waikato,Taupo District,Te Tai Whenua,41,24.0,17.0,0.0,1,37,3,0,0,0
2025,3290,Barrytown School,Full Primary,State: Not integrated,Co-Ed,West Coast Region,"Nelson, Marlborough, West Coast",Grey District,Te Tai Runga,43,23.0,20.0,0.0,28,14,0,0,0,1
2025,3291,Beckenham Te Kura o Pūroto,Full Primary,State: Not integrated,Co-Ed,Canterbury Region,Canterbury and Chatham Islands,Christchurch City,Te Tai Runga,495,256.0,239.0,0.0,303,74,6,78,22,12
2025,3292,Pūtahi Belfast School,Full Primary,State: Not integrated,Co-Ed,Canterbury Region,Canterbury and Chatham Islands,Christchurch City,Te Tai Runga,447,235.0,212.0,0.0,256,69,28,73,18,3
2025,3293,Bishopdale School Te Kura o Papakōhatu,Contributing,State: Not integrated,Co-Ed,Canterbury Region,Canterbury and Chatham Islands,Christchurch City,Te Tai Runga,160,80.0,80.0,0.0,44,62,9,25,19,1
2025,3295,Blaketown School,Full Primary,State: Not integrated,Co-Ed,West Coast Region,"Nelson, Marlborough, West Coast",Grey District,Te Tai Runga,83,41.0,42.0,0.0,54,15,1,8,4,1
2025,3299,Breens Intermediate,Intermediate,State: Not integrated,Co-Ed,Canterbury Region,Canterbury and Chatham Islands,Christchurch City,Te Tai Runga,260,132.0,128.0,0.0,144,43,17,45,10,1
2025,330,Christ's College,Secondary (Year 9-15),Private: Fully Reg.,Single Sex-Boys,Canterbury Region,Canterbury and Chatham Islands,Christchurch City,Te Tai Runga,731,731.0,0.0,0.0,598,56,5,51,4,1
2025,3301,Broadfield School,Full Primary,State: Not integrated,Co-Ed,Canterbury Region,Canterbury and Chatham Islands,Selwyn District,Te Tai Runga,138,71.0,67.0,0.0,108,15,5,7,2,1
2025,3302,Te Ahuwai Bromley School,Contributing,State: Not integrated,Co-Ed,Canterbury Region,Canterbury and Chatham Islands,Christchurch City,Te Tai Runga,349,187.0,162.0,0.0,149,150,32,14,3,1
2025,3303,Broomfield School,Full Primary,State: Not integrated,Co-Ed,Canterbury Region,Canterbury and Chatham Islands,Hurunui District,Te Tai Runga,131,60.0,71.0,0.0,100,24,1,2,0,4
2025,3304,Burnham School - Te Kura o Tiori,Full Primary,State: Not integrated,Co-Ed,Canterbury Region,Canterbury and Chatham Islands,Selwyn District,Te Tai Runga,175,86.0,89.0,0.0,100,35,15,16,8,1
2025,3305,Tuia Burnside Primary School,Contributing,State: Not integrated,Co-Ed,Canterbury Region,Canterbury and Chatham Islands,Christchurch City,Te Tai Runga,320,171.0,149.0,0.0,100,70,28,98,22,0
2025,3307,Cannington School,Full Primary,State: Not integrated,Co-Ed,Canterbury Region,Canterbury and Chatham Islands,Mackenzie District,Te Tai Runga,18,11.0,7.0,0.0,14,4,0,0,0,0
2025,3308,Carew Peel Forest School,Contributing,State: Not integrated,Co-Ed,Canterbury Region,Canterbury and Chatham Islands,Ashburton District,Te Tai Runga,77,43.0,34.0,0.0,63,1,0,13,0,0
2025,3309,Casebrook Intermediate,Intermediate,State: Not integrated,Co-Ed,Canterbury Region,Canterbury and Chatham Islands,Christchurch City,Te Tai Runga,475,230.0,245.0,0.0,233,114,32,70,22,0
2025,331,St Thomas of Canterbury College,Secondary (Year 7-15),State: Integrated,Single Sex-Boys,Canterbury Region,Canterbury and Chatham Islands,Christchurch City,Te Tai Runga,703,703.0,0.0,0.0,334,142,113,71,20,0
2025,3310,Cashmere Primary Te Pae Kererū,Full Primary,State: Not integrated,Co-Ed,Canterbury Region,Canterbury and Chatham Islands,Christchurch City,Te Tai Runga,453,209.0,244.0,0.0,336,36,10,56,9,5
2025,3313,Chertsey School,Contributing,State: Not integrated,Co-Ed,Canterbury Region,Canterbury and Chatham Islands,Ashburton District,Te Tai Runga,40,20.0,20.0,0.0,28,4,2,4,2,0
2025,3314,Chisnallwood Intermediate,Intermediate,State: Not integrated,Co-Ed,Canterbury Region,Canterbury and Chatham Islands,Christchurch City,Te Tai Runga,426,209.0,217.0,0.0,238,125,39,14,8,2
2025,3316,Christ The King School (Burnside),Full Primary,State: Integrated,Co-Ed,Canterbury Region,Canterbury and Chatham Islands,Christchurch City,Te Tai Runga,323,152.0,171.0,0.0,144,34,14,117,14,0
2025,3317,Christchurch East School,Full Primary,State: Not integrated,Co-Ed,Canterbury Region,Canterbury and Chatham Islands,Christchurch City,Te Tai Runga,321,164.0,157.0,0.0,66,39,41,154,21,0
2025,3318,Christchurch South Karamata Intermediate School,Intermediate,State: Not integrated,Co-Ed,Canterbury Region,Canterbury and Chatham Islands,Christchurch City,Te Tai Runga,512,,268.0,,316,72,16,74,22,10
2025,3321,Clarkville Te Kura ki Waimātao,Full Primary,State: Not integrated,Co-Ed,Canterbury Region,Canterbury and Chatham Islands,Waimakariri District,Te Tai Runga,191,98.0,93.0,0.0,145,20,6,16,4,0
2025,3322,Cobden School,Full Primary,State: Not integrated,Co-Ed,West Coast Region,"Nelson, Marlborough, West Coast",Grey District,Te Tai Runga,100,46.0,54.0,0.0,60,39,0,1,0,0
2025,3323,Wairarapa Cobham Intermediate,Intermediate,State: Not integrated,Co-Ed,Canterbury Region,Canterbury and Chatham Islands,Christchurch City,Te Tai Runga,640,330.0,310.0,0.0,234,67,27,283,16,4
2025,3324,Cotswold Mātāhae School,Contributing,State: Not integrated,Co-Ed,Canterbury Region,Canterbury and Chatham Islands,Christchurch City,Te Tai Runga,523,252.0,271.0,0.0,325,78,20,72,24,2
2025,3325,Cust School,Full Primary,State: Not integrated,Co-Ed,Canterbury Region,Canterbury and Chatham Islands,Waimakariri District,Te Tai Runga,137,67.0,70.0,0.0,113,17,2,3,2,0
2025,3326,Darfield School,Contributing,State: Not integrated,Co-Ed,Canterbury Region,Canterbury and Chatham Islands,Selwyn District,Te Tai Runga,286,133.0,153.0,0.0,207,47,10,15,7,0
2025,3327,Diamond Harbour School,Full Primary,State: Not integrated,Co-Ed,Canterbury Region,Canterbury and Chatham Islands,Christchurch City,Te Tai Runga,116,56.0,60.0,0.0,90,20,1,1,0,4
2025,3329,Dorie School,Full Primary,State: Not integrated,Co-Ed,Canterbury Region,Canterbury and Chatham Islands,Ashburton District,Te Tai Runga,64,37.0,27.0,0.0,34,2,1,24,1,2
2025,333,St Margaret's College,Composite (Year 1-15),Private: Fully Reg.,Single Sex-Girls,Canterbury Region,Canterbury and Chatham Islands,Christchurch City,Te Tai Runga,847,0.0,847.0,0.0,591,59,4,130,7,32
2025,3331,Dunsandel School,Contributing,State: Not integrated,Co-Ed,Canterbury Region,Canterbury and Chatham Islands,Selwyn District,Te Tai Runga,121,74.0,47.0,0.0,65,19,2,31,2,2
2025,3332,Duvauchelle School,Contributing,State: Not integrated,Co-Ed,Canterbury Region,Canterbury and Chatham Islands,Christchurch City,Te Tai Runga,28,16.0,12.0,0.0,19,5,0,2,2,0
2025,3334,Elmwood Normal School,Contributing,State: Not integrated,Co-Ed,Canterbury Region,Canterbury and Chatham Islands,Christchurch City,Te Tai Runga,496,261.0,235.0,0.0,230,40,11,173,32,5
2025,3335,Fairlie School,Contributing,State: Not integrated,Co-Ed,Canterbury Region,Canterbury and Chatham Islands,Mackenzie District,Te Tai Runga,141,72.0,69.0,0.0,102,27,3,7,1,1
2025,3336,Fairton School,Contributing,State: Not integrated,Co-Ed,Canterbury Region,Canterbury and Chatham Islands,Ashburton District,Te Tai Runga,37,10.0,27.0,0.0,22,12,0,1,2,0
2025,3338,Tūora Fendalton School,Contributing,State: Not integrated,Co-Ed,Canterbury Region,Canterbury and Chatham Islands,Christchurch City,Te Tai Runga,418,195.0,223.0,0.0,170,41,12,154,15,7
2025,3339,Ferndale Te Ahu,Specialist School,State: Not integrated,Co-Ed,Canterbury Region,Canterbury and Chatham Islands,Christchurch City,Te Tai Runga,139,101.0,38.0,0.0,61,46,16,9,6,1
2025,334,Riccarton High School,Secondary (Year 9-15),State: Not integrated,Co-Ed,Canterbury Region,Canterbury and Chatham Islands,Christchurch City,Te Tai Runga,1132,552.0,574.0,6.0,297,119,81,541,45,6
2025,3340,Fernside School,Full Primary,State: Not integrated,Co-Ed,Canterbury Region,Canterbury and Chatham Islands,Waimakariri District,Te Tai Runga,272,147.0,125.0,0.0,242,23,3,3,0,1
2025,3342,Fox Glacier School,Full Primary,State: Not integrated,Co-Ed,West Coast Region,"Nelson, Marlborough, West Coast",Westland District,Te Tai Runga,9,4.0,5.0,0.0,4,2,1,2,0,0
2025,3343,Franz Josef Glacier School,Full Primary,State: Not integrated,Co-Ed,West Coast Region,"Nelson, Marlborough, West Coast",Westland District,Te Tai Runga,39,19.0,20.0,0.0,21,4,1,12,0,1
2025,3346,Gilberthorpe School,Contributing,State: Not integrated,Co-Ed,Canterbury Region,Canterbury and Chatham Islands,Christchurch City,Te Tai Runga,228,118.0,110.0,0.0,70,53,24,67,9,5
2025,3347,Gleniti School,Full Primary,State: Not integrated,Co-Ed,Canterbury Region,Canterbury and Chatham Islands,Timaru District,Te Tai Runga,391,206.0,185.0,0.0,262,54,5,48,9,10
2025,3348,Glenavy School,Full Primary,State: Not integrated,Co-Ed,Canterbury Region,Canterbury and Chatham Islands,Waimate District,Te Tai Runga,131,59.0,72.0,0.0,38,16,6,69,2,0
2025,335,Middleton Grange School,Composite (Year 1-15),State: Integrated,Co-Ed,Canterbury Region,Canterbury and Chatham Islands,Christchurch City,Te Tai Runga,1394,666.0,728.0,0.0,656,90,55,384,87,4
2025,3352,Glentunnel School,Contributing,State: Not integrated,Co-Ed,Canterbury Region,Canterbury and Chatham Islands,Selwyn District,Te Tai Runga,101,54.0,47.0,0.0,81,17,0,2,1,0
2025,3354,Te Kura o Ōhinetahi - Governors Bay,Full Primary,State: Not integrated,Co-Ed,Canterbury Region,Canterbury and Chatham Islands,Christchurch City,Te Tai Runga,94,47.0,47.0,0.0,76,14,1,2,1,0
2025,3357,Greendale School,Contributing,State: Not integrated,Co-Ed,Canterbury Region,Canterbury and Chatham Islands,Selwyn District,Te Tai Runga,32,15.0,17.0,0.0,25,3,0,2,1,1
2025,3359,Greta Valley School,Full Primary,State: Not integrated,Co-Ed,Canterbury Region,Canterbury and Chatham Islands,Hurunui District,Te Tai Runga,38,22.0,16.0,0.0,31,7,0,0,0,0
2025,336,Te Puna Wai o Waipapa - Hagley College,Secondary (Year 9-15),State: Not integrated,Co-Ed,Canterbury Region,Canterbury and Chatham Islands,Christchurch City,Te Tai Runga,2118,731.0,1346.0,41.0,1342,178,28,375,160,34
2025,3361,Greymouth Main School,Full Primary,State: Not integrated,Co-Ed,West Coast Region,"Nelson, Marlborough, West Coast",Grey District,Te Tai Runga,207,106.0,101.0,0.0,124,49,4,23,7,0
2025,3363,Haast School,Full Primary,State: Not integrated,Co-Ed,West Coast Region,"Nelson, Marlborough, West Coast",Westland District,Te Tai Runga,9,5.0,4.0,0.0,5,4,0,0,0,0
2025,3366,Te Kura o te Tauawa Halswell School,Full Primary,State: Not integrated,Co-Ed,Canterbury Region,Canterbury and Chatham Islands,Christchurch City,Te Tai Runga,701,361.0,340.0,0.0,355,46,29,217,30,6
2025,3367,Hampstead School,Contributing,State: Not integrated,Co-Ed,Canterbury Region,Canterbury and Chatham Islands,Ashburton District,Te Tai Runga,309,172.0,137.0,0.0,142,50,87,19,11,0
2025,3368,Hanmer Springs School,Full Primary,State: Not integrated,Co-Ed,Canterbury Region,Canterbury and Chatham Islands,Hurunui District,Te Tai Runga,91,48.0,43.0,0.0,58,11,0,18,4,0
2025,3369,Hāpuku School,Full Primary,State: Not integrated,Co-Ed,Canterbury Region,"Nelson, Marlborough, West Coast",Kaikoura District,Te Tai Runga,18,11.0,7.0,0.0,0,18,0,0,0,0
2025,337,Te Aratai College,Secondary (Year 7-15),State: Not integrated,Co-Ed,Canterbury Region,Canterbury and Chatham Islands,Christchurch City,Te Tai Runga,1290,663.0,,,461,371,129,292,36,1
2025,3370,Harewood School,Contributing,State: Not integrated,Co-Ed,Canterbury Region,Canterbury and Chatham Islands,Christchurch City,Te Tai Runga,171,99.0,72.0,0.0,101,30,10,23,7,0
2025,3371,Heathcote Valley School,Full Primary,State: Not integrated,Co-Ed,Canterbury Region,Canterbury and Chatham Islands,Christchurch City,Te Tai Runga,188,105.0,83.0,0.0,133,30,7,14,1,3
2025,3372,He Tīwai Mātauranga Heaton Normal Intermediate,Intermediate,State: Not integrated,Co-Ed,Canterbury Region,Canterbury and Chatham Islands,Christchurch City,Te Tai Runga,531,275.0,256.0,0.0,304,50,25,113,26,8
2025,3373,Highfield School,Full Primary,State: Not integrated,Co-Ed,Canterbury Region,Canterbury and Chatham Islands,Timaru District,Te Tai Runga,325,169.0,156.0,0.0,152,76,28,35,34,0
2025,3375,Hinds School,Full Primary,State: Not integrated,Co-Ed,Canterbury Region,Canterbury and Chatham Islands,Ashburton District,Te Tai Runga,163,83.0,80.0,0.0,81,37,3,35,6,1
2025,3376,Hokitika Primary School,Contributing,State: Not integrated,Co-Ed,West Coast Region,"Nelson, Marlborough, West Coast",Westland District,Te Tai Runga,199,102.0,97.0,0.0,103,80,5,2,8,1
2025,3379,Hoon Hay Te Kura Kōaka,Contributing,State: Not integrated,Co-Ed,Canterbury Region,Canterbury and Chatham Islands,Christchurch City,Te Tai Runga,444,245.0,199.0,0.0,287,79,22,42,7,7
2025,338,Hornby High School,Secondary (Year 7-15),State: Not integrated,Co-Ed,Canterbury Region,Canterbury and Chatham Islands,Christchurch City,Te Tai Runga,999,,500.0,,280,233,85,377,18,2
2025,3380,Hornby Primary School,Contributing,State: Not integrated,Co-Ed,Canterbury Region,Canterbury and Chatham Islands,Christchurch City,Te Tai Runga,258,132.0,126.0,0.0,76,80,32,63,6,1
2025,3381,Hororata School,Contributing,State: Not integrated,Co-Ed,Canterbury Region,Canterbury and Chatham Islands,Selwyn District,Te Tai Runga,91,47.0,44.0,0.0,54,0,5,31,1,0
2025,3384,Ilam School,Contributing,State: Not integrated,Co-Ed,Canterbury Region,Canterbury and Chatham Islands,Christchurch City,Te Tai Runga,403,205.0,198.0,0.0,82,32,17,208,46,11
2025,3385,Te Kura o Te Mātāpuna Isleworth School,Contributing,State: Not integrated,Co-Ed,Canterbury Region,Canterbury and Chatham Islands,Christchurch City,Te Tai Runga,221,117.0,104.0,0.0,97,45,23,48,8,0
2025,3387,Kaingaroa School (Chatham Islands),Full Primary,State: Not integrated,Co-Ed,Chatham Is. County,Canterbury and Chatham Islands,Chatham Islands Territory,Te Tai Runga,6,3.0,3.0,0.0,1,4,0,0,0,1
2025,3388,Kaiapoi Borough School,Full Primary,State: Not integrated,Co-Ed,Canterbury Region,Canterbury and Chatham Islands,Waimakariri District,Te Tai Runga,363,184.0,179.0,0.0,212,107,8,27,8,1
2025,3389,Kaiapoi North School,Full Primary,State: Not integrated,Co-Ed,Canterbury Region,Canterbury and Chatham Islands,Waimakariri District,Te Tai Runga,506,258.0,248.0,0.0,325,106,23,41,7,4
2025,339,Hillmorton High School,Secondary (Year 7-15),State: Not integrated,Co-Ed,Canterbury Region,Canterbury and Chatham Islands,Christchurch City,Te Tai Runga,1394,,701.0,,649,239,106,288,66,5
2025,3391,Kaikōura Primary School,Contributing,State: Not integrated,Co-Ed,Canterbury Region,"Nelson, Marlborough, West Coast",Kaikoura District,Te Tai Runga,121,63.0,58.0,0.0,60,48,0,10,3,0
2025,3392,Kaikōura Suburban School,Contributing,State: Not integrated,Co-Ed,Canterbury Region,"Nelson, Marlborough, West Coast",Kaikoura District,Te Tai Runga,52,29.0,23.0,0.0,37,13,0,1,0,1
2025,3393,Kaniere School,Contributing,State: Not integrated,Co-Ed,West Coast Region,"Nelson, Marlborough, West Coast",Westland District,Te Tai Runga,118,72.0,46.0,0.0,74,36,0,4,4,0
2025,3394,Karoro School,Full Primary,State: Not integrated,Co-Ed,West Coast Region,"Nelson, Marlborough, West Coast",Grey District,Te Tai Runga,177,89.0,88.0,0.0,120,31,2,7,14,3
2025,3396,Kahikatea Kirkwood Intermediate,Intermediate,State: Not integrated,Co-Ed,Canterbury Region,Canterbury and Chatham Islands,Christchurch City,Te Tai Runga,257,141.0,116.0,0.0,107,19,12,87,19,1
2025,3397,Kirwee Model School,Contributing,State: Not integrated,Co-Ed,Canterbury Region,Canterbury and Chatham Islands,Selwyn District,Te Tai Runga,152,61.0,91.0,0.0,123,23,2,4,0,0
2025,3398,Kokatahi-Kowhitirangi School,Contributing,State: Not integrated,Co-Ed,West Coast Region,"Nelson, Marlborough, West Coast",Westland District,Te Tai Runga,37,22.0,15.0,0.0,22,8,0,6,1,0
2025,340,Cashmere High School,Secondary (Year 9-15),State: Not integrated,Co-Ed,Canterbury Region,Canterbury and Chatham Islands,Christchurch City,Te Tai Runga,2378,1211.0,1153.0,14.0,1645,242,41,254,79,12
2025,3401,Kumara School,Full Primary,State: Not integrated,Co-Ed,West Coast Region,"Nelson, Marlborough, West Coast",Westland District,Te Tai Runga,38,20.0,18.0,0.0,23,10,1,0,4,0
2025,3402,Ladbrooks School,Full Primary,State: Not integrated,Co-Ed,Canterbury Region,Canterbury and Chatham Islands,Selwyn District,Te Tai Runga,129,63.0,66.0,0.0,103,15,3,3,3,2
2025,3406,Lake Tekapo School,Contributing,State: Not integrated,Co-Ed,Canterbury Region,Canterbury and Chatham Islands,Mackenzie District,Te Tai Runga,39,17.0,22.0,0.0,23,2,1,11,1,1
2025,3407,Lauriston School,Contributing,State: Not integrated,Co-Ed,Canterbury Region,Canterbury and Chatham Islands,Ashburton District,Te Tai Runga,79,40.0,39.0,0.0,66,2,2,8,1,0
2025,341,Hillview Christian School,Composite (Year 1-15),State: Integrated,Co-Ed,Canterbury Region,Canterbury and Chatham Islands,Christchurch City,Te Tai Runga,547,261.0,286.0,0.0,267,90,69,62,50,9
2025,3410,Leeston School,Contributing,State: Not integrated,Co-Ed,Canterbury Region,Canterbury and Chatham Islands,Selwyn District,Te Tai Runga,298,151.0,147.0,0.0,199,55,14,22,7,1
2025,3411,Leithfield School Te Kura o Kōwai,Full Primary,State: Not integrated,Co-Ed,Canterbury Region,Canterbury and Chatham Islands,Hurunui District,Te Tai Runga,127,62.0,65.0,0.0,96,24,4,1,0,2
2025,3412,Lincoln Primary School,Full Primary,State: Not integrated,Co-Ed,Canterbury Region,Canterbury and Chatham Islands,Selwyn District,Te Tai Runga,799,425.0,374.0,0.0,507,73,13,167,27,9
2025,3413,Te Huarahi Linwood Avenue School,Contributing,State: Not integrated,Co-Ed,Canterbury Region,Canterbury and Chatham Islands,Christchurch City,Te Tai Runga,354,198.0,156.0,0.0,91,101,63,93,5,1
2025,3415,Whītau School,Contributing,State: Not integrated,Co-Ed,Canterbury Region,Canterbury and Chatham Islands,Christchurch City,Te Tai Runga,319,177.0,142.0,0.0,88,115,71,28,17,0
2025,3418,Little River School,Full Primary,State: Not integrated,Co-Ed,Canterbury Region,Canterbury and Chatham Islands,Christchurch City,Te Tai Runga,41,19.0,22.0,0.0,29,8,0,1,3,0
2025,3419,Loburn School Te Kura Aromauka,Full Primary,State: Not integrated,Co-Ed,Canterbury Region,Canterbury and Chatham Islands,Waimakariri District,Te Tai Runga,165,99.0,66.0,0.0,143,13,4,5,0,0
2025,3425,Mairehau Primary School,Full Primary,State: Not integrated,Co-Ed,Canterbury Region,Canterbury and Chatham Islands,Christchurch City,Te Tai Runga,356,173.0,183.0,0.0,171,108,28,36,11,2
2025,3426,Makikihi School,Full Primary,State: Not integrated,Co-Ed,Canterbury Region,Canterbury and Chatham Islands,Waimate District,Te Tai Runga,41,19.0,22.0,0.0,23,12,2,1,2,1
2025,3429,Marshland School,Full Primary,State: Not integrated,Co-Ed,Canterbury Region,Canterbury and Chatham Islands,Christchurch City,Te Tai Runga,566,296.0,270.0,0.0,343,85,19,103,16,0
2025,343,Marian College,Secondary (Year 9-15),State: Integrated,Single Sex-Girls,Canterbury Region,Canterbury and Chatham Islands,Christchurch City,Te Tai Runga,417,0.0,417.0,0.0,269,46,40,48,6,4
2025,3432,Mayfield School (Mid-Canterbury),Full Primary,State: Not integrated,Co-Ed,Canterbury Region,Canterbury and Chatham Islands,Ashburton District,Te Tai Runga,105,51.0,54.0,0.0,57,7,5,31,4,1
2025,3434,Merrin School Ngā Whetū Kohara,Full Primary,State: Not integrated,Co-Ed,Canterbury Region,Canterbury and Chatham Islands,Christchurch City,Te Tai Runga,458,213.0,245.0,0.0,132,47,24,228,16,5
2025,3436,Methven Primary School,Contributing,State: Not integrated,Co-Ed,Canterbury Region,Canterbury and Chatham Islands,Ashburton District,Te Tai Runga,277,141.0,136.0,0.0,182,46,5,35,7,1
2025,344,Westminster Christian School,Full Primary,State: Integrated,Co-Ed,Auckland Region,Tāmaki Herenga Tāngata,Auckland- Upper Harbour,Te Tai Raro,375,177.0,198.0,0.0,54,1,5,276,37,1
2025,3441,Mt Somers Springburn School,Full Primary,State: Not integrated,Co-Ed,Canterbury Region,Canterbury and Chatham Islands,Ashburton District,Te Tai Runga,89,47.0,42.0,0.0,50,22,1,14,2,0
2025,3442,Aoraki Mount Cook School,Full Primary,State: Not integrated,Co-Ed,Canterbury Region,Canterbury and Chatham Islands,Mackenzie District,Te Tai Runga,6,2.0,4.0,0.0,3,0,2,1,0,0
2025,3443,Mt Pleasant School,Full Primary,State: Not integrated,Co-Ed,Canterbury Region,Canterbury and Chatham Islands,Christchurch City,Te Tai Runga,356,190.0,166.0,0.0,282,36,5,27,3,3
2025,3445,New Brighton Catholic School (Chch),Full Primary,State: Integrated,Co-Ed,Canterbury Region,Canterbury and Chatham Islands,Christchurch City,Te Tai Runga,205,103.0,102.0,0.0,140,30,22,9,4,0
2025,3447,North Loburn School,Full Primary,State: Not integrated,Co-Ed,Canterbury Region,Canterbury and Chatham Islands,Waimakariri District,Te Tai Runga,78,40.0,38.0,0.0,55,18,4,1,0,0
2025,3449,Te Kura o Matarangi - Northcote School,Contributing,State: Not integrated,Co-Ed,Canterbury Region,Canterbury and Chatham Islands,Christchurch City,Te Tai Runga,152,84.0,68.0,0.0,50,69,15,18,0,0
2025,3450,Oaklands Te Kura o Ōwaka,Full Primary,State: Not integrated,Co-Ed,Canterbury Region,Canterbury and Chatham Islands,Christchurch City,Te Tai Runga,611,322.0,289.0,0.0,261,79,26,204,31,9
2025,3451,Ōhoka School,Full Primary,State: Not integrated,Co-Ed,Canterbury Region,Canterbury and Chatham Islands,Waimakariri District,Te Tai Runga,217,114.0,103.0,0.0,184,27,3,3,0,0
2025,3452,Okains Bay School,Full Primary,State: Not integrated,Co-Ed,Canterbury Region,Canterbury and Chatham Islands,Christchurch City,Te Tai Runga,5,2.0,3.0,0.0,1,4,0,0,0,0
2025,3454,Omihi School,Full Primary,State: Not integrated,Co-Ed,Canterbury Region,Canterbury and Chatham Islands,Hurunui District,Te Tai Runga,41,24.0,17.0,0.0,38,3,0,0,0,0
2025,3455,Te Kura o Ōpāwaho – Opawa School,Full Primary,State: Not integrated,Co-Ed,Canterbury Region,Canterbury and Chatham Islands,Christchurch City,Te Tai Runga,356,181.0,175.0,0.0,222,75,24,27,8,0
2025,346,Darfield High School,Secondary (Year 7-15),State: Not integrated,Co-Ed,Canterbury Region,Canterbury and Chatham Islands,Selwyn District,Te Tai Runga,818,434.0,384.0,0.0,594,109,15,63,10,10
2025,3461,Our Lady of the Assumption School (Chch),Full Primary,State: Integrated,Co-Ed,Canterbury Region,Canterbury and Chatham Islands,Christchurch City,Te Tai Runga,335,187.0,148.0,0.0,177,38,14,93,12,1
2025,3462,Our Lady of the Snows School (Methven),Full Primary,State: Integrated,Co-Ed,Canterbury Region,Canterbury and Chatham Islands,Ashburton District,Te Tai Runga,44,28.0,16.0,0.0,19,1,6,16,2,0
2025,3463,Our Lady of Victories,Full Primary,State: Integrated,Co-Ed,Canterbury Region,Canterbury and Chatham Islands,Christchurch City,Te Tai Runga,255,125.0,130.0,0.0,45,12,10,179,7,2
2025,3464,Ōuruhia Model School,Full Primary,State: Not integrated,Co-Ed,Canterbury Region,Canterbury and Chatham Islands,Christchurch City,Te Tai Runga,29,10.0,19.0,0.0,21,7,0,1,0,0
2025,3466,Papanui Primary School,Contributing,State: Not integrated,Co-Ed,Canterbury Region,Canterbury and Chatham Islands,Christchurch City,Te Tai Runga,218,109.0,109.0,0.0,98,49,12,52,7,0
2025,3467,Paparoa Street School,Contributing,State: Not integrated,Co-Ed,Canterbury Region,Canterbury and Chatham Islands,Christchurch City,Te Tai Runga,348,187.0,161.0,0.0,188,36,8,92,11,6
2025,347,Lincoln High School,Secondary (Year 9-15),State: Not integrated,Co-Ed,Canterbury Region,Canterbury and Chatham Islands,Selwyn District,Te Tai Runga,1427,719.0,,,1020,163,22,148,25,21
2025,3470,Parkview Pārua,Full Primary,State: Not integrated,Co-Ed,Canterbury Region,Canterbury and Chatham Islands,Christchurch City,Te Tai Runga,384,214.0,170.0,0.0,228,116,19,10,5,6
2025,3472,Paroa School (Greymouth),Full Primary,State: Not integrated,Co-Ed,West Coast Region,"Nelson, Marlborough, West Coast",Grey District,Te Tai Runga,189,98.0,91.0,0.0,135,33,4,8,7,2
2025,3476,Pitt Island School,Full Primary,State: Not integrated,Co-Ed,Chatham Is. County,Canterbury and Chatham Islands,Chatham Islands Territory,Te Tai Runga,11,4.0,7.0,0.0,1,10,0,0,0,0
2025,3477,Pleasant Point Primary School,Full Primary,State: Not integrated,Co-Ed,Canterbury Region,Canterbury and Chatham Islands,Timaru District,Te Tai Runga,252,150.0,102.0,0.0,212,22,3,10,1,4
2025,3478,Prebbleton School,Full Primary,State: Not integrated,Co-Ed,Canterbury Region,Canterbury and Chatham Islands,Selwyn District,Te Tai Runga,558,302.0,256.0,0.0,375,57,10,100,11,5
2025,3479,Queenspark Te Hua Mānuka,Full Primary,State: Not integrated,Co-Ed,Canterbury Region,Canterbury and Chatham Islands,Christchurch City,Te Tai Runga,450,247.0,203.0,0.0,314,94,15,19,3,3
2025,348,Mount Hutt College,Secondary (Year 7-15),State: Not integrated,Co-Ed,Canterbury Region,Canterbury and Chatham Islands,Ashburton District,Te Tai Runga,546,309.0,237.0,0.0,369,77,12,77,3,4
2025,3480,Rakaia School,Full Primary,State: Not integrated,Co-Ed,Canterbury Region,Canterbury and Chatham Islands,Ashburton District,Te Tai Runga,185,101.0,84.0,0.0,87,44,21,30,2,1
2025,3481,Rangiora Borough School,Full Primary,State: Not integrated,Co-Ed,Canterbury Region,Canterbury and Chatham Islands,Waimakariri District,Te Tai Runga,331,169.0,162.0,0.0,226,55,23,21,6,0
2025,3483,Te Raekura Redcliffs School,Full Primary,State: Not integrated,Co-Ed,Canterbury Region,Canterbury and Chatham Islands,Christchurch City,Te Tai Runga,234,124.0,110.0,0.0,176,28,1,18,5,6
2025,3484,Redwood School (Christchurch),Contributing,State: Not integrated,Co-Ed,Canterbury Region,Canterbury and Chatham Islands,Christchurch City,Te Tai Runga,288,145.0,143.0,0.0,147,56,12,63,10,0
2025,3485,Te Kāpehu Riccarton School,Full Primary,State: Not integrated,Co-Ed,Canterbury Region,Canterbury and Chatham Islands,Christchurch City,Te Tai Runga,364,190.0,174.0,0.0,43,47,66,166,38,2
2025,3488,Rolleston School,Full Primary,State: Not integrated,Co-Ed,Canterbury Region,Canterbury and Chatham Islands,Selwyn District,Te Tai Runga,729,385.0,344.0,0.0,474,80,34,104,33,4
2025,3489,Ross School,Contributing,State: Not integrated,Co-Ed,West Coast Region,"Nelson, Marlborough, West Coast",Westland District,Te Tai Runga,15,12.0,3.0,0.0,7,8,0,0,0,0
2025,349,Ellesmere College,Secondary (Year 7-15),State: Not integrated,Co-Ed,Canterbury Region,Canterbury and Chatham Islands,Selwyn District,Te Tai Runga,528,271.0,,,322,101,15,62,12,5
2025,3490,Rotherham School,Contributing,State: Not integrated,Co-Ed,Canterbury Region,Canterbury and Chatham Islands,Hurunui District,Te Tai Runga,38,21.0,17.0,0.0,23,11,0,4,0,0
2025,3492,Te Kōmanawa Rowley School,Contributing,State: Not integrated,Co-Ed,Canterbury Region,Canterbury and Chatham Islands,Christchurch City,Te Tai Runga,232,132.0,100.0,0.0,38,108,65,12,9,0
2025,3493,Te Ara Maurea Roydvale School,Contributing,State: Not integrated,Co-Ed,Canterbury Region,Canterbury and Chatham Islands,Christchurch City,Te Tai Runga,287,145.0,142.0,0.0,115,40,7,102,19,2
2025,3495,Runanga School,Full Primary,State: Not integrated,Co-Ed,West Coast Region,"Nelson, Marlborough, West Coast",Grey District,Te Tai Runga,21,15.0,6.0,0.0,16,3,0,1,1,0
2025,3496,Te Parito Kōwhai Russley School,Full Primary,State: Not integrated,Co-Ed,Canterbury Region,Canterbury and Chatham Islands,Christchurch City,Te Tai Runga,432,218.0,,,172,48,24,135,26,20
2025,3498,Sacred Heart School (Timaru),Full Primary,State: Integrated,Co-Ed,Canterbury Region,Canterbury and Chatham Islands,Timaru District,Te Tai Runga,230,111.0,119.0,0.0,103,41,19,62,4,1
2025,35,Carmel College,Secondary (Year 7-15),State: Integrated,Single Sex-Girls,Auckland Region,Tāmaki Herenga Tāngata,Auckland- Devonport-Takapuna,Te Tai Raro,1070,0.0,1070.0,0.0,521,80,56,325,53,5
2025,350,Akaroa Area School,Composite (Year 1-15),State: Not integrated,Co-Ed,Canterbury Region,Canterbury and Chatham Islands,Christchurch City,Te Tai Runga,118,65.0,53.0,0.0,75,24,5,13,0,0
2025,3501,Te Waitai Sefton School,Full Primary,State: Not integrated,Co-Ed,Canterbury Region,Canterbury and Chatham Islands,Waimakariri District,Te Tai Runga,134,62.0,72.0,0.0,111,19,0,0,4,0
2025,3502,Sheffield Contributing School,Contributing,State: Not integrated,Co-Ed,Canterbury Region,Canterbury and Chatham Islands,Selwyn District,Te Tai Runga,90,44.0,46.0,0.0,70,13,2,3,2,0
2025,3503,Te Oraka,Intermediate,State: Not integrated,Co-Ed,Canterbury Region,Canterbury and Chatham Islands,Christchurch City,Te Tai Runga,197,111.0,86.0,0.0,85,62,20,22,4,4
2025,3504,Te Hiwa Shirley Primary School,Contributing,State: Not integrated,Co-Ed,Canterbury Region,Canterbury and Chatham Islands,Christchurch City,Te Tai Runga,368,192.0,176.0,0.0,136,104,49,55,24,0
2025,3505,Wigram Primary School - Te Piki Kāhu,Contributing,State: Not integrated,Co-Ed,Canterbury Region,Canterbury and Chatham Islands,Christchurch City,Te Tai Runga,483,230.0,253.0,0.0,114,29,16,280,40,4
2025,3506,Somerfield Te Kura Wairepo,Contributing,State: Not integrated,Co-Ed,Canterbury Region,Canterbury and Chatham Islands,Christchurch City,Te Tai Runga,515,251.0,264.0,0.0,316,74,24,56,30,15
2025,3507,Te Manu Tukutuku South Hornby School,Contributing,State: Not integrated,Co-Ed,Canterbury Region,Canterbury and Chatham Islands,Christchurch City,Te Tai Runga,281,157.0,124.0,0.0,98,49,20,104,10,0
2025,3508,South New Brighton School,Full Primary,State: Not integrated,Co-Ed,Canterbury Region,Canterbury and Chatham Islands,Christchurch City,Te Tai Runga,389,210.0,179.0,0.0,259,85,16,23,3,3
2025,3509,Southbridge School,Contributing,State: Not integrated,Co-Ed,Canterbury Region,Canterbury and Chatham Islands,Selwyn District,Te Tai Runga,122,63.0,59.0,0.0,52,35,7,17,8,3
2025,351,Ashburton College,Secondary (Year 9-15),State: Not integrated,Co-Ed,Canterbury Region,Canterbury and Chatham Islands,Ashburton District,Te Tai Runga,1358,,714.0,,688,211,168,270,13,4
2025,3510,Southbrook School,Full Primary,State: Not integrated,Co-Ed,Canterbury Region,Canterbury and Chatham Islands,Waimakariri District,Te Tai Runga,263,152.0,111.0,0.0,212,29,7,14,1,0
2025,3512,Te Kura o Mōkihi Spreydon School,Contributing,State: Not integrated,Co-Ed,Canterbury Region,Canterbury and Chatham Islands,Christchurch City,Te Tai Runga,282,148.0,134.0,0.0,121,54,13,75,13,6
2025,3515,Springfield School,Contributing,State: Not integrated,Co-Ed,Canterbury Region,Canterbury and Chatham Islands,Selwyn District,Te Tai Runga,37,19.0,18.0,0.0,25,8,0,3,1,0
2025,3516,Springston School,Full Primary,State: Not integrated,Co-Ed,Canterbury Region,Canterbury and Chatham Islands,Selwyn District,Te Tai Runga,225,114.0,111.0,0.0,177,25,6,11,4,2
2025,3517,St Albans Catholic School (Christchurch),Contributing,State: Integrated,Co-Ed,Canterbury Region,Canterbury and Chatham Islands,Christchurch City,Te Tai Runga,102,51.0,51.0,0.0,66,7,4,19,6,0
2025,3518,St Albans School,Contributing,State: Not integrated,Co-Ed,Canterbury Region,Canterbury and Chatham Islands,Christchurch City,Te Tai Runga,561,286.0,275.0,0.0,263,95,18,147,26,12
2025,3519,St Andrew's School (Timaru),Full Primary,State: Not integrated,Co-Ed,Canterbury Region,Canterbury and Chatham Islands,Waimate District,Te Tai Runga,91,50.0,41.0,0.0,64,12,5,6,0,4
2025,352,Geraldine High School,Secondary (Year 7-15),State: Not integrated,Co-Ed,Canterbury Region,Canterbury and Chatham Islands,Timaru District,Te Tai Runga,606,313.0,293.0,0.0,440,58,9,67,20,2
2025,3520,St Anne's School (Woolston),Full Primary,State: Integrated,Co-Ed,Canterbury Region,Canterbury and Chatham Islands,Christchurch City,Te Tai Runga,175,88.0,87.0,0.0,33,23,44,65,10,0
2025,3521,St Bernadette's School (Hornby),Full Primary,State: Integrated,Co-Ed,Canterbury Region,Canterbury and Chatham Islands,Christchurch City,Te Tai Runga,166,92.0,74.0,0.0,23,9,29,101,3,1
2025,3523,St James School (Aranui),Contributing,State: Integrated,Co-Ed,Canterbury Region,Canterbury and Chatham Islands,Christchurch City,Te Tai Runga,106,45.0,61.0,0.0,17,32,38,18,1,0
2025,3527,St Joseph's School (Ashburton),Full Primary,State: Integrated,Co-Ed,Canterbury Region,Canterbury and Chatham Islands,Ashburton District,Te Tai Runga,245,138.0,107.0,0.0,112,23,19,76,15,0
2025,3528,St Joseph's School (Pleasant Point),Full Primary,State: Integrated,Co-Ed,Canterbury Region,Canterbury and Chatham Islands,Timaru District,Te Tai Runga,47,27.0,20.0,0.0,39,6,0,2,0,0
2025,3529,St Joseph's School (Fairlie),Full Primary,State: Integrated,Co-Ed,Canterbury Region,Canterbury and Chatham Islands,Mackenzie District,Te Tai Runga,21,9.0,12.0,0.0,11,0,6,3,1,0
2025,353,Mackenzie College,Secondary (Year 7-15),State: Not integrated,Co-Ed,Canterbury Region,Canterbury and Chatham Islands,Mackenzie District,Te Tai Runga,198,102.0,96.0,0.0,160,16,6,15,0,1
2025,3530,St Joseph's School (Kaikōura),Full Primary,State: Integrated,Co-Ed,Canterbury Region,"Nelson, Marlborough, West Coast",Kaikoura District,Te Tai Runga,109,53.0,56.0,0.0,69,29,0,11,0,0
2025,3531,St Joseph's School (Papanui),Full Primary,State: Integrated,Co-Ed,Canterbury Region,Canterbury and Chatham Islands,Christchurch City,Te Tai Runga,420,227.0,193.0,0.0,210,33,21,129,18,2
2025,3532,St Joseph's School (Temuka),Full Primary,State: Integrated,Co-Ed,Canterbury Region,Canterbury and Chatham Islands,Timaru District,Te Tai Runga,118,58.0,60.0,0.0,74,28,5,8,3,0
2025,3533,St Joseph's School (Timaru),Full Primary,State: Integrated,Co-Ed,Canterbury Region,Canterbury and Chatham Islands,Timaru District,Te Tai Runga,218,112.0,106.0,0.0,162,25,3,28,0,0
2025,3534,St Martins School,Full Primary,State: Not integrated,Co-Ed,Canterbury Region,Canterbury and Chatham Islands,Christchurch City,Te Tai Runga,484,235.0,249.0,0.0,358,51,18,49,6,2
2025,3535,St Mary's School (Christchurch),Full Primary,State: Integrated,Co-Ed,Canterbury Region,Canterbury and Chatham Islands,Christchurch City,Te Tai Runga,123,50.0,73.0,0.0,25,11,5,74,8,0
2025,3536,St Mary's School (Hokitika),Full Primary,State: Integrated,Co-Ed,West Coast Region,"Nelson, Marlborough, West Coast",Westland District,Te Tai Runga,125,66.0,59.0,0.0,67,23,4,30,1,0
2025,3537,St Patrick's School (Bryndwr),Full Primary,State: Integrated,Co-Ed,Canterbury Region,Canterbury and Chatham Islands,Christchurch City,Te Tai Runga,165,78.0,87.0,0.0,124,12,5,15,6,0
2025,3538,St Patrick's School (Greymouth),Full Primary,State: Integrated,Co-Ed,West Coast Region,"Nelson, Marlborough, West Coast",Grey District,Te Tai Runga,206,108.0,98.0,0.0,82,47,4,72,1,0
2025,3539,St Patrick's School (Waimate),Full Primary,State: Integrated,Co-Ed,Canterbury Region,Canterbury and Chatham Islands,Waimate District,Te Tai Runga,33,17.0,16.0,0.0,7,1,1,24,0,0
2025,354,Opihi College,Secondary (Year 7-15),State: Not integrated,Co-Ed,Canterbury Region,Canterbury and Chatham Islands,Timaru District,Te Tai Runga,275,146.0,129.0,0.0,186,66,7,13,3,0
2025,3540,St Patrick's School (Kaiapoi),Full Primary,State: Integrated,Co-Ed,Canterbury Region,Canterbury and Chatham Islands,Waimakariri District,Te Tai Runga,192,102.0,90.0,0.0,136,20,1,33,0,2
2025,3542,St Peter's School Te Kura Haoika,Full Primary,State: Integrated,Co-Ed,Canterbury Region,Canterbury and Chatham Islands,Christchurch City,Te Tai Runga,159,85.0,74.0,0.0,88,15,3,41,11,1
2025,3543,St Teresa's School (Riccarton),Full Primary,State: Integrated,Co-Ed,Canterbury Region,Canterbury and Chatham Islands,Christchurch City,Te Tai Runga,169,83.0,86.0,0.0,9,3,10,136,11,0
2025,3544,Our Lady Star of the Sea School (Christchurch),Full Primary,State: Integrated,Co-Ed,Canterbury Region,Canterbury and Chatham Islands,Christchurch City,Te Tai Runga,105,50.0,55.0,0.0,81,15,0,1,5,3
2025,3546,Sumner School,Full Primary,State: Not integrated,Co-Ed,Canterbury Region,Canterbury and Chatham Islands,Christchurch City,Te Tai Runga,342,182.0,160.0,0.0,298,21,4,8,1,10
2025,3547,Te Koromiko Swannanoa School,Full Primary,State: Not integrated,Co-Ed,Canterbury Region,Canterbury and Chatham Islands,Waimakariri District,Te Tai Runga,300,142.0,158.0,0.0,225,48,8,7,11,1
2025,3549,Tai Tapu School,Full Primary,State: Not integrated,Co-Ed,Canterbury Region,Canterbury and Chatham Islands,Selwyn District,Te Tai Runga,261,136.0,125.0,0.0,217,26,2,11,5,0
2025,3553,Te One School,Full Primary,State: Not integrated,Co-Ed,Chatham Is. County,Canterbury and Chatham Islands,Chatham Islands Territory,Te Tai Runga,55,30.0,25.0,0.0,4,50,0,1,0,0
2025,3554,Waitaha School,Specialist School,State: Not integrated,Co-Ed,Canterbury Region,Canterbury and Chatham Islands,Selwyn District,Te Tai Runga,136,104.0,32.0,0.0,70,19,9,30,8,0
2025,3555,Templeton School,Full Primary,State: Not integrated,Co-Ed,Canterbury Region,Canterbury and Chatham Islands,Christchurch City,Te Tai Runga,295,160.0,135.0,0.0,182,58,26,25,2,2
2025,3557,Te Kura o Huriawa Thorrington,Contributing,State: Not integrated,Co-Ed,Canterbury Region,Canterbury and Chatham Islands,Christchurch City,Te Tai Runga,428,230.0,198.0,0.0,316,33,8,59,11,1
2025,3561,Tinwald School,Contributing,State: Not integrated,Co-Ed,Canterbury Region,Canterbury and Chatham Islands,Ashburton District,Te Tai Runga,270,136.0,134.0,0.0,165,44,34,21,6,0
2025,3563,Te Kura o Tuahiwi,Full Primary,State: Not integrated,Co-Ed,Canterbury Region,Canterbury and Chatham Islands,Waimakariri District,Te Tai Runga,176,84.0,92.0,0.0,20,146,8,0,1,1
2025,3565,View Hill School,Full Primary,State: Not integrated,Co-Ed,Canterbury Region,Canterbury and Chatham Islands,Waimakariri District,Te Tai Runga,67,27.0,40.0,0.0,61,2,3,1,0,0
2025,3566,Waiau School,Contributing,State: Not integrated,Co-Ed,Canterbury Region,Canterbury and Chatham Islands,Hurunui District,Te Tai Runga,30,16.0,14.0,0.0,24,6,0,0,0,0
2025,3567,Waihao Downs School,Full Primary,State: Not integrated,Co-Ed,Canterbury Region,Canterbury and Chatham Islands,Waimate District,Te Tai Runga,74,44.0,30.0,0.0,61,5,0,7,1,0
2025,3569,Waikari School,Full Primary,State: Not integrated,Co-Ed,Canterbury Region,Canterbury and Chatham Islands,Hurunui District,Te Tai Runga,33,17.0,16.0,0.0,15,16,0,1,0,1
2025,357,Craighead Diocesan School,Secondary (Year 7-15),State: Integrated,Single Sex-Girls,Canterbury Region,Canterbury and Chatham Islands,Timaru District,Te Tai Runga,415,0.0,415.0,0.0,338,33,3,26,4,1
2025,3570,Pegasus Bay School,Full Primary,State: Not integrated,Co-Ed,Canterbury Region,Canterbury and Chatham Islands,Waimakariri District,Te Tai Runga,430,225.0,205.0,0.0,295,64,9,45,17,0
2025,3571,Waimairi School,Contributing,State: Not integrated,Co-Ed,Canterbury Region,Canterbury and Chatham Islands,Christchurch City,Te Tai Runga,348,186.0,162.0,0.0,196,67,15,56,13,1
2025,3572,Waimataitai School,Full Primary,State: Not integrated,Co-Ed,Canterbury Region,Canterbury and Chatham Islands,Timaru District,Te Tai Runga,488,226.0,262.0,0.0,247,90,40,75,24,12
2025,3573,Waimate Centennial School,Contributing,State: Not integrated,Co-Ed,Canterbury Region,Canterbury and Chatham Islands,Waimate District,Te Tai Runga,132,57.0,75.0,0.0,99,25,2,5,1,0
2025,3574,Waimate Main School,Contributing,State: Not integrated,Co-Ed,Canterbury Region,Canterbury and Chatham Islands,Waimate District,Te Tai Runga,90,41.0,49.0,0.0,59,14,5,12,0,0
2025,3576,Waipara School,Full Primary,State: Not integrated,Co-Ed,Canterbury Region,Canterbury and Chatham Islands,Hurunui District,Te Tai Runga,36,22.0,14.0,0.0,27,8,0,1,0,0
2025,3577,Wairakei School (Christchurch),Contributing,State: Not integrated,Co-Ed,Canterbury Region,Canterbury and Chatham Islands,Christchurch City,Te Tai Runga,212,105.0,107.0,0.0,70,71,10,50,8,3
2025,3579,Waituna Creek School,Full Primary,State: Not integrated,Co-Ed,Canterbury Region,Canterbury and Chatham Islands,Waimate District,Te Tai Runga,27,11.0,16.0,0.0,22,3,1,0,0,1
2025,358,Roncalli College,Secondary (Year 9-15),State: Integrated,Co-Ed,Canterbury Region,Canterbury and Chatham Islands,Timaru District,Te Tai Runga,518,,273.0,,356,81,9,56,11,5
2025,3580,Wakanui School,Full Primary,State: Not integrated,Co-Ed,Canterbury Region,Canterbury and Chatham Islands,Ashburton District,Te Tai Runga,103,48.0,55.0,0.0,84,2,1,7,6,3
2025,3581,Waltham School,Full Primary,State: Not integrated,Co-Ed,Canterbury Region,Canterbury and Chatham Islands,Christchurch City,Te Tai Runga,254,148.0,106.0,0.0,77,51,23,93,10,0
2025,3585,Weedons School,Full Primary,State: Not integrated,Co-Ed,Canterbury Region,Canterbury and Chatham Islands,Selwyn District,Te Tai Runga,151,84.0,67.0,0.0,120,24,1,5,1,0
2025,3586,West Eyreton School,Full Primary,State: Not integrated,Co-Ed,Canterbury Region,Canterbury and Chatham Islands,Waimakariri District,Te Tai Runga,176,101.0,75.0,0.0,140,19,5,9,3,0
2025,3587,West Melton School,Full Primary,State: Not integrated,Co-Ed,Canterbury Region,Canterbury and Chatham Islands,Selwyn District,Te Tai Runga,477,246.0,231.0,0.0,372,59,3,35,8,0
2025,3588,Te Ara Koropiko West Spreydon School,Contributing,State: Not integrated,Co-Ed,Canterbury Region,Canterbury and Chatham Islands,Christchurch City,Te Tai Runga,275,135.0,140.0,0.0,150,63,16,25,19,2
2025,3589,Westburn Te Kura O Hereora,Full Primary,State: Not integrated,Co-Ed,Canterbury Region,Canterbury and Chatham Islands,Christchurch City,Te Tai Runga,463,250.0,213.0,0.0,123,28,17,263,21,5
2025,359,Mountainview High School,Secondary (Year 9-15),State: Not integrated,Co-Ed,Canterbury Region,Canterbury and Chatham Islands,Timaru District,Te Tai Runga,475,262.0,,,327,70,11,30,25,4
2025,3591,Wharenui School,Full Primary,State: Not integrated,Co-Ed,Canterbury Region,Canterbury and Chatham Islands,Christchurch City,Te Tai Runga,465,242.0,223.0,0.0,52,79,34,252,47,1
2025,3592,Whataroa School,Full Primary,State: Not integrated,Co-Ed,West Coast Region,"Nelson, Marlborough, West Coast",Westland District,Te Tai Runga,20,12.0,8.0,0.0,14,6,0,0,0,0
2025,3594,Longbeach School,Full Primary,State: Not integrated,Co-Ed,Canterbury Region,Canterbury and Chatham Islands,Ashburton District,Te Tai Runga,143,76.0,67.0,0.0,118,11,2,7,4,1
2025,3597,Windwhistle School,Contributing,State: Not integrated,Co-Ed,Canterbury Region,Canterbury and Chatham Islands,Selwyn District,Te Tai Runga,26,13.0,13.0,0.0,25,1,0,0,0,0
2025,3599,Woodbury School,Contributing,State: Not integrated,Co-Ed,Canterbury Region,Canterbury and Chatham Islands,Timaru District,Te Tai Runga,104,48.0,56.0,0.0,91,8,0,1,3,1
2025,36,Takapuna Grammar School,Secondary (Year 9-15),State: Not integrated,Co-Ed,Auckland Region,Tāmaki Herenga Tāngata,Auckland- Devonport-Takapuna,Te Tai Raro,2183,1081.0,1097.0,5.0,1237,180,43,466,63,20
2025,360,Timaru Boys' High School,Secondary (Year 9-15),State: Not integrated,Single Sex-Boys,Canterbury Region,Canterbury and Chatham Islands,Timaru District,Te Tai Runga,799,799.0,0.0,0.0,526,123,52,36,39,3
2025,3600,Woodend School,Full Primary,State: Not integrated,Co-Ed,Canterbury Region,Canterbury and Chatham Islands,Waimakariri District,Te Tai Runga,531,280.0,251.0,0.0,366,100,16,36,4,9
2025,3602,Yaldhurst School – Tōtara Tūkaha,Full Primary,State: Not integrated,Co-Ed,Canterbury Region,Canterbury and Chatham Islands,Christchurch City,Te Tai Runga,113,66.0,47.0,0.0,68,19,7,14,3,2
2025,361,Timaru Girls' High School,Secondary (Year 9-15),State: Not integrated,Single Sex-Girls,Canterbury Region,Canterbury and Chatham Islands,Timaru District,Te Tai Runga,468,0.0,,,298,65,44,24,15,4
2025,3612,Mangakōtukutuku College,Secondary (Year 7-15),State: Not integrated,Co-Ed,Waikato Region,Waikato,Hamilton City,Te Tai Whenua,787,433.0,,,112,402,83,159,28,3
2025,3618,Te Kura aa Iwi o Ngaati Kauwhata,Composite (Year 1-15),State: Not integrated,Co-Ed,Manawatū-Whanganui Regio,"Taranaki, Whanganui, Manawatu",Manawatu District,Te Tai Whenua,55,33.0,22.0,0.0,0,55,0,0,0,0
2025,3619,Te Kāpehu Whetū,Composite (Year 1-15),State: Not integrated,Co-Ed,Northland Region,Tai Tokerau,Whangarei District,Te Tai Raro,161,81.0,80.0,0.0,2,158,1,0,0,0
2025,362,Waimate High School,Secondary (Year 7-15),State: Not integrated,Co-Ed,Canterbury Region,Canterbury and Chatham Islands,Waimate District,Te Tai Runga,292,152.0,140.0,0.0,206,40,9,35,2,0
2025,3625,Māruawai College,Secondary (Year 7-15),State: Not integrated,Co-Ed,Southland Region,"Otago, Southland",Gore District,Te Tai Runga,656,342.0,,,431,140,27,39,13,6
2025,3628,Elim Christian College Henderson,Full Primary,State: Integrated,Co-Ed,Auckland Region,Tāmaki Herenga Tāngata,Auckland- Henderson-Massey,Te Tai Raro,113,62.0,51.0,0.0,15,6,10,74,8,0
2025,363,Waitaki Valley School,Full Primary,State: Not integrated,Co-Ed,Canterbury Region,"Otago, Southland",Waitaki District,Te Tai Runga,106,48.0,58.0,0.0,81,16,0,9,0,0
2025,3630,Elim Christian College Mt Albert,Composite (Year 1-15),State: Integrated,Co-Ed,Auckland Region,Tāmaki Herenga Manawa,Auckland- Albert-Eden,Te Tai Raro,434,224.0,210.0,0.0,138,14,45,211,20,0
2025,3641,Porirua Montessori Primary School,Full Primary,Private: Fully Reg.,Co-Ed,Wellington Region,Wellington,Porirua City,Te Tai Runga,6,2.0,4.0,0.0,1,3,0,1,1,0
2025,365,Waitaki Boys' High School,Secondary (Year 9-15),State: Not integrated,Single Sex-Boys,Otago Region,"Otago, Southland",Waitaki District,Te Tai Runga,434,434.0,0.0,0.0,274,59,59,32,3,3
2025,3657,Nikau School,Contributing,Private: Fully Reg.,Co-Ed,Auckland Region,Tāmaki Herenga Tāngata,Auckland- Rodney,Te Tai Raro,10,5.0,5.0,0.0,9,0,0,1,0,0
2025,366,Waitaki Girls' High School,Secondary (Year 9-15),State: Not integrated,Single Sex-Girls,Otago Region,"Otago, Southland",Waitaki District,Te Tai Runga,406,0.0,406.0,0.0,266,52,48,31,4,1
2025,368,The Cathedral Grammar School,Full Primary,Private: Fully Reg.,Co-Ed,Canterbury Region,Canterbury and Chatham Islands,Christchurch City,Te Tai Runga,238,145.0,93.0,0.0,115,5,1,111,1,1
2025,369,St Kevins College (Oamaru),Secondary (Year 9-15),State: Integrated,Co-Ed,Otago Region,"Otago, Southland",Waitaki District,Te Tai Runga,476,242.0,234.0,0.0,277,53,30,93,10,7
2025,3691,Mangawhai Hills College,Composite (Year 1-15),Private: Prov.Reg.,Co-Ed,Northland Region,Tai Tokerau,Kaipara District,Te Tai Raro,12,4.0,8.0,0.0,12,0,0,0,0,0
2025,37,Westlake Boys High School,Secondary (Year 9-15),State: Not integrated,Single Sex-Boys,Auckland Region,Tāmaki Herenga Tāngata,Auckland- Devonport-Takapuna,Te Tai Raro,2771,2771.0,0.0,0.0,1095,264,135,978,112,29
2025,370,Maniototo Area School,Composite (Year 1-15),State: Not integrated,Co-Ed,Otago Region,"Otago, Southland",Central Otago District,Te Tai Runga,147,76.0,71.0,0.0,87,42,1,14,2,1
2025,3700,Abbotsford School,Full Primary,State: Not integrated,Co-Ed,Otago Region,"Otago, Southland",Dunedin City,Te Tai Runga,292,163.0,129.0,0.0,201,69,8,10,3,1
2025,3701,Alexandra Primary School,Full Primary,State: Not integrated,Co-Ed,Otago Region,"Otago, Southland",Central Otago District,Te Tai Runga,207,109.0,98.0,0.0,156,33,3,7,6,2
2025,3703,Andersons Bay School,Contributing,State: Not integrated,Co-Ed,Otago Region,"Otago, Southland",Dunedin City,Te Tai Runga,286,130.0,156.0,0.0,204,20,8,42,11,1
2025,3704,Ardgowan School,Full Primary,State: Not integrated,Co-Ed,Otago Region,"Otago, Southland",Waitaki District,Te Tai Runga,131,67.0,64.0,0.0,98,17,5,3,8,0
2025,3706,Arthur Street School,Full Primary,State: Not integrated,Co-Ed,Otago Region,"Otago, Southland",Dunedin City,Te Tai Runga,201,112.0,89.0,0.0,81,28,12,62,13,5
2025,3707,Fenwick School,Contributing,State: Not integrated,Co-Ed,Otago Region,"Otago, Southland",Waitaki District,Te Tai Runga,287,156.0,131.0,0.0,175,54,28,25,4,1
2025,3709,Balaclava School,Contributing,State: Not integrated,Co-Ed,Otago Region,"Otago, Southland",Dunedin City,Te Tai Runga,251,124.0,127.0,0.0,183,34,6,23,4,1
2025,371,East Otago High School,Secondary (Year 7-15),State: Not integrated,Co-Ed,Otago Region,"Otago, Southland",Waitaki District,Te Tai Runga,185,92.0,93.0,0.0,120,46,9,3,4,3
2025,3710,Balclutha School,Full Primary,State: Not integrated,Co-Ed,Otago Region,"Otago, Southland",Clutha District,Te Tai Runga,225,119.0,106.0,0.0,106,42,46,12,8,11
2025,3711,Balmacewen Intermediate,Intermediate,State: Not integrated,Co-Ed,Otago Region,"Otago, Southland",Dunedin City,Te Tai Runga,474,262.0,212.0,0.0,302,66,25,49,18,14
2025,3716,Bradford School,Contributing,State: Not integrated,Co-Ed,Otago Region,"Otago, Southland",Dunedin City,Te Tai Runga,94,54.0,40.0,0.0,56,18,8,10,2,0
2025,3718,Broad Bay School,Full Primary,State: Not integrated,Co-Ed,Otago Region,"Otago, Southland",Dunedin City,Te Tai Runga,24,13.0,11.0,0.0,14,3,3,1,1,2
2025,3719,Brockville School,Full Primary,State: Not integrated,Co-Ed,Otago Region,"Otago, Southland",Dunedin City,Te Tai Runga,119,56.0,63.0,0.0,49,43,8,4,15,0
2025,372,Dunstan High School,Secondary (Year 9-15),State: Not integrated,Co-Ed,Otago Region,"Otago, Southland",Central Otago District,Te Tai Runga,590,315.0,,,414,119,16,31,6,2
2025,3723,Clinton School,Full Primary,State: Not integrated,Co-Ed,Otago Region,"Otago, Southland",Clutha District,Te Tai Runga,73,39.0,34.0,0.0,54,15,0,2,0,2
2025,3724,Clutha Valley School,Full Primary,State: Not integrated,Co-Ed,Otago Region,"Otago, Southland",Clutha District,Te Tai Runga,94,49.0,45.0,0.0,36,18,15,17,8,0
2025,3725,Clyde School,Full Primary,State: Not integrated,Co-Ed,Otago Region,"Otago, Southland",Central Otago District,Te Tai Runga,166,81.0,85.0,0.0,128,25,0,3,10,0
2025,3727,Concord School,Contributing,State: Not integrated,Co-Ed,Otago Region,"Otago, Southland",Dunedin City,Te Tai Runga,62,31.0,31.0,0.0,31,19,6,4,1,1
2025,3729,Cromwell Primary School,Contributing,State: Not integrated,Co-Ed,Otago Region,"Otago, Southland",Central Otago District,Te Tai Runga,393,186.0,207.0,0.0,264,59,12,39,16,3
2025,373,Cromwell College,Secondary (Year 7-15),State: Not integrated,Co-Ed,Otago Region,"Otago, Southland",Central Otago District,Te Tai Runga,691,356.0,335.0,0.0,436,124,22,88,9,9
2025,3731,Dunedin North Intermediate,Intermediate,State: Not integrated,Co-Ed,Otago Region,"Otago, Southland",Dunedin City,Te Tai Runga,295,158.0,,,171,57,15,28,19,4
2025,3732,Duntroon School,Full Primary,State: Not integrated,Co-Ed,Canterbury Region,"Otago, Southland",Waitaki District,Te Tai Runga,106,57.0,49.0,0.0,73,7,1,23,1,1
2025,3733,East Taieri School,Contributing,State: Not integrated,Co-Ed,Otago Region,"Otago, Southland",Dunedin City,Te Tai Runga,302,160.0,142.0,0.0,248,38,2,11,3,0
2025,3736,Fairfield School (Dunedin),Full Primary,State: Not integrated,Co-Ed,Otago Region,"Otago, Southland",Dunedin City,Te Tai Runga,496,268.0,228.0,0.0,361,74,15,34,10,2
2025,3737,Pembroke School (Oamaru),Contributing,State: Not integrated,Co-Ed,Otago Region,"Otago, Southland",Waitaki District,Te Tai Runga,246,126.0,120.0,0.0,94,36,87,28,1,0
2025,3738,Five Forks School,Full Primary,State: Not integrated,Co-Ed,Otago Region,"Otago, Southland",Waitaki District,Te Tai Runga,64,24.0,40.0,0.0,48,6,1,5,4,0
2025,374,Wakatipu High School,Secondary (Year 9-15),State: Not integrated,Co-Ed,Otago Region,"Otago, Southland",Queenstown-Lakes District,Te Tai Runga,1447,755.0,,,919,147,54,210,80,15
2025,3740,George Street Normal School,Contributing,State: Not integrated,Co-Ed,Otago Region,"Otago, Southland",Dunedin City,Te Tai Runga,383,185.0,198.0,0.0,187,25,16,104,23,27
2025,3741,Goldfields School (Cromwell),Contributing,State: Not integrated,Co-Ed,Otago Region,"Otago, Southland",Central Otago District,Te Tai Runga,309,157.0,152.0,0.0,211,31,14,35,11,7
2025,3742,Grants Braes School,Contributing,State: Not integrated,Co-Ed,Otago Region,"Otago, Southland",Dunedin City,Te Tai Runga,206,105.0,101.0,0.0,117,27,5,47,8,1
2025,3743,Green Island School,Full Primary,State: Not integrated,Co-Ed,Otago Region,"Otago, Southland",Dunedin City,Te Tai Runga,166,88.0,78.0,0.0,100,41,13,7,5,0
2025,3745,Halfway Bush School,Contributing,State: Not integrated,Co-Ed,Otago Region,"Otago, Southland",Dunedin City,Te Tai Runga,33,14.0,19.0,0.0,19,7,3,4,0,0
2025,3746,Hampden School,Full Primary,State: Not integrated,Co-Ed,Otago Region,"Otago, Southland",Waitaki District,Te Tai Runga,44,23.0,21.0,0.0,29,13,0,2,0,0
2025,3747,Hāwea Flat School,Contributing,State: Not integrated,Co-Ed,Otago Region,"Otago, Southland",Queenstown-Lakes District,Te Tai Runga,384,190.0,194.0,0.0,300,46,4,16,9,9
2025,3749,Heriot School,Contributing,State: Not integrated,Co-Ed,Otago Region,"Otago, Southland",Clutha District,Te Tai Runga,70,39.0,31.0,0.0,58,10,0,1,0,1
2025,375,Roxburgh Area School,Composite (Year 1-15),State: Not integrated,Co-Ed,Otago Region,"Otago, Southland",Central Otago District,Te Tai Runga,121,55.0,66.0,0.0,77,34,6,4,0,0
2025,3753,Kaikorai School,Contributing,State: Not integrated,Co-Ed,Otago Region,"Otago, Southland",Dunedin City,Te Tai Runga,305,154.0,151.0,0.0,186,34,18,49,8,10
2025,3754,Kaitangata School,Full Primary,State: Not integrated,Co-Ed,Otago Region,"Otago, Southland",Clutha District,Te Tai Runga,100,54.0,46.0,0.0,42,13,1,6,3,35
2025,3755,Kakanui School,Full Primary,State: Not integrated,Co-Ed,Otago Region,"Otago, Southland",Waitaki District,Te Tai Runga,41,22.0,19.0,0.0,31,6,0,4,0,0
2025,3756,Karitane School,Contributing,State: Not integrated,Co-Ed,Otago Region,"Otago, Southland",Dunedin City,Te Tai Runga,30,9.0,21.0,0.0,17,11,0,2,0,0
2025,376,Logan Park High School,Secondary (Year 9-15),State: Not integrated,Co-Ed,Otago Region,"Otago, Southland",Dunedin City,Te Tai Runga,814,440.0,374.0,0.0,582,94,17,77,24,20
2025,3761,Lee Stream School,Full Primary,State: Not integrated,Co-Ed,Otago Region,"Otago, Southland",Dunedin City,Te Tai Runga,11,6.0,5.0,0.0,9,2,0,0,0,0
2025,3762,Macandrew Bay School,Contributing,State: Not integrated,Co-Ed,Otago Region,"Otago, Southland",Dunedin City,Te Tai Runga,131,60.0,71.0,0.0,98,21,2,7,3,0
2025,3764,Macraes Moonlight School,Full Primary,State: Not integrated,Co-Ed,Otago Region,"Otago, Southland",Waitaki District,Te Tai Runga,18,7.0,11.0,0.0,10,5,2,0,0,1
2025,3765,Maheno School,Full Primary,State: Not integrated,Co-Ed,Otago Region,"Otago, Southland",Waitaki District,Te Tai Runga,80,41.0,39.0,0.0,55,7,5,11,2,0
2025,3767,Makarora Primary School,Full Primary,State: Not integrated,Co-Ed,Otago Region,"Otago, Southland",Queenstown-Lakes District,Te Tai Runga,10,7.0,3.0,0.0,6,2,0,1,1,0
2025,3768,Maori Hill School,Contributing,State: Not integrated,Co-Ed,Otago Region,"Otago, Southland",Dunedin City,Te Tai Runga,257,142.0,115.0,0.0,158,33,5,48,6,4
2025,377,Otago Boys' High School,Secondary (Year 9-15),State: Not integrated,Single Sex-Boys,Otago Region,"Otago, Southland",Dunedin City,Te Tai Runga,854,853.0,1.0,0.0,523,135,60,93,23,6
2025,3771,Millers Flat School,Full Primary,State: Not integrated,Co-Ed,Otago Region,"Otago, Southland",Central Otago District,Te Tai Runga,28,14.0,14.0,0.0,24,4,0,0,0,0
2025,3772,Milton School,Contributing,State: Not integrated,Co-Ed,Otago Region,"Otago, Southland",Clutha District,Te Tai Runga,104,50.0,54.0,0.0,74,27,1,0,1,1
2025,3776,Mornington School,Contributing,State: Not integrated,Co-Ed,Otago Region,"Otago, Southland",Dunedin City,Te Tai Runga,231,119.0,112.0,0.0,121,39,8,41,12,10
2025,3778,Elmgrove School,Contributing,State: Not integrated,Co-Ed,Otago Region,"Otago, Southland",Dunedin City,Te Tai Runga,308,158.0,150.0,0.0,218,48,14,21,7,0
2025,3779,Musselburgh School,Contributing,State: Not integrated,Co-Ed,Otago Region,"Otago, Southland",Dunedin City,Te Tai Runga,140,73.0,67.0,0.0,59,43,19,18,1,0
2025,378,Otago Girls' High School,Secondary (Year 9-15),State: Not integrated,Single Sex-Girls,Otago Region,"Otago, Southland",Dunedin City,Te Tai Runga,709,0.0,709.0,0.0,416,107,40,74,39,11
2025,3783,North East Valley Normal School,Contributing,State: Not integrated,Co-Ed,Otago Region,"Otago, Southland",Dunedin City,Te Tai Runga,215,116.0,99.0,0.0,103,69,12,14,15,1
2025,3784,Oamaru Intermediate,Intermediate,State: Not integrated,Co-Ed,Otago Region,"Otago, Southland",Waitaki District,Te Tai Runga,314,157.0,157.0,0.0,189,40,60,19,5,1
2025,3785,Te Pākihi o Maru,Contributing,State: Not integrated,Co-Ed,Otago Region,"Otago, Southland",Waitaki District,Te Tai Runga,132,65.0,67.0,0.0,54,25,45,7,0,1
2025,3788,Omakau School,Full Primary,State: Not integrated,Co-Ed,Otago Region,"Otago, Southland",Central Otago District,Te Tai Runga,87,44.0,43.0,0.0,68,16,0,0,2,1
2025,3789,Omarama School,Full Primary,State: Not integrated,Co-Ed,Canterbury Region,"Otago, Southland",Waitaki District,Te Tai Runga,33,19.0,14.0,0.0,30,1,0,1,0,1
2025,3790,Ōpoho School,Contributing,State: Not integrated,Co-Ed,Otago Region,"Otago, Southland",Dunedin City,Te Tai Runga,132,77.0,55.0,0.0,92,15,5,11,2,6
2025,3795,Outram School,Full Primary,State: Not integrated,Co-Ed,Otago Region,"Otago, Southland",Dunedin City,Te Tai Runga,179,92.0,87.0,0.0,145,20,4,6,4,0
2025,3797,Palmerston School,Contributing,State: Not integrated,Co-Ed,Otago Region,"Otago, Southland",Waitaki District,Te Tai Runga,106,58.0,48.0,0.0,72,28,0,2,3,1
2025,3798,Papakaio School,Full Primary,State: Not integrated,Co-Ed,Otago Region,"Otago, Southland",Waitaki District,Te Tai Runga,118,53.0,65.0,0.0,81,10,3,23,0,1
2025,38,Westlake Girls' High School,Secondary (Year 9-15),State: Not integrated,Single Sex-Girls,Auckland Region,Tāmaki Herenga Tāngata,Auckland- Devonport-Takapuna,Te Tai Raro,2310,0.0,2310.0,0.0,832,235,122,875,100,18
2025,380,St Hildas Collegiate,Secondary (Year 7-15),State: Integrated,Single Sex-Girls,Otago Region,"Otago, Southland",Dunedin City,Te Tai Runga,464,0.0,464.0,0.0,360,59,6,21,2,1
2025,3801,Pine Hill School (Dunedin),Contributing,State: Not integrated,Co-Ed,Otago Region,"Otago, Southland",Dunedin City,Te Tai Runga,60,26.0,34.0,0.0,18,19,8,7,8,0
2025,3802,Poolburn School,Full Primary,State: Not integrated,Co-Ed,Otago Region,"Otago, Southland",Central Otago District,Te Tai Runga,37,21.0,16.0,0.0,29,8,0,0,0,0
2025,3803,Port Chalmers School,Full Primary,State: Not integrated,Co-Ed,Otago Region,"Otago, Southland",Dunedin City,Te Tai Runga,96,55.0,41.0,0.0,65,20,5,6,0,0
2025,3805,Portobello School,Full Primary,State: Not integrated,Co-Ed,Otago Region,"Otago, Southland",Dunedin City,Te Tai Runga,58,29.0,29.0,0.0,33,18,2,4,0,1
2025,3807,Pūrākaunui School,Full Primary,State: Not integrated,Co-Ed,Otago Region,"Otago, Southland",Dunedin City,Te Tai Runga,15,7.0,8.0,0.0,10,3,1,1,0,0
2025,3808,Ravensbourne School,Contributing,State: Not integrated,Co-Ed,Otago Region,"Otago, Southland",Dunedin City,Te Tai Runga,16,12.0,4.0,0.0,8,7,0,0,1,0
2025,381,Kaikorai Valley College,Secondary (Year 7-15),State: Not integrated,Co-Ed,Otago Region,"Otago, Southland",Dunedin City,Te Tai Runga,440,261.0,179.0,0.0,277,75,18,28,16,3
2025,3811,Romahapa School,Full Primary,State: Not integrated,Co-Ed,Otago Region,"Otago, Southland",Clutha District,Te Tai Runga,65,31.0,34.0,0.0,42,10,7,3,0,3
2025,3812,Rosebank School (Balclutha),Full Primary,State: Not integrated,Co-Ed,Otago Region,"Otago, Southland",Clutha District,Te Tai Runga,212,100.0,112.0,0.0,100,43,42,23,4,0
2025,3815,Sacred Heart School (Dunedin),Contributing,State: Integrated,Co-Ed,Otago Region,"Otago, Southland",Dunedin City,Te Tai Runga,69,27.0,42.0,0.0,15,5,7,38,1,0
2025,3816,Te Whirika Sara Cohen Specialist School,Specialist School,State: Not integrated,Co-Ed,Otago Region,"Otago, Southland",Dunedin City,Te Tai Runga,66,46.0,20.0,0.0,44,14,2,4,1,1
2025,3817,Sawyers Bay School,Contributing,State: Not integrated,Co-Ed,Otago Region,"Otago, Southland",Dunedin City,Te Tai Runga,99,53.0,46.0,0.0,72,19,6,2,0,0
2025,3819,St Bernadette's School (Forbury),Contributing,State: Integrated,Co-Ed,Otago Region,"Otago, Southland",Dunedin City,Te Tai Runga,187,93.0,94.0,0.0,65,34,36,46,6,0
2025,382,Bayfield High School,Secondary (Year 9-15),State: Not integrated,Co-Ed,Otago Region,"Otago, Southland",Dunedin City,Te Tai Runga,575,289.0,,,375,108,20,31,16,0
2025,3820,St Brigids School (Tainui),Contributing,State: Integrated,Co-Ed,Otago Region,"Otago, Southland",Dunedin City,Te Tai Runga,63,34.0,29.0,0.0,28,1,10,23,1,0
2025,3822,St Francis Xavier School (Mornington),Contributing,State: Integrated,Co-Ed,Otago Region,"Otago, Southland",Dunedin City,Te Tai Runga,100,45.0,55.0,0.0,56,9,1,33,1,0
2025,3823,St Gerard's School (Alexandra),Full Primary,State: Integrated,Co-Ed,Otago Region,"Otago, Southland",Central Otago District,Te Tai Runga,167,97.0,70.0,0.0,107,19,6,23,4,8
2025,3824,St John's School (Ranfurly),Full Primary,State: Integrated,Co-Ed,Otago Region,"Otago, Southland",Central Otago District,Te Tai Runga,68,44.0,24.0,0.0,46,5,0,16,1,0
2025,3825,St Joseph's School (Oamaru),Full Primary,State: Integrated,Co-Ed,Otago Region,"Otago, Southland",Waitaki District,Te Tai Runga,140,76.0,64.0,0.0,29,23,21,56,8,3
2025,3826,St Joseph's School (Balclutha),Full Primary,State: Integrated,Co-Ed,Otago Region,"Otago, Southland",Clutha District,Te Tai Runga,66,23.0,43.0,0.0,30,5,6,21,4,0
2025,3827,St Joseph's Cathedral School,Contributing,State: Integrated,Co-Ed,Otago Region,"Otago, Southland",Dunedin City,Te Tai Runga,153,73.0,80.0,0.0,52,13,12,64,9,3
2025,3829,St Leonard's School (Dunedin),Contributing,State: Not integrated,Co-Ed,Otago Region,"Otago, Southland",Dunedin City,Te Tai Runga,9,5.0,4.0,0.0,7,0,0,1,0,1
2025,383,Kings High School (Dunedin),Secondary (Year 9-15),State: Not integrated,Single Sex-Boys,Otago Region,"Otago, Southland",Dunedin City,Te Tai Runga,859,859.0,0.0,0.0,473,179,74,80,33,2
2025,3830,St Mary's School (Dunedin),Contributing,State: Integrated,Co-Ed,Otago Region,"Otago, Southland",Dunedin City,Te Tai Runga,58,29.0,29.0,0.0,5,3,1,47,2,0
2025,3831,St Mary's School (Milton),Contributing,State: Integrated,Co-Ed,Otago Region,"Otago, Southland",Clutha District,Te Tai Runga,64,37.0,27.0,0.0,37,17,2,6,2,0
2025,3832,St Mary's School (Mosgiel),Full Primary,State: Integrated,Co-Ed,Otago Region,"Otago, Southland",Dunedin City,Te Tai Runga,142,77.0,65.0,0.0,87,7,2,44,2,0
2025,3834,St Peter Chanel School (Green Island),Full Primary,State: Integrated,Co-Ed,Otago Region,"Otago, Southland",Dunedin City,Te Tai Runga,51,24.0,27.0,0.0,25,7,6,9,4,0
2025,3835,St Clair School,Contributing,State: Not integrated,Co-Ed,Otago Region,"Otago, Southland",Dunedin City,Te Tai Runga,390,210.0,180.0,0.0,205,86,19,56,14,10
2025,3836,Stirling School,Full Primary,State: Not integrated,Co-Ed,Otago Region,"Otago, Southland",Clutha District,Te Tai Runga,82,45.0,37.0,0.0,29,21,23,9,0,0
2025,3837,Strath Taieri School,Full Primary,State: Not integrated,Co-Ed,Otago Region,"Otago, Southland",Dunedin City,Te Tai Runga,46,21.0,25.0,0.0,40,6,0,0,0,0
2025,3839,Tahuna Normal Intermediate,Intermediate,State: Not integrated,Co-Ed,Otago Region,"Otago, Southland",Dunedin City,Te Tai Runga,517,274.0,243.0,0.0,325,100,30,33,17,12
2025,384,Queen's High School,Secondary (Year 9-15),State: Not integrated,Single Sex-Girls,Otago Region,"Otago, Southland",Dunedin City,Te Tai Runga,605,0.0,605.0,0.0,321,155,48,49,24,1
2025,3840,Taieri Beach School,Full Primary,State: Not integrated,Co-Ed,Otago Region,"Otago, Southland",Clutha District,Te Tai Runga,7,5.0,2.0,0.0,5,2,0,0,0,0
2025,3841,Tainui School,Contributing,State: Not integrated,Co-Ed,Otago Region,"Otago, Southland",Dunedin City,Te Tai Runga,249,127.0,122.0,0.0,163,41,28,11,5,1
2025,3842,Tapanui School,Contributing,State: Not integrated,Co-Ed,Otago Region,"Otago, Southland",Clutha District,Te Tai Runga,80,42.0,38.0,0.0,34,27,3,13,3,0
2025,3843,Tarras School,Full Primary,State: Not integrated,Co-Ed,Otago Region,"Otago, Southland",Central Otago District,Te Tai Runga,22,13.0,9.0,0.0,21,0,1,0,0,0
2025,3844,The Terrace School (Alexandra),Full Primary,State: Not integrated,Co-Ed,Otago Region,"Otago, Southland",Central Otago District,Te Tai Runga,277,151.0,126.0,0.0,187,59,11,14,6,0
2025,3845,Tokoiti School,Contributing,State: Not integrated,Co-Ed,Otago Region,"Otago, Southland",Clutha District,Te Tai Runga,34,18.0,16.0,0.0,23,5,2,3,0,1
2025,3847,Totara School,Full Primary,State: Not integrated,Co-Ed,Otago Region,"Otago, Southland",Waitaki District,Te Tai Runga,20,8.0,12.0,0.0,14,3,0,3,0,0
2025,3850,Waihola District School,Full Primary,State: Not integrated,Co-Ed,Otago Region,"Otago, Southland",Clutha District,Te Tai Runga,25,13.0,12.0,0.0,21,3,0,0,0,1
2025,3851,Waikoikoi School,Contributing,State: Not integrated,Co-Ed,Otago Region,"Otago, Southland",Clutha District,Te Tai Runga,9,2.0,7.0,0.0,7,2,0,0,0,0
2025,3852,Waikouaiti School,Contributing,State: Not integrated,Co-Ed,Otago Region,"Otago, Southland",Dunedin City,Te Tai Runga,88,45.0,43.0,0.0,48,26,3,7,3,1
2025,3855,Waitahuna School,Contributing,State: Not integrated,Co-Ed,Otago Region,"Otago, Southland",Clutha District,Te Tai Runga,7,7.0,0.0,0.0,3,2,0,0,2,0
2025,3857,Waitati School,Full Primary,State: Not integrated,Co-Ed,Otago Region,"Otago, Southland",Dunedin City,Te Tai Runga,52,28.0,24.0,0.0,33,18,0,1,0,0
2025,3858,Waiwera South School,Full Primary,State: Not integrated,Co-Ed,Otago Region,"Otago, Southland",Clutha District,Te Tai Runga,26,14.0,12.0,0.0,21,4,1,0,0,0
2025,3859,Wakari School,Contributing,State: Not integrated,Co-Ed,Otago Region,"Otago, Southland",Dunedin City,Te Tai Runga,308,161.0,147.0,0.0,189,50,12,26,17,14
2025,386,Columba College,Composite (Year 1-15),State: Integrated,"Prim.Co-Ed, Sec.Girls",Otago Region,"Otago, Southland",Dunedin City,Te Tai Runga,593,40.0,553.0,0.0,385,49,28,83,12,14
2025,3861,Warepa School,Full Primary,State: Not integrated,Co-Ed,Otago Region,"Otago, Southland",Clutha District,Te Tai Runga,65,38.0,27.0,0.0,51,8,2,4,0,0
2025,3862,Warrington School,Full Primary,State: Not integrated,Co-Ed,Otago Region,"Otago, Southland",Dunedin City,Te Tai Runga,48,26.0,22.0,0.0,41,6,0,0,0,1
2025,3864,Weston School,Full Primary,State: Not integrated,Co-Ed,Otago Region,"Otago, Southland",Waitaki District,Te Tai Runga,256,139.0,117.0,0.0,173,38,5,29,8,3
2025,387,John McGlashan College,Secondary (Year 7-15),State: Integrated,Single Sex-Boys,Otago Region,"Otago, Southland",Dunedin City,Te Tai Runga,532,532.0,0.0,0.0,408,52,5,39,6,3
2025,39,Rosmini College,Secondary (Year 7-15),State: Integrated,Single Sex-Boys,Auckland Region,Tāmaki Herenga Tāngata,Auckland- Devonport-Takapuna,Te Tai Raro,1164,1164.0,0.0,0.0,593,123,81,281,44,11
2025,390,Lawrence Area School,Composite (Year 1-15),State: Not integrated,Co-Ed,Otago Region,"Otago, Southland",Clutha District,Te Tai Runga,135,72.0,63.0,0.0,89,42,0,0,3,1
2025,391,Blue Mountain College,Secondary (Year 7-15),State: Not integrated,Co-Ed,Otago Region,"Otago, Southland",Clutha District,Te Tai Runga,222,113.0,109.0,0.0,140,48,4,20,9,1
2025,392,Tokomairiro High School,Secondary (Year 7-15),State: Not integrated,Co-Ed,Otago Region,"Otago, Southland",Clutha District,Te Tai Runga,200,122.0,78.0,0.0,137,45,1,12,5,0
2025,393,South Otago High School,Secondary (Year 9-15),State: Not integrated,Co-Ed,Otago Region,"Otago, Southland",Clutha District,Te Tai Runga,524,245.0,279.0,0.0,330,86,42,48,12,1
2025,3930,Arrowtown School,Full Primary,State: Not integrated,Co-Ed,Otago Region,"Otago, Southland",Queenstown-Lakes District,Te Tai Runga,428,234.0,194.0,0.0,338,35,10,27,11,7
2025,3932,Balfour School,Contributing,State: Not integrated,Co-Ed,Southland Region,"Otago, Southland",Southland District,Te Tai Runga,64,36.0,28.0,0.0,34,12,4,14,0,0
2025,3935,Hillside Primary School,Full Primary,State: Not integrated,Co-Ed,Southland Region,"Otago, Southland",Southland District,Te Tai Runga,19,9.0,10.0,0.0,9,2,0,8,0,0
2025,3938,Hauroko Valley Primary School,Full Primary,State: Not integrated,Co-Ed,Southland Region,"Otago, Southland",Southland District,Te Tai Runga,78,49.0,29.0,0.0,71,5,0,2,0,0
2025,394,The Catlins Area School,Composite (Year 1-15),State: Not integrated,Co-Ed,Otago Region,"Otago, Southland",Clutha District,Te Tai Runga,134,71.0,63.0,0.0,90,30,8,5,1,0
2025,3943,Dipton School,Full Primary,State: Not integrated,Co-Ed,Southland Region,"Otago, Southland",Southland District,Te Tai Runga,49,26.0,23.0,0.0,30,9,0,9,0,1
2025,3946,East Gore School,Contributing,State: Not integrated,Co-Ed,Southland Region,"Otago, Southland",Gore District,Te Tai Runga,101,44.0,57.0,0.0,45,44,3,7,1,1
2025,3947,Edendale School (Southland),Contributing,State: Not integrated,Co-Ed,Southland Region,"Otago, Southland",Southland District,Te Tai Runga,113,66.0,47.0,0.0,63,22,2,17,7,2
2025,395,Northern Southland College,Secondary (Year 7-15),State: Not integrated,Co-Ed,Southland Region,"Otago, Southland",Southland District,Te Tai Runga,202,117.0,85.0,0.0,113,38,4,44,1,2
2025,3953,Garston School,Full Primary,State: Not integrated,Co-Ed,Southland Region,"Otago, Southland",Southland District,Te Tai Runga,22,9.0,13.0,0.0,21,1,0,0,0,0
2025,3955,Glenorchy School,Full Primary,State: Not integrated,Co-Ed,Otago Region,"Otago, Southland",Queenstown-Lakes District,Te Tai Runga,28,22.0,6.0,0.0,22,3,0,2,1,0
2025,3956,Gore Main School,Contributing,State: Not integrated,Co-Ed,Southland Region,"Otago, Southland",Gore District,Te Tai Runga,199,98.0,101.0,0.0,147,34,2,12,3,1
2025,3957,Gorge Road School,Full Primary,State: Not integrated,Co-Ed,Southland Region,"Otago, Southland",Southland District,Te Tai Runga,29,10.0,19.0,0.0,9,10,0,9,1,0
2025,3961,Halfmoon Bay School,Full Primary,State: Not integrated,Co-Ed,Southland Region,"Otago, Southland",Southland District,Te Tai Runga,44,21.0,23.0,0.0,24,20,0,0,0,0
2025,3963,Heddon Bush School,Full Primary,State: Not integrated,Co-Ed,Southland Region,"Otago, Southland",Southland District,Te Tai Runga,70,37.0,33.0,0.0,28,13,5,19,5,0
2025,3964,Hedgehope School,Full Primary,State: Not integrated,Co-Ed,Southland Region,"Otago, Southland",Southland District,Te Tai Runga,58,26.0,32.0,0.0,41,9,0,8,0,0
2025,3966,Invercargill Middle School,Contributing,State: Not integrated,Co-Ed,Southland Region,"Otago, Southland",Invercargill City,Te Tai Runga,156,76.0,80.0,0.0,63,31,11,44,6,1
2025,3967,Windsor North School,Contributing,State: Not integrated,Co-Ed,Southland Region,"Otago, Southland",Invercargill City,Te Tai Runga,307,163.0,144.0,0.0,170,46,9,61,19,2
2025,397,St Peter's College (Gore),Secondary (Year 7-15),State: Integrated,Co-Ed,Southland Region,"Otago, Southland",Gore District,Te Tai Runga,363,177.0,186.0,0.0,233,60,10,43,6,0
2025,3973,Knapdale School,Full Primary,State: Not integrated,Co-Ed,Southland Region,"Otago, Southland",Gore District,Te Tai Runga,55,31.0,24.0,0.0,46,3,0,6,0,0
2025,3975,Limehills School,Full Primary,State: Not integrated,Co-Ed,Southland Region,"Otago, Southland",Southland District,Te Tai Runga,150,75.0,75.0,0.0,88,30,5,24,3,0
2025,3977,Lochiel School,Full Primary,State: Not integrated,Co-Ed,Southland Region,"Otago, Southland",Southland District,Te Tai Runga,76,36.0,40.0,0.0,45,9,0,18,4,0
2025,398,Takitimu Primary School,Full Primary,State: Not integrated,Co-Ed,Southland Region,"Otago, Southland",Southland District,Te Tai Runga,107,53.0,54.0,0.0,44,40,3,18,0,2
2025,3980,Lumsden School,Contributing,State: Not integrated,Co-Ed,Southland Region,"Otago, Southland",Southland District,Te Tai Runga,101,47.0,54.0,0.0,67,14,5,15,0,0
2025,3982,Makarewa School,Contributing,State: Not integrated,Co-Ed,Southland Region,"Otago, Southland",Invercargill City,Te Tai Runga,158,77.0,81.0,0.0,106,44,3,3,2,0
2025,3984,Mararoa School,Full Primary,State: Not integrated,Co-Ed,Southland Region,"Otago, Southland",Southland District,Te Tai Runga,32,17.0,15.0,0.0,23,6,1,2,0,0
2025,3986,Mataura School,Contributing,State: Not integrated,Co-Ed,Southland Region,"Otago, Southland",Gore District,Te Tai Runga,67,37.0,30.0,0.0,21,36,1,8,0,1
2025,399,Central Southland College,Secondary (Year 9-15),State: Not integrated,Co-Ed,Southland Region,"Otago, Southland",Southland District,Te Tai Runga,659,,345.0,,401,124,6,108,5,3
2025,3990,Mossburn School,Contributing,State: Not integrated,Co-Ed,Southland Region,"Otago, Southland",Southland District,Te Tai Runga,52,22.0,30.0,0.0,34,5,0,10,1,2
2025,3991,Myross Bush School,Contributing,State: Not integrated,Co-Ed,Southland Region,"Otago, Southland",Invercargill City,Te Tai Runga,163,88.0,75.0,0.0,135,21,1,4,1,1
2025,3997,Otama School,Full Primary,State: Not integrated,Co-Ed,Southland Region,"Otago, Southland",Gore District,Te Tai Runga,18,10.0,8.0,0.0,14,4,0,0,0,0
2025,4,Whangaroa College,Secondary (Year 7-15),State: Not integrated,Co-Ed,Northland Region,Tai Tokerau,Far North District,Te Tai Raro,109,57.0,52.0,0.0,7,99,1,2,0,0
2025,40,Rutherford College,Secondary (Year 9-15),State: Not integrated,Co-Ed,Auckland Region,Tāmaki Herenga Tāngata,Auckland- Henderson-Massey,Te Tai Raro,1538,785.0,,,451,363,216,408,61,10
2025,400,Fiordland College,Secondary (Year 7-15),State: Not integrated,Co-Ed,Southland Region,"Otago, Southland",Southland District,Te Tai Runga,301,165.0,,,225,50,4,19,2,1
2025,4000,Otatara School,Contributing,State: Not integrated,Co-Ed,Southland Region,"Otago, Southland",Invercargill City,Te Tai Runga,251,135.0,116.0,0.0,167,63,7,8,6,0
2025,4001,Otautau School,Full Primary,State: Not integrated,Co-Ed,Southland Region,"Otago, Southland",Southland District,Te Tai Runga,149,77.0,72.0,0.0,107,21,0,21,0,0
2025,4003,Pukerau School,Contributing,State: Not integrated,Co-Ed,Southland Region,"Otago, Southland",Gore District,Te Tai Runga,51,31.0,20.0,0.0,45,4,0,2,0,0
2025,4005,Queenstown Primary School,Full Primary,State: Not integrated,Co-Ed,Otago Region,"Otago, Southland",Queenstown-Lakes District,Te Tai Runga,586,303.0,283.0,0.0,349,41,13,126,28,28
2025,4006,Rimu School,Full Primary,State: Not integrated,Co-Ed,Southland Region,"Otago, Southland",Southland District,Te Tai Runga,110,49.0,61.0,0.0,82,20,0,8,0,0
2025,4007,Riversdale School,Full Primary,State: Not integrated,Co-Ed,Southland Region,"Otago, Southland",Southland District,Te Tai Runga,144,79.0,65.0,0.0,97,30,2,14,0,1
2025,4008,Riverton School,Contributing,State: Not integrated,Co-Ed,Southland Region,"Otago, Southland",Southland District,Te Tai Runga,140,76.0,64.0,0.0,79,39,6,11,2,3
2025,401,Menzies College,Secondary (Year 7-15),State: Not integrated,Co-Ed,Southland Region,"Otago, Southland",Southland District,Te Tai Runga,363,193.0,170.0,0.0,231,91,3,37,0,1
2025,4011,Ruru Special School,Specialist School,State: Not integrated,Co-Ed,Southland Region,"Otago, Southland",Invercargill City,Te Tai Runga,120,86.0,34.0,0.0,62,41,8,6,3,0
2025,4013,Sacred Heart School (Waikiwi),Contributing,State: Integrated,Co-Ed,Southland Region,"Otago, Southland",Invercargill City,Te Tai Runga,74,35.0,39.0,0.0,25,20,4,21,1,3
2025,4014,Salford School,Contributing,State: Not integrated,Co-Ed,Southland Region,"Otago, Southland",Invercargill City,Te Tai Runga,261,134.0,127.0,0.0,146,48,8,46,10,3
2025,4016,St Joseph's School (Queenstown),Full Primary,State: Integrated,Co-Ed,Otago Region,"Otago, Southland",Queenstown-Lakes District,Te Tai Runga,139,66.0,73.0,0.0,67,8,6,43,11,4
2025,4017,St Joseph's School (Invercargill),Full Primary,State: Integrated,Co-Ed,Southland Region,"Otago, Southland",Invercargill City,Te Tai Runga,175,90.0,85.0,0.0,33,25,26,87,4,0
2025,4018,St Mary's School (Gore),Contributing,State: Integrated,Co-Ed,Southland Region,"Otago, Southland",Gore District,Te Tai Runga,214,117.0,97.0,0.0,137,45,2,29,1,0
2025,4019,St Patrick's School (Nightcaps),Full Primary,State: Integrated,Co-Ed,Southland Region,"Otago, Southland",Southland District,Te Tai Runga,17,12.0,5.0,0.0,6,9,0,2,0,0
2025,402,Waiau Area School,Composite (Year 1-15),State: Not integrated,Co-Ed,Southland Region,"Otago, Southland",Southland District,Te Tai Runga,138,66.0,72.0,0.0,84,40,0,14,0,0
2025,4020,St Patrick's School (Invercargill),Contributing,State: Integrated,Co-Ed,Southland Region,"Otago, Southland",Invercargill City,Te Tai Runga,283,142.0,141.0,0.0,113,72,40,56,2,0
2025,4021,St Teresa's School (Bluff),Full Primary,State: Integrated,Co-Ed,Southland Region,"Otago, Southland",Invercargill City,Te Tai Runga,9,1.0,8.0,0.0,2,4,1,2,0,0
2025,4022,St Theresa's School (Invercargill),Contributing,State: Integrated,Co-Ed,Southland Region,"Otago, Southland",Invercargill City,Te Tai Runga,277,125.0,152.0,0.0,149,57,6,51,14,0
2025,4023,St Thomas School (Winton),Full Primary,State: Integrated,Co-Ed,Southland Region,"Otago, Southland",Southland District,Te Tai Runga,100,52.0,48.0,0.0,75,8,0,16,1,0
2025,4026,Te Anau School,Contributing,State: Not integrated,Co-Ed,Southland Region,"Otago, Southland",Southland District,Te Tai Runga,280,123.0,157.0,0.0,193,50,4,21,6,6
2025,4027,Te Tipua School,Full Primary,State: Not integrated,Co-Ed,Southland Region,"Otago, Southland",Southland District,Te Tai Runga,30,19.0,11.0,0.0,28,0,1,1,0,0
2025,4028,Thornbury School,Contributing,State: Not integrated,Co-Ed,Southland Region,"Otago, Southland",Southland District,Te Tai Runga,70,35.0,35.0,0.0,35,24,1,7,0,3
2025,4029,Tisbury School,Contributing,State: Not integrated,Co-Ed,Southland Region,"Otago, Southland",Invercargill City,Te Tai Runga,103,43.0,60.0,0.0,73,24,1,4,1,0
2025,4030,Tokanui School,Full Primary,State: Not integrated,Co-Ed,Southland Region,"Otago, Southland",Southland District,Te Tai Runga,44,22.0,22.0,0.0,33,7,1,3,0,0
2025,4032,Tuturau Primary School,Contributing,State: Not integrated,Co-Ed,Southland Region,"Otago, Southland",Southland District,Te Tai Runga,24,12.0,12.0,0.0,4,15,0,5,0,0
2025,4034,Waianiwa School,Full Primary,State: Not integrated,Co-Ed,Southland Region,"Otago, Southland",Southland District,Te Tai Runga,58,26.0,32.0,0.0,20,4,2,32,0,0
2025,4035,Waihopai School,Contributing,State: Not integrated,Co-Ed,Southland Region,"Otago, Southland",Invercargill City,Te Tai Runga,347,187.0,160.0,0.0,183,74,11,68,11,0
2025,4036,Waikaia School,Full Primary,State: Not integrated,Co-Ed,Southland Region,"Otago, Southland",Southland District,Te Tai Runga,20,16.0,4.0,0.0,16,3,1,0,0,0
2025,4037,Waikaka School,Full Primary,State: Not integrated,Co-Ed,Southland Region,"Otago, Southland",Gore District,Te Tai Runga,67,30.0,37.0,0.0,59,5,1,2,0,0
2025,404,Southland Boys' High School,Secondary (Year 7-15),State: Not integrated,Single Sex-Boys,Southland Region,"Otago, Southland",Invercargill City,Te Tai Runga,1071,1071.0,0.0,0.0,630,297,85,36,16,6
2025,4046,Wallacetown School,Contributing,State: Not integrated,Co-Ed,Southland Region,"Otago, Southland",Southland District,Te Tai Runga,69,40.0,29.0,0.0,55,12,1,0,1,0
2025,4047,Waverley Park School,Contributing,State: Not integrated,Co-Ed,Southland Region,"Otago, Southland",Invercargill City,Te Tai Runga,260,135.0,125.0,0.0,83,130,21,15,9,2
2025,405,Southland Girls' High School,Secondary (Year 7-15),State: Not integrated,Single Sex-Girls,Southland Region,"Otago, Southland",Invercargill City,Te Tai Runga,1081,0.0,1081.0,0.0,672,256,68,44,15,9
2025,4050,West Gore School,Contributing,State: Not integrated,Co-Ed,Southland Region,"Otago, Southland",Gore District,Te Tai Runga,153,82.0,71.0,0.0,93,33,4,15,1,7
2025,4052,Winton School,Full Primary,State: Not integrated,Co-Ed,Southland Region,"Otago, Southland",Southland District,Te Tai Runga,264,132.0,132.0,0.0,186,63,2,11,2,0
2025,4053,Woodlands Full Primary School,Full Primary,State: Not integrated,Co-Ed,Southland Region,"Otago, Southland",Southland District,Te Tai Runga,110,60.0,50.0,0.0,79,8,2,20,0,1
2025,4054,Wyndham School,Contributing,State: Not integrated,Co-Ed,Southland Region,"Otago, Southland",Southland District,Te Tai Runga,132,77.0,55.0,0.0,99,15,1,13,4,0
2025,408,Verdon College,Secondary (Year 7-15),State: Integrated,Co-Ed,Southland Region,"Otago, Southland",Invercargill City,Te Tai Runga,736,388.0,348.0,0.0,307,155,51,194,23,6
2025,409,Aparima College,Secondary (Year 7-15),State: Not integrated,Co-Ed,Southland Region,"Otago, Southland",Southland District,Te Tai Runga,226,112.0,114.0,0.0,113,74,5,32,2,0
2025,41,Macleans College,Secondary (Year 9-15),State: Not integrated,Co-Ed,Auckland Region,Tāmaki Herenga Manawa,Auckland- Howick,Te Tai Raro,2981,1583.0,,,647,90,48,1879,77,19
2025,4100,Balmoral S D A School,Full Primary,State: Integrated,Co-Ed,Auckland Region,Tāmaki Herenga Manawa,Auckland- Albert-Eden,Te Tai Raro,82,32.0,50.0,0.0,4,3,28,20,27,0
2025,4101,Carncot Independent School,Full Primary,Private: Fully Reg.,Co-Ed,Manawatū-Whanganui Regio,"Taranaki, Whanganui, Manawatu",Palmerston North City,Te Tai Whenua,128,64.0,64.0,0.0,68,11,1,47,1,0
2025,4104,Hadlow Preparatory School,Full Primary,State: Integrated,Co-Ed,Wellington Region,Wellington,Masterton District,Te Tai Runga,191,113.0,78.0,0.0,134,21,2,27,5,2
2025,4105,Hamilton Seventh-Day Adventist School,Full Primary,State: Integrated,Co-Ed,Waikato Region,Waikato,Waikato District,Te Tai Whenua,116,56.0,60.0,0.0,24,16,20,22,30,3
2025,4107,Parkside Christian S D A School,Full Primary,State: Integrated,Co-Ed,Hawkes Bay Region,"Hawke's Bay, Tairawhiti",Napier City,Te Tai Whenua,61,27.0,34.0,0.0,13,2,10,1,34,1
2025,4108,Hereworth School,Full Primary,Private: Fully Reg.,Co-Ed,Hawkes Bay Region,"Hawke's Bay, Tairawhiti",Hastings District,Te Tai Whenua,311,216.0,95.0,0.0,237,38,4,24,5,3
2025,4109,Hōhepa School,Composite (Year 1-15),Private: Fully Reg.,Co-Ed,Hawkes Bay Region,"Hawke's Bay, Tairawhiti",Napier City,Te Tai Whenua,30,23.0,7.0,0.0,16,10,2,2,0,0
2025,4111,Huntley School (Marton),Full Primary,Private: Fully Reg.,Co-Ed,Manawatū-Whanganui Regio,"Taranaki, Whanganui, Manawatu",Rangitikei District,Te Tai Whenua,146,86.0,60.0,0.0,126,11,1,5,0,0
2025,4112,Southland Adventist Christian School,Full Primary,State: Integrated,Co-Ed,Southland Region,"Otago, Southland",Invercargill City,Te Tai Runga,112,55.0,57.0,0.0,33,11,26,22,20,0
2025,4116,King's School (Remuera),Full Primary,Private: Fully Reg.,Single Sex-Boys,Auckland Region,Tāmaki Herenga Manawa,Auckland- Ōrākei,Te Tai Raro,745,745.0,0.0,0.0,373,32,30,299,9,2
2025,4117,Liberton Christian School,Full Primary,State: Integrated,Co-Ed,Otago Region,"Otago, Southland",Dunedin City,Te Tai Runga,123,57.0,66.0,0.0,59,12,4,41,7,0
2025,4118,Medbury Preparatory School,Full Primary,Private: Fully Reg.,Single Sex-Boys,Canterbury Region,Canterbury and Chatham Islands,Christchurch City,Te Tai Runga,395,395.0,0.0,0.0,233,26,2,116,9,0
2025,4119,Wellington Hills Christian College,Composite (Year 1-15),State: Integrated,Co-Ed,Wellington Region,Wellington,Wellington City,Te Tai Runga,118,61.0,57.0,0.0,36,10,9,43,16,4
2025,4121,Nelson College For Girls Prep School,Intermediate,Private: Fully Reg.,Single Sex-Girls,Nelson Region,"Nelson, Marlborough, West Coast",Nelson City,Te Tai Runga,98,0.0,98.0,0.0,82,8,1,6,1,0
2025,4122,Nelson College (Prep Dept),Intermediate,Private: Fully Reg.,Single Sex-Boys,Nelson Region,"Nelson, Marlborough, West Coast",Nelson City,Te Tai Runga,94,94.0,0.0,0.0,76,7,1,5,2,1
2025,4123,New Plymouth Adventist Christian School,Full Primary,State: Integrated,Co-Ed,Taranaki Region,"Taranaki, Whanganui, Manawatu",New Plymouth District,Te Tai Whenua,66,33.0,33.0,0.0,24,7,5,15,14,1
2025,4125,Southcity Christian School,Full Primary,State: Integrated,Co-Ed,Waikato Region,Waikato,Waipa District,Te Tai Whenua,212,99.0,113.0,0.0,42,20,2,140,8,0
2025,4126,Palmerston North Adventist Christian School,Contributing,State: Integrated,Co-Ed,Manawatū-Whanganui Regio,"Taranaki, Whanganui, Manawatu",Palmerston North City,Te Tai Whenua,99,53.0,46.0,0.0,26,11,28,27,7,0
2025,4129,Rotorua S D A School,Full Primary,State: Integrated,Co-Ed,Bay of Plenty Region,"Bay of Plenty, Waiariki",Rotorua District,Te Tai Whenua,41,20.0,21.0,0.0,0,24,12,5,0,0
2025,4130,St George's School,Full Primary,Private: Fully Reg.,Co-Ed,Manawatū-Whanganui Regio,"Taranaki, Whanganui, Manawatu",Whanganui District,Te Tai Whenua,158,81.0,77.0,0.0,98,20,1,32,5,2
2025,4131,St John's Girls' School (Invercargill),Full Primary,State: Integrated,Single Sex-Girls,Southland Region,"Otago, Southland",Invercargill City,Te Tai Runga,135,0.0,135.0,0.0,105,22,3,1,2,2
2025,4132,St Joseph's School (Rangiora),Full Primary,State: Integrated,Co-Ed,Canterbury Region,Canterbury and Chatham Islands,Waimakariri District,Te Tai Runga,177,84.0,93.0,0.0,125,20,6,22,4,0
2025,4133,Saint Kentigern Boys' School,Full Primary,Private: Fully Reg.,Single Sex-Boys,Auckland Region,Tāmaki Herenga Manawa,Auckland- Ōrākei,Te Tai Raro,658,658.0,0.0,0.0,370,26,18,231,10,3
2025,4134,St Mark's Church School (Mt Victoria),Full Primary,Private: Fully Reg.,Co-Ed,Wellington Region,Wellington,Wellington City,Te Tai Runga,185,125.0,60.0,0.0,94,8,6,67,9,1
2025,4135,St Mark's School (Christchurch),Full Primary,State: Integrated,Co-Ed,Canterbury Region,Canterbury and Chatham Islands,Christchurch City,Te Tai Runga,233,123.0,110.0,0.0,173,31,6,17,6,0
2025,4136,St Michael's Church School,Full Primary,Private: Fully Reg.,Co-Ed,Canterbury Region,Canterbury and Chatham Islands,Christchurch City,Te Tai Runga,147,90.0,57.0,0.0,65,9,0,71,1,1
2025,4138,Selwyn House School,Full Primary,Private: Fully Reg.,Single Sex-Girls,Canterbury Region,Canterbury and Chatham Islands,Christchurch City,Te Tai Runga,291,0.0,291.0,0.0,191,19,2,62,9,2
2025,4140,South Auckland S D A School,Full Primary,State: Integrated,Co-Ed,Auckland Region,Tāmaki Herenga Waka,Auckland- Ōtara-Papatoetoe,Te Tai Raro,347,176.0,171.0,0.0,1,44,270,31,1,0
2025,4141,Southwell School,Full Primary,Private: Fully Reg.,Co-Ed,Waikato Region,Waikato,Hamilton City,Te Tai Whenua,647,311.0,336.0,0.0,362,71,11,180,18,4
2025,4143,Tamariki School,Full Primary,State: Integrated,Co-Ed,Canterbury Region,Canterbury and Chatham Islands,Christchurch City,Te Tai Runga,51,32.0,19.0,0.0,32,12,3,3,1,0
2025,4144,Tauranga Adventist School,Full Primary,State: Integrated,Co-Ed,Bay of Plenty Region,"Bay of Plenty, Waiariki",Tauranga City,Te Tai Whenua,108,47.0,61.0,0.0,76,12,2,10,8,0
2025,4145,Te Pi'ipi'inga Kakano Mai I Rangiatea,Composite (Year 1-15),State: Not integrated,Co-Ed,Taranaki Region,"Taranaki, Whanganui, Manawatu",New Plymouth District,Te Tai Whenua,152,80.0,,,3,149,0,0,0,0
2025,4146,Timatanga Community School,Full Primary,State: Integrated,Co-Ed,Auckland Region,Tāmaki Herenga Tāngata,Auckland- Upper Harbour,Te Tai Raro,26,13.0,13.0,0.0,15,7,1,2,1,0
2025,4147,Waihi School,Full Primary,Private: Fully Reg.,Co-Ed,Canterbury Region,Canterbury and Chatham Islands,Timaru District,Te Tai Runga,115,78.0,37.0,0.0,106,8,0,1,0,0
2025,4149,Wellesley College,Full Primary,Private: Fully Reg.,Single Sex-Boys,Wellington Region,Wellington,Lower Hutt City,Te Tai Runga,244,244.0,0.0,0.0,148,18,4,62,4,7
2025,4150,Wellington S D A School,Full Primary,State: Integrated,Co-Ed,Wellington Region,Wellington,Porirua City,Te Tai Runga,104,51.0,53.0,0.0,0,7,72,20,5,0
2025,4151,Waitakere S D A School,Full Primary,State: Integrated,Co-Ed,Auckland Region,Tāmaki Herenga Tāngata,Auckland- Henderson-Massey,Te Tai Raro,76,33.0,43.0,0.0,0,4,50,8,14,0
2025,4154,Whangarei Adventist Christian School,Full Primary,State: Integrated,Co-Ed,Northland Region,Tai Tokerau,Whangarei District,Te Tai Raro,29,15.0,14.0,0.0,12,6,6,5,0,0
2025,4156,Blind and Low Vision Education Network NZ,Specialist School,State: Not integrated,Co-Ed,Auckland Region,Tāmaki Herenga Waka,Auckland- Manurewa,Te Tai Raro,70,45.0,25.0,0.0,19,17,21,13,0,0
2025,4157,Westbridge Residential School,Specialist School,State: Not integrated,Co-Ed,Auckland Region,Tāmaki Herenga Tāngata,Auckland- Henderson-Massey,Te Tai Raro,6,5.0,1.0,0.0,3,2,0,0,1,0
2025,4158,Hutt International Boys' School,Secondary (Year 7-15),State: Integrated,Single Sex-Boys,Wellington Region,Wellington,Upper Hutt City,Te Tai Runga,655,655.0,0.0,0.0,434,104,13,86,14,4
2025,4160,TKKM o Te Atihaunui-A-Paparangi,Full Primary,State: Not integrated,Co-Ed,Manawatū-Whanganui Regio,"Taranaki, Whanganui, Manawatu",Whanganui District,Te Tai Whenua,124,62.0,62.0,0.0,0,124,0,0,0,0
2025,418,Rangiora New Life School,Composite (Year 1-15),State: Integrated,Co-Ed,Canterbury Region,Canterbury and Chatham Islands,Waimakariri District,Te Tai Runga,469,212.0,257.0,0.0,377,37,10,26,10,1
2025,419,Rudolf Steiner School (Chch),Composite (Year 1-15),State: Integrated,Co-Ed,Canterbury Region,Canterbury and Chatham Islands,Christchurch City,Te Tai Runga,300,144.0,156.0,0.0,209,49,3,30,7,1
2025,42,Green Bay High School,Secondary (Year 9-15),State: Not integrated,Co-Ed,Auckland Region,Tāmaki Herenga Tāngata,Auckland- Whau,Te Tai Raro,1852,978.0,864.0,10.0,1031,255,119,312,55,32
2025,4204,Hare Krishna School,Composite (Year 1-15),State: Integrated,Co-Ed,Auckland Region,Tāmaki Herenga Tāngata,Auckland- Rodney,Te Tai Raro,194,106.0,88.0,0.0,18,3,2,168,2,1
2025,4205,TKKM o Piripono Te Kura Whakahou ki Ōtara,Full Primary,State: Not integrated,Co-Ed,Auckland Region,Tāmaki Herenga Waka,Auckland- Ōtara-Papatoetoe,Te Tai Raro,77,45.0,32.0,0.0,1,73,3,0,0,0
2025,4207,TKKM o Nga Maungarongo,Composite (Year 1-15),State: Not integrated,Co-Ed,Auckland Region,Tāmaki Herenga Manawa,Auckland- Albert-Eden,Te Tai Raro,84,41.0,43.0,0.0,0,84,0,0,0,0
2025,4208,TKKM o Mangere,Composite (Year 1-15),State: Not integrated,Co-Ed,Auckland Region,Tāmaki Herenga Waka,Auckland- Māngere-Ōtāhuhu,Te Tai Raro,330,170.0,160.0,0.0,0,330,0,0,0,0
2025,4209,TKKM o Manawatu,Full Primary,State: Not integrated,Co-Ed,Manawatū-Whanganui Regio,"Taranaki, Whanganui, Manawatu",Palmerston North City,Te Tai Whenua,116,63.0,53.0,0.0,2,114,0,0,0,0
2025,421,Richmond View School,Composite (Year 1-15),State: Integrated,Co-Ed,Marlborough Region,"Nelson, Marlborough, West Coast",Marlborough District,Te Tai Runga,318,150.0,168.0,0.0,176,24,13,49,54,2
2025,4211,TKKM o Te Rito,Composite (Year 1-15),State: Not integrated,Co-Ed,Wellington Region,Wellington,Kapiti Coast District,Te Tai Runga,91,51.0,40.0,0.0,0,91,0,0,0,0
2025,4212,TKKM o Waitaha,Composite (Year 1-15),State: Not integrated,Co-Ed,Canterbury Region,Canterbury and Chatham Islands,Christchurch City,Te Tai Runga,221,116.0,105.0,0.0,0,221,0,0,0,0
2025,4217,Te Wharekura o Arowhenua,Composite (Year 1-15),State: Not integrated,Co-Ed,Southland Region,"Otago, Southland",Invercargill City,Te Tai Runga,197,97.0,100.0,0.0,0,197,0,0,0,0
2025,4218,TKKM o Tokomaru,Full Primary,State: Not integrated,Co-Ed,Gisborne Region,"Hawke's Bay, Tairawhiti",Gisborne District,Te Tai Whenua,26,12.0,14.0,0.0,0,26,0,0,0,0
2025,422,Faith City School,Full Primary,State: Integrated,Co-Ed,Manawatū-Whanganui Regio,"Taranaki, Whanganui, Manawatu",Whanganui District,Te Tai Whenua,154,69.0,85.0,0.0,55,44,8,27,19,1
2025,4223,TKKM o Tamarongo,Full Primary,State: Not integrated,Co-Ed,Taranaki Region,"Taranaki, Whanganui, Manawatu",South Taranaki District,Te Tai Whenua,26,16.0,10.0,0.0,1,25,0,0,0,0
2025,4226,TKKM o Tamaki Nui A Rua,Composite (Year 1-15),State: Not integrated,Co-Ed,Manawatū-Whanganui Regio,Wellington,Tararua District,Te Tai Runga,83,41.0,42.0,0.0,1,82,0,0,0,0
2025,4227,TKKM o Kaikohe,Composite (Year 1-15),State: Not integrated,Co-Ed,Northland Region,Tai Tokerau,Far North District,Te Tai Raro,229,109.0,120.0,0.0,0,229,0,0,0,0
2025,4228,TKKM o Puau Te Moananui-a-Kiwa,Composite (Year 1-15),State: Not integrated,Co-Ed,Auckland Region,Tāmaki Herenga Manawa,Auckland- Maungakiekie-Tāmaki,Te Tai Raro,99,54.0,45.0,0.0,0,99,0,0,0,0
2025,4229,TKKM o Manurewa,Full Primary,State: Not integrated,Co-Ed,Auckland Region,Tāmaki Herenga Waka,Auckland- Manurewa,Te Tai Raro,122,57.0,65.0,0.0,0,122,0,0,0,0
2025,4230,TKKM o Whakarewa I Te Reo Ki Tuwharetoa,Composite (Year 1-15),State: Not integrated,Co-Ed,Waikato Region,"Bay of Plenty, Waiariki",Taupo District,Te Tai Whenua,160,76.0,84.0,0.0,0,160,0,0,0,0
2025,424,Michael Park School,Composite (Year 1-15),State: Integrated,Co-Ed,Auckland Region,Tāmaki Herenga Manawa,Auckland- Ōrākei,Te Tai Raro,310,146.0,164.0,0.0,169,32,11,66,26,3
2025,428,Whangamata Area School,Composite (Year 1-15),State: Not integrated,Co-Ed,Waikato Region,Waikato,Thames-Coromandel District,Te Tai Whenua,547,306.0,241.0,0.0,338,161,13,22,8,0
2025,429,Excellere College,Composite (Year 1-15),State: Integrated,Co-Ed,Northland Region,Tai Tokerau,Whangarei District,Te Tai Raro,339,160.0,179.0,0.0,188,71,11,48,17,2
2025,43,Massey High School,Secondary (Year 9-15),State: Not integrated,Co-Ed,Auckland Region,Tāmaki Herenga Tāngata,Auckland- Henderson-Massey,Te Tai Raro,2035,1039.0,,,582,452,524,393,65,6
2025,432,KingsWay School,Composite (Year 1-15),State: Integrated,Co-Ed,Auckland Region,Tāmaki Herenga Tāngata,Auckland- Hibiscus and Bays,Te Tai Raro,2017,994.0,1023.0,0.0,1088,68,21,669,73,21
2025,435,Hukarere Girls' College,Secondary (Year 9-15),State: Integrated,Single Sex-Girls,Hawkes Bay Region,"Hawke's Bay, Tairawhiti",Hastings District,Te Tai Whenua,57,0.0,57.0,0.0,0,57,0,0,0,0
2025,436,Springbank School,Composite (Year 1-15),Private: Fully Reg.,Co-Ed,Northland Region,Tai Tokerau,Far North District,Te Tai Raro,204,,113.0,,161,14,0,15,4,8
2025,439,Totara College of Accelerated Learning,Composite (Year 1-15),State: Integrated,Co-Ed,Manawatū-Whanganui Regio,Wellington,Tararua District,Te Tai Runga,74,40.0,34.0,0.0,41,22,3,3,5,0
2025,44,Waitakere College,Secondary (Year 9-15),State: Not integrated,Co-Ed,Auckland Region,Tāmaki Herenga Tāngata,Auckland- Henderson-Massey,Te Tai Raro,1974,993.0,,,392,533,428,527,65,17
2025,440,Pinehurst School,Composite (Year 1-15),Private: Fully Reg.,Co-Ed,Auckland Region,Tāmaki Herenga Tāngata,Auckland- Upper Harbour,Te Tai Raro,1121,556.0,565.0,0.0,150,10,0,920,17,5
2025,441,ACG Strathallan,Composite (Year 1-15),Private: Fully Reg.,Co-Ed,Auckland Region,Tāmaki Herenga Waka,Auckland- Papakura,Te Tai Raro,1245,627.0,618.0,0.0,466,45,23,614,23,7
2025,443,Hastings Christian School,Composite (Year 1-15),State: Integrated,Co-Ed,Hawkes Bay Region,"Hawke's Bay, Tairawhiti",Hastings District,Te Tai Whenua,326,161.0,165.0,0.0,228,48,10,32,7,1
2025,45,Henderson High School,Secondary (Year 9-15),State: Not integrated,Co-Ed,Auckland Region,Tāmaki Herenga Tāngata,Auckland- Henderson-Massey,Te Tai Raro,1043,559.0,,,243,269,245,237,41,6
2025,451,Hamilton Christian School,Composite (Year 1-15),State: Integrated,Co-Ed,Waikato Region,Waikato,Hamilton City,Te Tai Whenua,961,495.0,466.0,0.0,565,50,28,215,52,25
2025,452,Southern Cross Campus,Composite (Year 1-15),State: Not integrated,Co-Ed,Auckland Region,Tāmaki Herenga Waka,Auckland- Māngere-Ōtāhuhu,Te Tai Raro,1700,852.0,848.0,0.0,0,224,1299,162,13,2
2025,453,Kadimah School,Full Primary,State: Integrated,Co-Ed,Auckland Region,Tāmaki Herenga Manawa,Auckland- Ōrākei,Te Tai Raro,136,68.0,68.0,0.0,45,5,1,51,34,0
2025,454,St Dominic's College,Secondary (Year 7-15),Private: Fully Reg.,Single Sex-Girls,Manawatū-Whanganui Regio,"Taranaki, Whanganui, Manawatu",Whanganui District,Te Tai Whenua,58,0.0,58.0,0.0,38,4,4,11,0,0
2025,456,Pukekohe Christian School,Composite (Year 1-15),Private: Fully Reg.,Co-Ed,Auckland Region,Tāmaki Herenga Waka,Auckland- Franklin,Te Tai Raro,322,132.0,190.0,0.0,159,14,8,121,16,3
2025,46,Liston College,Secondary (Year 7-15),State: Integrated,Single Sex-Boys,Auckland Region,Tāmaki Herenga Tāngata,Auckland- Henderson-Massey,Te Tai Raro,839,839.0,0.0,0.0,214,99,200,269,29,7
2025,460,Atea College,Composite (Year 1-15),Private: Fully Reg.,Co-Ed,Auckland Region,Tāmaki Herenga Manawa,Auckland- Maungakiekie-Tāmaki,Te Tai Raro,13,9.0,4.0,0.0,0,0,0,1,0,12
2025,462,Ambury Park Centre,Secondary (Year 9-15),Private: Fully Reg.,Co-Ed,Auckland Region,Tāmaki Herenga Manawa,Auckland- Māngere-Ōtāhuhu,Te Tai Raro,6,3.0,3.0,0.0,2,4,0,0,0,0
2025,463,TKK Motuhake o Tawhiuau,Composite (Year 1-15),State: Not integrated,Co-Ed,Bay of Plenty Region,"Bay of Plenty, Waiariki",Whakatane District,Te Tai Whenua,89,37.0,52.0,0.0,0,89,0,0,0,0
2025,465,Mana Tamariki,Composite (Year 1-15),State: Not integrated,Co-Ed,Manawatū-Whanganui Regio,"Taranaki, Whanganui, Manawatu",Palmerston North City,Te Tai Whenua,75,34.0,41.0,0.0,0,75,0,0,0,0
2025,466,Manukau Christian School,Composite (Year 1-15),Private: Fully Reg.,Co-Ed,Auckland Region,Tāmaki Herenga Waka,Auckland- Manurewa,Te Tai Raro,312,139.0,173.0,0.0,29,15,18,227,21,0
2025,47,St Dominic's Catholic College (Henderson),Secondary (Year 7-15),State: Integrated,Single Sex-Girls,Auckland Region,Tāmaki Herenga Tāngata,Auckland- Henderson-Massey,Te Tai Raro,878,0.0,878.0,0.0,226,90,206,266,42,0
2025,471,Zayed College for Girls,Secondary (Year 7-15),State: Integrated,Single Sex-Girls,Auckland Region,Tāmaki Herenga Waka,Auckland- Māngere-Ōtāhuhu,Te Tai Raro,187,0.0,187.0,0.0,3,1,6,143,34,0
2025,476,Tongariro School,Composite (Year 1-15),State: Not integrated,Co-Ed,Waikato Region,"Bay of Plenty, Waiariki",Taupo District,Te Tai Whenua,344,166.0,178.0,0.0,36,299,2,5,1,1
2025,478,Wainuiomata High School,Secondary (Year 9-15),State: Not integrated,Co-Ed,Wellington Region,Wellington,Lower Hutt City,Te Tai Runga,713,383.0,,,168,365,78,82,4,5
2025,48,Western Springs College-Ngā Puna o Waiōrea,Secondary (Year 9-15),State: Not integrated,Co-Ed,Auckland Region,Tāmaki Herenga Manawa,Auckland- Waitematā,Te Tai Raro,1824,934.0,864.0,26.0,765,486,118,273,56,18
2025,481,City Impact Church School,Composite (Year 1-15),Private: Fully Reg.,Co-Ed,Auckland Region,Tāmaki Herenga Tāngata,Auckland- Upper Harbour,Te Tai Raro,348,176.0,172.0,0.0,181,5,9,130,20,3
2025,482,Aquinas College,Secondary (Year 7-15),State: Integrated,Co-Ed,Bay of Plenty Region,"Bay of Plenty, Waiariki",Tauranga City,Te Tai Whenua,827,389.0,438.0,0.0,473,145,24,131,24,6
2025,484,Wentworth College,Secondary (Year 7-15),Private: Fully Reg.,Co-Ed,Auckland Region,Tāmaki Herenga Tāngata,Auckland- Hibiscus and Bays,Te Tai Raro,441,248.0,193.0,0.0,203,17,4,161,3,13
2025,485,Taumata School,Full Primary,State: Not integrated,Co-Ed,Bay of Plenty Region,"Bay of Plenty, Waiariki",Tauranga City,Te Tai Whenua,674,337.0,337.0,0.0,336,131,26,172,6,3
2025,487,Mt Hobson Academy,Composite (Year 1-15),Private: Fully Reg.,Co-Ed,Auckland Region,Tāmaki Herenga Manawa,Auckland- Ōrākei,Te Tai Raro,115,51.0,64.0,0.0,68,33,1,4,4,5
2025,488,Ngā Taiātea Wharekura,Secondary (Year 9-15),State: Not integrated,Co-Ed,Waikato Region,Waikato,Hamilton City,Te Tai Whenua,281,142.0,139.0,0.0,0,281,0,0,0,0
2025,49,Selwyn College,Secondary (Year 9-15),State: Not integrated,Co-Ed,Auckland Region,Tāmaki Herenga Manawa,Auckland- Ōrākei,Te Tai Raro,1629,825.0,,,680,137,104,418,162,20
2025,491,Sancta Maria College,Secondary (Year 7-15),State: Integrated,Co-Ed,Auckland Region,Tāmaki Herenga Manawa,Auckland- Howick,Te Tai Raro,1074,,546.0,,156,50,168,567,85,3
2025,494,Putāruru College,Secondary (Year 7-15),State: Not integrated,Co-Ed,Waikato Region,Waikato,South Waikato District,Te Tai Whenua,430,224.0,,,185,204,11,27,2,1
2025,495,Taieri College,Secondary (Year 7-15),State: Not integrated,Co-Ed,Otago Region,"Otago, Southland",Dunedin City,Te Tai Runga,1225,630.0,595.0,0.0,904,206,19,54,22,16
2025,496,Reefton Area School,Composite (Year 1-15),State: Not integrated,Co-Ed,West Coast Region,"Nelson, Marlborough, West Coast",Buller District,Te Tai Runga,176,96.0,80.0,0.0,116,41,0,15,4,0
2025,497,Te Kura o Hirangi,Composite (Year 1-15),State: Not integrated,Co-Ed,Waikato Region,"Bay of Plenty, Waiariki",Taupo District,Te Tai Whenua,271,136.0,135.0,0.0,1,264,0,6,0,0
2025,5,Kerikeri High School,Secondary (Year 7-15),State: Not integrated,Co-Ed,Northland Region,Tai Tokerau,Far North District,Te Tai Raro,1642,801.0,835.0,6.0,884,548,45,69,11,14
2025,50,St Mary's College (Ponsonby),Secondary (Year 7-15),State: Integrated,Single Sex-Girls,Auckland Region,Tāmaki Herenga Manawa,Auckland- Waitematā,Te Tai Raro,1002,0.0,1002.0,0.0,362,122,202,240,22,4
2025,506,Drury Christian School,Composite (Year 1-15),Private: Fully Reg.,Co-Ed,Auckland Region,Tāmaki Herenga Waka,Auckland- Papakura,Te Tai Raro,40,19.0,21.0,0.0,11,1,7,13,0,3
2025,51,St Paul's College (Ponsonby),Secondary (Year 7-15),State: Integrated,Single Sex-Boys,Auckland Region,Tāmaki Herenga Manawa,Auckland- Waitematā,Te Tai Raro,403,403.0,0.0,0.0,17,79,289,12,6,0
2025,514,Kimi Ora School,Specialist School,State: Not integrated,Co-Ed,Wellington Region,Wellington,Lower Hutt City,Te Tai Runga,127,88.0,39.0,0.0,47,45,8,21,6,0
2025,518,Kingslea School,Specialist School,State: Not integrated,Co-Ed,Canterbury Region,Canterbury and Chatham Islands,Christchurch City,Te Tai Runga,140,128.0,12.0,0.0,20,106,13,0,1,0
2025,52,Tyndale Park Christian School,Composite (Year 1-15),Private: Fully Reg.,Co-Ed,Auckland Region,Tāmaki Herenga Waka,Auckland- Howick,Te Tai Raro,137,61.0,76.0,0.0,8,4,12,99,13,1
2025,522,Halswell Residential College,Specialist School,State: Not integrated,Co-Ed,Canterbury Region,Canterbury and Chatham Islands,Christchurch City,Te Tai Runga,5,5.0,0.0,0.0,3,2,0,0,0,0
2025,525,Salisbury School (Nelson),Specialist School,State: Not integrated,Single Sex-Girls,Tasman Region,"Nelson, Marlborough, West Coast",Tasman District,Te Tai Runga,12,0.0,12.0,0.0,9,3,0,0,0,0
2025,527,Twizel Area School,Composite (Year 1-15),State: Not integrated,Co-Ed,Canterbury Region,Canterbury and Chatham Islands,Mackenzie District,Te Tai Runga,242,129.0,113.0,0.0,148,53,9,29,3,0
2025,528,Ponatahi Christian School,Composite (Year 1-15),State: Integrated,Co-Ed,Wellington Region,Wellington,Carterton District,Te Tai Runga,132,64.0,68.0,0.0,109,1,1,17,3,1
2025,53,Auckland Girls' Grammar School,Secondary (Year 9-15),State: Not integrated,Single Sex-Girls,Auckland Region,Tāmaki Herenga Manawa,Auckland- Waitematā,Te Tai Raro,1156,0.0,,,28,234,678,189,12,4
2025,530,Waiheke High School,Secondary (Year 7-15),State: Not integrated,Co-Ed,Auckland Region,Tāmaki Herenga Manawa,Auckland- Waiheke,Te Tai Raro,377,198.0,174.0,5.0,234,91,7,23,11,0
2025,531,Catholic Cathedral College,Secondary (Year 7-15),State: Integrated,Co-Ed,Canterbury Region,Canterbury and Chatham Islands,Christchurch City,Te Tai Runga,595,306.0,,,108,79,90,292,25,1
2025,532,John Paul College,Secondary (Year 7-15),State: Integrated,Co-Ed,Bay of Plenty Region,"Bay of Plenty, Waiariki",Rotorua District,Te Tai Whenua,1117,518.0,599.0,0.0,524,204,25,292,31,14
2025,533,Mt Aspiring College,Secondary (Year 7-15),State: Not integrated,Co-Ed,Otago Region,"Otago, Southland",Queenstown-Lakes District,Te Tai Runga,1289,703.0,586.0,0.0,992,156,9,91,27,14
2025,536,Trinity Catholic College,Secondary (Year 7-15),State: Integrated,Co-Ed,Otago Region,"Otago, Southland",Dunedin City,Te Tai Runga,773,369.0,404.0,0.0,410,106,44,153,26,8
2025,539,Waikato Waldorf School ( Rudolf Steiner),Composite (Year 1-15),State: Integrated,Co-Ed,Waikato Region,Waikato,Hamilton City,Te Tai Whenua,190,101.0,89.0,0.0,100,51,1,26,7,5
2025,54,Auckland Grammar School,Secondary (Year 9-15),State: Not integrated,Single Sex-Boys,Auckland Region,Tāmaki Herenga Manawa,Auckland- Albert-Eden,Te Tai Raro,2751,2751.0,0.0,0.0,892,199,151,1303,64,18
2025,544,Al-Madinah School,Composite (Year 1-15),State: Integrated,Co-Ed,Auckland Region,Tāmaki Herenga Waka,Auckland- Māngere-Ōtāhuhu,Te Tai Raro,586,307.0,279.0,0.0,0,1,15,530,29,8
2025,545,Te Kura Toitu o Te Whaiti-nui-a-Toi,Composite (Year 1-15),State: Not integrated,Co-Ed,Bay of Plenty Region,"Bay of Plenty, Waiariki",Whakatane District,Te Tai Whenua,12,5.0,7.0,0.0,0,12,0,0,0,0
2025,546,Whitby Collegiate,Secondary (Year 7-15),Private: Fully Reg.,Co-Ed,Wellington Region,Wellington,Porirua City,Te Tai Runga,357,186.0,171.0,0.0,202,33,36,76,7,2
2025,548,Aurora College,Secondary (Year 7-15),State: Not integrated,Co-Ed,Southland Region,"Otago, Southland",Invercargill City,Te Tai Runga,614,327.0,287.0,0.0,290,231,57,23,13,0
2025,549,Taihape Area School,Composite (Year 1-15),State: Not integrated,Co-Ed,Manawatū-Whanganui Regio,"Taranaki, Whanganui, Manawatu",Rangitikei District,Te Tai Whenua,247,129.0,118.0,0.0,57,171,11,6,2,0
2025,550,Te Waha O Rerekohu Area School,Composite (Year 1-15),State: Not integrated,Co-Ed,Gisborne Region,"Hawke's Bay, Tairawhiti",Gisborne District,Te Tai Whenua,70,33.0,37.0,0.0,2,68,0,0,0,0
2025,551,Coastal Taranaki School,Composite (Year 1-15),State: Not integrated,Co-Ed,Taranaki Region,"Taranaki, Whanganui, Manawatu",New Plymouth District,Te Tai Whenua,260,118.0,142.0,0.0,204,50,0,4,2,0
2025,552,James Hargest College,Secondary (Year 7-15),State: Not integrated,Co-Ed,Southland Region,"Otago, Southland",Invercargill City,Te Tai Runga,1884,,959.0,,1144,370,56,239,39,12
2025,553,Mission Heights Junior College,Secondary (Year 7-15),State: Not integrated,Co-Ed,Auckland Region,Tāmaki Herenga Waka,Auckland- Howick,Te Tai Raro,915,472.0,,,45,55,107,655,34,13
2025,555,Tangaroa College Teen Parent Unit,Teen Parent Unit,State: Not integrated,Co-Ed,Auckland Region,Tāmaki Herenga Waka,Auckland- Ōtara-Papatoetoe,Te Tai Raro,9,0.0,9.0,0.0,0,4,5,0,0,0
2025,557,Holy Family School (Wanaka),Full Primary,State: Integrated,Co-Ed,Otago Region,"Otago, Southland",Queenstown-Lakes District,Te Tai Runga,201,97.0,104.0,0.0,164,21,1,9,5,1
2025,558,TKKM o Te Kura Kokiri,Composite (Year 1-15),State: Not integrated,Co-Ed,Bay of Plenty Region,"Bay of Plenty, Waiariki",Tauranga City,Te Tai Whenua,266,131.0,135.0,0.0,0,266,0,0,0,0
2025,559,Te Kura o Te Wainui-ā-Rua,Composite (Year 1-15),State: Not integrated,Co-Ed,Manawatū-Whanganui Regio,"Taranaki, Whanganui, Manawatu",Whanganui District,Te Tai Whenua,55,26.0,29.0,0.0,1,54,0,0,0,0
2025,563,Albany Senior High School,Secondary (Year 9-15),State: Not integrated,Co-Ed,Auckland Region,Tāmaki Herenga Tāngata,Auckland- Upper Harbour,Te Tai Raro,782,327.0,437.0,18.0,422,89,20,197,36,14
2025,564,Ormiston Senior College,Secondary (Year 9-15),State: Not integrated,Co-Ed,Auckland Region,Tāmaki Herenga Waka,Auckland- Howick,Te Tai Raro,1502,769.0,733.0,0.0,36,56,225,1126,42,17
2025,565,Stonefields School,Full Primary,State: Not integrated,Co-Ed,Auckland Region,Tāmaki Herenga Manawa,Auckland- Ōrākei,Te Tai Raro,662,345.0,317.0,0.0,180,47,33,346,52,4
2025,566,Maraekakaho School,Full Primary,State: Not integrated,Co-Ed,Hawkes Bay Region,"Hawke's Bay, Tairawhiti",Hastings District,Te Tai Whenua,122,75.0,47.0,0.0,105,14,0,3,0,0
2025,567,Te Wharekura o Te Kaokaoroa o Patetere,Composite (Year 1-15),State: Not integrated,Co-Ed,Waikato Region,Waikato,South Waikato District,Te Tai Whenua,319,151.0,168.0,0.0,3,313,3,0,0,0
2025,57,Tamaki College,Secondary (Year 9-15),State: Not integrated,Co-Ed,Auckland Region,Tāmaki Herenga Manawa,Auckland- Maungakiekie-Tāmaki,Te Tai Raro,794,421.0,373.0,0.0,9,183,478,105,12,1
2025,570,Mission Heights Primary School,Contributing,State: Not integrated,Co-Ed,Auckland Region,Tāmaki Herenga Waka,Auckland- Howick,Te Tai Raro,706,365.0,341.0,0.0,12,28,74,555,34,2
2025,571,ACG Sunderland,Composite (Year 1-15),Private: Fully Reg.,Co-Ed,Auckland Region,Tāmaki Herenga Tāngata,Auckland- Henderson-Massey,Te Tai Raro,853,479.0,374.0,0.0,125,10,12,589,12,9
2025,572,Te Matauru Primary,Full Primary,State: Not integrated,Co-Ed,Canterbury Region,Canterbury and Chatham Islands,Waimakariri District,Te Tai Runga,233,114.0,119.0,0.0,185,32,3,9,3,1
2025,577,Te Totara Primary School,Contributing,State: Not integrated,Co-Ed,Waikato Region,Waikato,Hamilton City,Te Tai Whenua,726,373.0,353.0,0.0,112,110,33,368,98,5
2025,579,Knights Stream School- Mingimingi Hautoa,Full Primary,State: Not integrated,Co-Ed,Canterbury Region,Canterbury and Chatham Islands,Christchurch City,Te Tai Runga,607,301.0,306.0,0.0,208,33,18,308,26,14
2025,58,Tangaroa College,Secondary (Year 9-15),State: Not integrated,Co-Ed,Auckland Region,Tāmaki Herenga Waka,Auckland- Ōtara-Papatoetoe,Te Tai Raro,985,508.0,477.0,0.0,4,193,669,108,5,6
2025,584,West Rolleston Primary School,Full Primary,State: Not integrated,Co-Ed,Canterbury Region,Canterbury and Chatham Islands,Selwyn District,Te Tai Runga,789,432.0,357.0,0.0,442,100,29,168,29,21
2025,585,Ararira Springs Primary- Te Puna o Ararira,Full Primary,State: Not integrated,Co-Ed,Canterbury Region,Canterbury and Chatham Islands,Selwyn District,Te Tai Runga,495,231.0,264.0,0.0,301,81,7,91,14,1
2025,586,Shotover Primary School,Full Primary,State: Not integrated,Co-Ed,Otago Region,"Otago, Southland",Queenstown-Lakes District,Te Tai Runga,593,300.0,293.0,0.0,390,43,14,92,47,4
2025,588,Hingaia Peninsula School,Full Primary,State: Not integrated,Co-Ed,Auckland Region,Tāmaki Herenga Waka,Auckland- Papakura,Te Tai Raro,428,206.0,222.0,0.0,72,43,38,252,19,4
2025,589,Te Kura o Nga Ruahine Rangi,Composite (Year 1-15),State: Not integrated,Co-Ed,Taranaki Region,"Taranaki, Whanganui, Manawatu",South Taranaki District,Te Tai Whenua,73,39.0,34.0,0.0,0,73,0,0,0,0
2025,59,Sacred Heart College (Auckland),Secondary (Year 7-15),State: Integrated,Single Sex-Boys,Auckland Region,Tāmaki Herenga Manawa,Auckland- Ōrākei,Te Tai Raro,1428,,0.0,,666,178,277,168,55,15
2025,593,Te Uho O Te Nikau Primary School,Contributing,State: Not integrated,Co-Ed,Auckland Region,Tāmaki Herenga Waka,Auckland- Howick,Te Tai Raro,597,291.0,306.0,0.0,7,41,94,420,32,3
2025,595,Kauri Flats School,Full Primary,State: Not integrated,Co-Ed,Auckland Region,Tāmaki Herenga Waka,Auckland- Papakura,Te Tai Raro,648,322.0,326.0,0.0,17,79,81,460,11,0
2025,6,Broadwood Area School,Composite (Year 1-15),State: Not integrated,Co-Ed,Northland Region,Tai Tokerau,Far North District,Te Tai Raro,132,74.0,58.0,0.0,12,120,0,0,0,0
2025,60,Saint Kentigern Girls' School,Full Primary,Private: Fully Reg.,Single Sex-Girls,Auckland Region,Tāmaki Herenga Manawa,Auckland- Ōrākei,Te Tai Raro,386,0.0,386.0,0.0,167,14,8,191,2,4
2025,600,TKKM o Ngaringaomatariki,Full Primary,State: Not integrated,Co-Ed,Northland Region,Tai Tokerau,Kaipara District,Te Tai Raro,93,50.0,43.0,0.0,0,93,0,0,0,0
2025,601,Kumeroa School,Full Primary,State: Not integrated,Co-Ed,Manawatū-Whanganui Regio,Wellington,Tararua District,Te Tai Runga,35,25.0,10.0,0.0,22,8,0,3,2,0
2025,603,KingsGate School,Composite (Year 1-15),State: Integrated,Co-Ed,Auckland Region,Tāmaki Herenga Waka,Auckland- Franklin,Te Tai Raro,257,128.0,129.0,0.0,125,27,31,42,24,8
2025,604,Golden Grove School,Full Primary,Private: Fully Reg.,Co-Ed,Auckland Region,Tāmaki Herenga Manawa,Auckland- Maungakiekie-Tāmaki,Te Tai Raro,49,24.0,25.0,0.0,23,5,2,16,3,0
2025,605,Wentworth Primary,Full Primary,Private: Fully Reg.,Co-Ed,Auckland Region,Tāmaki Herenga Tāngata,Auckland- Hibiscus and Bays,Te Tai Raro,159,82.0,77.0,0.0,54,1,3,93,0,2
2025,607,Big Rock Primary School,Full Primary,State: Not integrated,Co-Ed,Otago Region,"Otago, Southland",Dunedin City,Te Tai Runga,102,51.0,51.0,0.0,74,20,2,4,1,1
2025,6070,Golden Sands School,Contributing,State: Not integrated,Co-Ed,Bay of Plenty Region,"Bay of Plenty, Waiariki",Tauranga City,Te Tai Whenua,523,256.0,267.0,0.0,302,105,14,66,36,0
2025,608,Ashburton Christian School,Composite (Year 1-15),State: Integrated,Co-Ed,Canterbury Region,Canterbury and Chatham Islands,Ashburton District,Te Tai Runga,270,129.0,141.0,0.0,151,6,35,53,24,1
2025,61,Baradene College,Secondary (Year 7-15),State: Integrated,Single Sex-Girls,Auckland Region,Tāmaki Herenga Manawa,Auckland- Ōrākei,Te Tai Raro,1505,0.0,1505.0,0.0,879,152,98,244,39,9
2025,612,Henderson - Teen Parent Unit - He Wero o nga Wahine,Teen Parent Unit,State: Not integrated,Co-Ed,Auckland Region,Tāmaki Herenga Tāngata,Auckland- Henderson-Massey,Te Tai Raro,19,0.0,19.0,0.0,3,10,6,0,0,0
2025,614,Amesbury School,Contributing,State: Not integrated,Co-Ed,Wellington Region,Wellington,Wellington City,Te Tai Runga,248,135.0,113.0,0.0,43,16,13,158,14,2
2025,615,Rototuna Senior High School,Secondary (Year 9-15),State: Not integrated,Co-Ed,Waikato Region,Waikato,Hamilton City,Te Tai Whenua,949,,508.0,,446,136,35,266,43,17
2025,616,Murihiku Young Parents' Learning Centre,Teen Parent Unit,State: Not integrated,Co-Ed,Southland Region,"Otago, Southland",Invercargill City,Te Tai Runga,16,0.0,16.0,0.0,7,6,2,0,0,1
2025,618,Sancta Maria Catholic Primary School,Contributing,State: Integrated,Co-Ed,Auckland Region,Tāmaki Herenga Manawa,Auckland- Howick,Te Tai Raro,373,187.0,186.0,0.0,9,9,63,268,23,1
2025,62,St Peter's College (Epsom),Secondary (Year 7-15),State: Integrated,Single Sex-Boys,Auckland Region,Tāmaki Herenga Manawa,Auckland- Waitematā,Te Tai Raro,1314,1314.0,0.0,0.0,508,181,228,279,35,2
2025,620,Huanui College,Secondary (Year 7-15),Private: Fully Reg.,Co-Ed,Northland Region,Tai Tokerau,Whangarei District,Te Tai Raro,353,,201.0,,220,69,2,45,4,10
2025,622,Silverstream Christian School,Composite (Year 1-15),Private: Fully Reg.,Co-Ed,Wellington Region,Wellington,Upper Hutt City,Te Tai Runga,29,11.0,18.0,0.0,29,0,0,0,0,0
2025,624,Te Karaka Area School,Composite (Year 1-15),State: Not integrated,Co-Ed,Gisborne Region,"Hawke's Bay, Tairawhiti",Gisborne District,Te Tai Whenua,112,58.0,54.0,0.0,2,110,0,0,0,0
2025,625,Tamaoho School,Contributing,State: Not integrated,Co-Ed,Auckland Region,Tāmaki Herenga Waka,Auckland- Franklin,Te Tai Raro,312,168.0,144.0,0.0,48,87,45,121,7,4
2025,628,TKKM o Tuia te Matangi,Composite (Year 1-15),State: Not integrated,Co-Ed,Tasman Region,"Nelson, Marlborough, West Coast",Tasman District,Te Tai Runga,75,38.0,37.0,0.0,0,75,0,0,0,0
2025,63,Marcellin College,Secondary (Year 7-15),State: Integrated,Co-Ed,Auckland Region,Tāmaki Herenga Manawa,Auckland- Puketāpapa,Te Tai Raro,558,288.0,270.0,0.0,20,41,327,151,18,1
2025,630,Te Kura Māori o Ngā Tapuwae,Composite (Year 1-15),State: Not integrated,Co-Ed,Auckland Region,Tāmaki Herenga Waka,Auckland- Māngere-Ōtāhuhu,Te Tai Raro,312,153.0,159.0,0.0,0,312,0,0,0,0
2025,631,Kia Aroha Campus,Composite (Year 1-15),State: Not integrated,Co-Ed,Auckland Region,Tāmaki Herenga Waka,Auckland- Ōtara-Papatoetoe,Te Tai Raro,371,169.0,202.0,0.0,3,226,130,9,3,0
2025,632,Tai Wananga,Secondary (Year 9-15),State: Not integrated,Co-Ed,Waikato Region,Waikato,Hamilton City,Te Tai Whenua,161,86.0,75.0,0.0,1,157,3,0,0,0
2025,633,Kingsview School,Full Primary,State: Integrated,Co-Ed,Otago Region,"Otago, Southland",Queenstown-Lakes District,Te Tai Runga,66,31.0,35.0,0.0,22,1,3,15,25,0
2025,639,Pa Harakeke Teen Parent Unit,Teen Parent Unit,State: Not integrated,Co-Ed,Waikato Region,Waikato,South Waikato District,Te Tai Whenua,5,1.0,4.0,0.0,0,5,0,0,0,0
2025,64,Epsom Girls Grammar School,Secondary (Year 9-15),State: Not integrated,Single Sex-Girls,Auckland Region,Tāmaki Herenga Manawa,Auckland- Albert-Eden,Te Tai Raro,2290,0.0,2280.0,10.0,515,245,238,1072,83,6
2025,641,Te Wharekura o Nga Purapura o Te Aroha,Composite (Year 1-15),State: Not integrated,Co-Ed,Waikato Region,Waikato,Waipa District,Te Tai Whenua,90,47.0,43.0,0.0,1,89,0,0,0,0
2025,647,Bathgate Park School,Full Primary,State: Not integrated,Co-Ed,Otago Region,"Otago, Southland",Dunedin City,Te Tai Runga,127,62.0,65.0,0.0,25,35,29,32,6,0
2025,648,Carisbrook School,Full Primary,State: Not integrated,Co-Ed,Otago Region,"Otago, Southland",Dunedin City,Te Tai Runga,349,187.0,162.0,0.0,108,108,64,37,31,1
2025,65,Glendowie College,Secondary (Year 9-15),State: Not integrated,Co-Ed,Auckland Region,Tāmaki Herenga Manawa,Auckland- Ōrākei,Te Tai Raro,1207,624.0,,,649,64,53,323,58,16
2025,651,Te Whata Tau o Putauaki,Composite (Year 1-15),State: Not integrated,Co-Ed,Bay of Plenty Region,"Bay of Plenty, Waiariki",Kawerau District,Te Tai Whenua,75,33.0,42.0,0.0,0,75,0,0,0,0
2025,654,Rolleston College,Secondary (Year 9-15),State: Not integrated,Co-Ed,Canterbury Region,Canterbury and Chatham Islands,Selwyn District,Te Tai Runga,1863,952.0,,,1138,233,90,290,62,23
2025,655,Kawerau Putauaki School,Contributing,State: Not integrated,Co-Ed,Bay of Plenty Region,"Bay of Plenty, Waiariki",Kawerau District,Te Tai Whenua,136,75.0,61.0,0.0,17,109,4,6,0,0
2025,658,Murupara Area School,Composite (Year 1-15),State: Not integrated,Co-Ed,Bay of Plenty Region,"Bay of Plenty, Waiariki",Whakatane District,Te Tai Whenua,190,102.0,88.0,0.0,3,184,0,3,0,0
2025,66,Dilworth School,Composite (Year 1-15),Private: Fully Reg.,Single Sex-Boys,Auckland Region,Tāmaki Herenga Manawa,Auckland- Albert-Eden,Te Tai Raro,482,482.0,0.0,0.0,69,101,232,71,8,1
2025,660,Kahurangi School,Full Primary,State: Not integrated,Co-Ed,Wellington Region,Wellington,Wellington City,Te Tai Runga,258,138.0,120.0,0.0,79,81,50,15,33,0
2025,661,Tarawera High School,Secondary (Year 7-15),State: Not integrated,Co-Ed,Bay of Plenty Region,"Bay of Plenty, Waiariki",Kawerau District,Te Tai Whenua,452,227.0,,,44,394,6,8,0,0
2025,67,Diocesan School For Girls,Composite (Year 1-15),Private: Fully Reg.,Single Sex-Girls,Auckland Region,Tāmaki Herenga Manawa,Auckland- Albert-Eden,Te Tai Raro,1705,0.0,1705.0,0.0,883,100,50,613,10,6
2025,670,Nelson Teen Parent Unit,Teen Parent Unit,State: Not integrated,Co-Ed,Nelson Region,"Nelson, Marlborough, West Coast",Nelson City,Te Tai Runga,9,1.0,8.0,0.0,4,4,1,0,0,0
2025,671,Waikato Montessori Education Centre,Full Primary,Private: Fully Reg.,Co-Ed,Waikato Region,Waikato,Waikato District,Te Tai Whenua,55,24.0,31.0,0.0,25,3,0,26,1,0
2025,674,Levin Teen Parent Unit,Teen Parent Unit,State: Not integrated,Co-Ed,Manawatū-Whanganui Regio,Wellington,Horowhenua District,Te Tai Runga,13,0.0,13.0,0.0,3,9,1,0,0,0
2025,6741,Te Matauranga,Contributing,State: Not integrated,Co-Ed,Auckland Region,Tāmaki Herenga Waka,Auckland- Manurewa,Te Tai Raro,319,163.0,156.0,0.0,1,97,191,27,0,3
2025,6742,Tahatai Coast School,Contributing,State: Not integrated,Co-Ed,Bay of Plenty Region,"Bay of Plenty, Waiariki",Tauranga City,Te Tai Whenua,797,393.0,404.0,0.0,470,189,19,41,51,6
2025,6759,Snells Beach Primary School,Contributing,State: Not integrated,Co-Ed,Auckland Region,Tāmaki Herenga Tāngata,Auckland- Rodney,Te Tai Raro,382,199.0,183.0,0.0,236,76,26,18,22,4
2025,6760,Somerville Intermediate School,Intermediate,State: Not integrated,Co-Ed,Auckland Region,Tāmaki Herenga Manawa,Auckland- Howick,Te Tai Raro,993,498.0,495.0,0.0,282,53,38,519,60,16
2025,6763,Whangaparaoa College,Secondary (Year 7-15),State: Not integrated,Co-Ed,Auckland Region,Tāmaki Herenga Tāngata,Auckland- Hibiscus and Bays,Te Tai Raro,1844,942.0,,,1092,332,72,199,60,15
2025,6783,Remarkables Primary School,Full Primary,State: Not integrated,Co-Ed,Otago Region,"Otago, Southland",Queenstown-Lakes District,Te Tai Runga,444,235.0,209.0,0.0,279,43,25,73,18,6
2025,6788,Hobsonville Point Primary School,Full Primary,State: Not integrated,Co-Ed,Auckland Region,Tāmaki Herenga Tāngata,Auckland- Upper Harbour,Te Tai Raro,710,364.0,346.0,0.0,278,32,29,300,37,21
2025,68,St Cuthbert's College (Epsom),Composite (Year 1-15),Private: Fully Reg.,Single Sex-Girls,Auckland Region,Tāmaki Herenga Manawa,Auckland- Albert-Eden,Te Tai Raro,1627,0.0,1627.0,0.0,692,54,74,737,11,31
2025,682,Eden Christian Academy,Composite (Year 1-15),Private: Fully Reg.,Co-Ed,Waikato Region,Tāmaki Herenga Waka,Waikato District,Te Tai Raro,55,33.0,22.0,0.0,20,7,3,22,3,0
2025,683,Ao Tawhiti Unlimited Discovery,Composite (Year 1-15),State: Not integrated,Co-Ed,Canterbury Region,Canterbury and Chatham Islands,Christchurch City,Te Tai Runga,649,354.0,287.0,8.0,458,107,15,46,15,8
2025,684,Te Waka Unua School,Full Primary,State: Not integrated,Co-Ed,Canterbury Region,Canterbury and Chatham Islands,Christchurch City,Te Tai Runga,481,230.0,251.0,0.0,121,219,51,72,17,1
2025,685,Waitākiri Primary School,Contributing,State: Not integrated,Co-Ed,Canterbury Region,Canterbury and Chatham Islands,Christchurch City,Te Tai Runga,536,264.0,272.0,0.0,331,129,22,42,8,0
2025,686,Lyttelton Primary School,Full Primary,State: Not integrated,Co-Ed,Canterbury Region,Canterbury and Chatham Islands,Christchurch City,Te Tai Runga,143,79.0,64.0,0.0,110,22,1,7,3,0
2025,688,Ormiston Primary School,Contributing,State: Not integrated,Co-Ed,Auckland Region,Tāmaki Herenga Waka,Auckland- Howick,Te Tai Raro,1116,582.0,534.0,0.0,18,39,96,914,49,0
2025,69,Mt Albert Grammar School,Secondary (Year 9-15),State: Not integrated,Co-Ed,Auckland Region,Tāmaki Herenga Manawa,Auckland- Albert-Eden,Te Tai Raro,3576,2017.0,,,1253,463,540,1036,122,23
2025,6920,Gulf Harbour School,Contributing,State: Not integrated,Co-Ed,Auckland Region,Tāmaki Herenga Tāngata,Auckland- Hibiscus and Bays,Te Tai Raro,541,283.0,258.0,0.0,324,54,21,77,44,16
2025,6921,Point View School,Contributing,State: Not integrated,Co-Ed,Auckland Region,Tāmaki Herenga Manawa,Auckland- Howick,Te Tai Raro,664,314.0,350.0,0.0,44,22,21,536,36,2
2025,6922,Waiheke Primary School,Full Primary,State: Not integrated,Co-Ed,Auckland Region,Tāmaki Herenga Manawa,Auckland- Waiheke,Te Tai Raro,279,154.0,125.0,0.0,189,38,15,14,18,5
2025,6929,Alfriston College,Secondary (Year 9-15),State: Not integrated,Co-Ed,Auckland Region,Tāmaki Herenga Waka,Auckland- Manurewa,Te Tai Raro,1255,,635.0,,54,387,352,405,47,10
2025,6930,Botany Downs Secondary College,Secondary (Year 9-15),State: Not integrated,Co-Ed,Auckland Region,Tāmaki Herenga Manawa,Auckland- Howick,Te Tai Raro,1995,999.0,,,402,92,115,1144,80,22
2025,6932,Pinehill School (Browns Bay),Contributing,State: Not integrated,Co-Ed,Auckland Region,Tāmaki Herenga Tāngata,Auckland- Upper Harbour,Te Tai Raro,447,210.0,237.0,0.0,25,12,6,378,23,2
2025,6937,Summerland Primary,Contributing,State: Not integrated,Co-Ed,Auckland Region,Tāmaki Herenga Tāngata,Auckland- Henderson-Massey,Te Tai Raro,617,304.0,313.0,0.0,83,84,77,312,32,27
2025,6939,Kohia Terrace School,Full Primary,State: Not integrated,Co-Ed,Auckland Region,Tāmaki Herenga Manawa,Auckland- Albert-Eden,Te Tai Raro,382,183.0,199.0,0.0,71,7,18,256,17,4
2025,6940,Te Akau ki Papamoa Primary School,Contributing,State: Not integrated,Co-Ed,Bay of Plenty Region,"Bay of Plenty, Waiariki",Tauranga City,Te Tai Whenua,522,285.0,237.0,0.0,206,174,23,79,18,5
2025,6941,Endeavour School,Contributing,State: Not integrated,Co-Ed,Waikato Region,Waikato,Hamilton City,Te Tai Whenua,451,223.0,228.0,0.0,179,73,17,144,30,7
2025,6944,Randwick Park School,Full Primary,State: Not integrated,Co-Ed,Auckland Region,Tāmaki Herenga Waka,Auckland- Manurewa,Te Tai Raro,677,362.0,315.0,0.0,8,209,350,91,19,0
2025,6945,Selwyn Ridge School,Contributing,State: Not integrated,Co-Ed,Bay of Plenty Region,"Bay of Plenty, Waiariki",Tauranga City,Te Tai Whenua,473,240.0,233.0,0.0,272,122,10,43,14,2
2025,6946,Oteha Valley School,Contributing,State: Not integrated,Co-Ed,Auckland Region,Tāmaki Herenga Tāngata,Auckland- Upper Harbour,Te Tai Raro,534,280.0,254.0,0.0,51,22,9,415,27,10
2025,6947,The Gardens School,Full Primary,State: Not integrated,Co-Ed,Auckland Region,Tāmaki Herenga Waka,Auckland- Manurewa,Te Tai Raro,549,276.0,273.0,0.0,56,64,67,337,20,5
2025,6948,Albany Junior High School,Secondary (Year 7-15),State: Not integrated,Co-Ed,Auckland Region,Tāmaki Herenga Tāngata,Auckland- Upper Harbour,Te Tai Raro,1231,638.0,593.0,0.0,519,107,40,462,63,12
2025,6955,Upper Harbour Primary School,Contributing,State: Not integrated,Co-Ed,Auckland Region,Tāmaki Herenga Tāngata,Auckland- Upper Harbour,Te Tai Raro,399,200.0,199.0,0.0,70,11,8,283,22,5
2025,6959,Willowbank School (Howick),Contributing,State: Not integrated,Co-Ed,Auckland Region,Tāmaki Herenga Manawa,Auckland- Howick,Te Tai Raro,689,382.0,307.0,0.0,43,35,54,441,99,12
2025,696,Rāwhiti School,Full Primary,State: Not integrated,Co-Ed,Canterbury Region,Canterbury and Chatham Islands,Christchurch City,Te Tai Runga,556,290.0,266.0,0.0,280,215,30,28,3,0
2025,6960,Baverstock Oaks School,Contributing,State: Not integrated,Co-Ed,Auckland Region,Tāmaki Herenga Manawa,Auckland- Howick,Te Tai Raro,601,305.0,296.0,0.0,33,48,88,379,47,4
2025,6962,Te Wharekura o Mauao,Secondary (Year 7-15),State: Not integrated,Co-Ed,Bay of Plenty Region,"Bay of Plenty, Waiariki",Tauranga City,Te Tai Whenua,294,137.0,157.0,0.0,2,291,1,0,0,0
2025,6963,Papamoa College,Secondary (Year 7-15),State: Not integrated,Co-Ed,Bay of Plenty Region,"Bay of Plenty, Waiariki",Tauranga City,Te Tai Whenua,1790,908.0,877.0,5.0,950,474,51,230,36,24
2025,6967,Lemonwood Grove School,Full Primary,State: Not integrated,Co-Ed,Canterbury Region,Canterbury and Chatham Islands,Selwyn District,Te Tai Runga,1060,516.0,544.0,0.0,444,130,53,339,68,25
2025,6975,Garin College,Secondary (Year 9-15),State: Integrated,Co-Ed,Nelson Region,"Nelson, Marlborough, West Coast",Nelson City,Te Tai Runga,644,303.0,341.0,0.0,444,90,13,66,9,2
2025,6976,Rototuna Primary School,Contributing,State: Not integrated,Co-Ed,Waikato Region,Waikato,Hamilton City,Te Tai Whenua,778,401.0,377.0,0.0,168,128,30,351,84,17
2025,6977,Hobsonville Point Secondary School,Secondary (Year 9-15),State: Not integrated,Co-Ed,Auckland Region,Tāmaki Herenga Tāngata,Auckland- Upper Harbour,Te Tai Raro,950,491.0,452.0,7.0,352,124,49,327,65,1
2025,6978,Reremoana School,Full Primary,State: Not integrated,Co-Ed,Auckland Region,Tāmaki Herenga Waka,Auckland- Manurewa,Te Tai Raro,416,213.0,203.0,0.0,81,93,70,142,28,2
2025,6980,Clearview Primary,Full Primary,State: Not integrated,Co-Ed,Canterbury Region,Canterbury and Chatham Islands,Selwyn District,Te Tai Runga,811,390.0,421.0,0.0,475,90,19,198,22,7
2025,7,Okaihau College,Secondary (Year 7-15),State: Not integrated,Co-Ed,Northland Region,Tai Tokerau,Far North District,Te Tai Raro,282,145.0,137.0,0.0,60,207,6,3,0,6
2025,70,Marist College,Secondary (Year 7-15),State: Integrated,Single Sex-Girls,Auckland Region,Tāmaki Herenga Manawa,Auckland- Albert-Eden,Te Tai Raro,787,0.0,787.0,0.0,280,72,183,210,23,9
2025,704,Haeata Community Campus,Composite (Year 1-15),State: Not integrated,Co-Ed,Canterbury Region,Canterbury and Chatham Islands,Christchurch City,Te Tai Runga,584,297.0,287.0,0.0,135,290,97,53,7,2
2025,705,Te Tipu Whenua o Pa Harakeke,Teen Parent Unit,State: Not integrated,Co-Ed,Hawkes Bay Region,"Hawke's Bay, Tairawhiti",Hastings District,Te Tai Whenua,19,1.0,18.0,0.0,0,17,2,0,0,0
2025,706,Te Pā o Rākaihautū,Composite (Year 1-15),State: Not integrated,Co-Ed,Canterbury Region,Canterbury and Chatham Islands,Christchurch City,Te Tai Runga,201,100.0,101.0,0.0,8,191,2,0,0,0
2025,707,ACG Tauranga,Composite (Year 1-15),Private: Fully Reg.,Co-Ed,Bay of Plenty Region,"Bay of Plenty, Waiariki",Tauranga City,Te Tai Whenua,413,182.0,231.0,0.0,256,19,4,101,10,5
2025,708,Rototuna Junior High School,Secondary (Year 7-15),State: Not integrated,Co-Ed,Waikato Region,Waikato,Hamilton City,Te Tai Whenua,1457,,779.0,,538,245,51,513,92,11
2025,709,Ormiston Junior College,Secondary (Year 7-15),State: Not integrated,Co-Ed,Auckland Region,Tāmaki Herenga Waka,Auckland- Howick,Te Tai Raro,1437,713.0,724.0,0.0,37,71,224,1022,57,25
2025,710,Rolleston Christian School,Full Primary,State: Integrated,Co-Ed,Canterbury Region,Canterbury and Chatham Islands,Selwyn District,Te Tai Runga,284,131.0,153.0,0.0,145,8,11,93,21,6
2025,712,Te Rōhutu Whio,Full Primary,State: Not integrated,Co-Ed,Canterbury Region,Canterbury and Chatham Islands,Selwyn District,Te Tai Runga,316,165.0,151.0,0.0,71,66,16,137,24,2
2025,717,Whakatane Teen Parent Unit,Teen Parent Unit,State: Not integrated,Co-Ed,Bay of Plenty Region,"Bay of Plenty, Waiariki",Whakatane District,Te Tai Whenua,13,0.0,13.0,0.0,1,12,0,0,0,0
2025,719,Te Kura Kaupapa Maori o Te Orini ki Ngati Awa,Composite (Year 1-15),State: Not integrated,Co-Ed,Bay of Plenty Region,"Bay of Plenty, Waiariki",Whakatane District,Te Tai Whenua,92,39.0,53.0,0.0,0,92,0,0,0,0
2025,724,Te Manawa ō Pāpāmoa School,Contributing,State: Not integrated,Co-Ed,Bay of Plenty Region,"Bay of Plenty, Waiariki",Tauranga City,Te Tai Whenua,478,243.0,235.0,0.0,202,105,18,115,30,8
2025,725,Scott Point School,Full Primary,State: Not integrated,Co-Ed,Auckland Region,Tāmaki Herenga Tāngata,Auckland- Upper Harbour,Te Tai Raro,839,424.0,415.0,0.0,187,45,32,533,31,11
2025,728,Meraki Montessori School,Full Primary,Private: Fully Reg.,Co-Ed,Auckland Region,Tāmaki Herenga Tāngata,Auckland- Rodney,Te Tai Raro,71,42.0,29.0,0.0,45,5,1,10,6,3
2025,729,Northland College Teen Parent Unit,Teen Parent Unit,State: Not integrated,Co-Ed,Northland Region,Tai Tokerau,Far North District,Te Tai Raro,17,3.0,14.0,0.0,2,15,0,0,0,0
2025,730,Porangahau School,Full Primary,State: Not integrated,Co-Ed,Hawkes Bay Region,"Hawke's Bay, Tairawhiti",Central Hawke's Bay District,Te Tai Whenua,44,25.0,19.0,0.0,13,30,0,0,1,0
2025,737,Te Kura Kaupapa Maori o Horouta Wananga,Composite (Year 1-15),State: Not integrated,Co-Ed,Gisborne Region,"Hawke's Bay, Tairawhiti",Gisborne District,Te Tai Whenua,165,81.0,84.0,0.0,0,165,0,0,0,0
2025,738,St Francis of Assisi Catholic School,Full Primary,State: Integrated,Co-Ed,Canterbury Region,Canterbury and Chatham Islands,Christchurch City,Te Tai Runga,447,223.0,224.0,0.0,217,55,29,120,25,1
2025,739,Manukura,Secondary (Year 9-15),State: Not integrated,Co-Ed,Manawatū-Whanganui Regio,"Taranaki, Whanganui, Manawatu",Palmerston North City,Te Tai Whenua,192,84.0,108.0,0.0,2,185,5,0,0,0
2025,74,Mt Roskill Grammar,Secondary (Year 9-15),State: Not integrated,Co-Ed,Auckland Region,Tāmaki Herenga Manawa,Auckland- Puketāpapa,Te Tai Raro,1858,1014.0,,,142,152,414,939,156,5
2025,742,Te Kura o Te Whānau-a-Apanui,Composite (Year 1-15),State: Not integrated,Co-Ed,Bay of Plenty Region,"Bay of Plenty, Waiariki",Ōpōtiki District,Te Tai Whenua,193,97.0,96.0,0.0,0,193,0,0,0,0
2025,743,Holy Trinity Catholic Primary School,Contributing,State: Integrated,Co-Ed,Auckland Region,Tāmaki Herenga Waka,Auckland- Papakura,Te Tai Raro,293,143.0,150.0,0.0,22,19,68,174,8,2
2025,746,Te Kura Whakatipu o Kawarau,Full Primary,State: Not integrated,Co-Ed,Otago Region,"Otago, Southland",Queenstown-Lakes District,Te Tai Runga,455,225.0,230.0,0.0,258,33,13,112,35,4
2025,747,Te Kura O Take Kārara,Contributing,State: Not integrated,Co-Ed,Otago Region,"Otago, Southland",Queenstown-Lakes District,Te Tai Runga,327,172.0,155.0,0.0,247,39,9,22,10,0
2025,748,Ngākōroa School,Full Primary,State: Not integrated,Co-Ed,Auckland Region,Tāmaki Herenga Waka,Auckland- Franklin,Te Tai Raro,182,95.0,87.0,0.0,11,52,42,71,3,3
2025,75,Lynfield College,Secondary (Year 9-15),State: Not integrated,Co-Ed,Auckland Region,Tāmaki Herenga Manawa,Auckland- Puketāpapa,Te Tai Raro,1993,1021.0,,,246,122,162,1319,96,2
2025,752,Summit Point School,Full Primary,Private: Fully Reg.,Co-Ed,Auckland Region,Tāmaki Herenga Tāngata,Auckland- Devonport-Takapuna,Te Tai Raro,46,30.0,16.0,0.0,38,1,3,4,0,0
2025,764,Ahutoetoe School,Contributing,State: Not integrated,Co-Ed,Auckland Region,Tāmaki Herenga Tāngata,Auckland- Rodney,Te Tai Raro,280,141.0,139.0,0.0,97,20,5,124,20,11
2025,767,Nukumea Primary School - Te Kura Tuatahi O Nukumea,Contributing,State: Not integrated,Co-Ed,Auckland Region,Tāmaki Herenga Tāngata,Auckland- Hibiscus and Bays,Te Tai Raro,72,41.0,31.0,0.0,29,3,4,18,12,6
2025,77,Bethlehem College,Composite (Year 1-15),State: Integrated,Co-Ed,Bay of Plenty Region,"Bay of Plenty, Waiariki",Tauranga City,Te Tai Whenua,2031,921.0,1110.0,0.0,1171,206,47,371,99,27
2025,774,Matua Ngaru School,Full Primary,State: Not integrated,Co-Ed,Auckland Region,Tāmaki Herenga Tāngata,Auckland- Rodney,Te Tai Raro,543,274.0,269.0,0.0,248,82,50,129,32,2
2025,779,Fossil Bay School,Full Primary,Private: Fully Reg.,Co-Ed,Auckland Region,Tāmaki Herenga Manawa,Auckland- Waiheke,Te Tai Raro,15,8.0,7.0,0.0,11,1,1,0,1,1
2025,78,Avondale College,Secondary (Year 9-15),State: Not integrated,Co-Ed,Auckland Region,Tāmaki Herenga Manawa,Auckland- Whau,Te Tai Raro,2785,1368.0,1417.0,0.0,420,321,635,1045,268,0
2025,780,Te Ao Mārama School,Contributing,State: Not integrated,Co-Ed,Waikato Region,Waikato,Hamilton City,Te Tai Whenua,493,261.0,232.0,0.0,173,61,16,217,25,0
2025,781,Jireh Christian School,Full Primary,State: Integrated,Co-Ed,Auckland Region,Tāmaki Herenga Manawa,Auckland- Whau,Te Tai Raro,291,155.0,136.0,0.0,39,9,42,144,54,2
2025,787,Auckland Montessori College,Secondary (Year 7-15),Private: Fully Reg.,Co-Ed,Auckland Region,Tāmaki Herenga Manawa,Auckland- Maungakiekie-Tāmaki,Te Tai Raro,36,25.0,11.0,0.0,22,2,2,5,2,3
2025,79,Edgewater College,Secondary (Year 9-15),State: Not integrated,Co-Ed,Auckland Region,Tāmaki Herenga Manawa,Auckland- Howick,Te Tai Raro,644,350.0,,,39,147,233,200,24,1
2025,8,Bay of Islands College,Secondary (Year 9-15),State: Not integrated,Co-Ed,Northland Region,Tai Tokerau,Far North District,Te Tai Raro,497,271.0,226.0,0.0,46,430,11,8,1,1
2025,80,Pakuranga College,Secondary (Year 9-15),State: Not integrated,Co-Ed,Auckland Region,Tāmaki Herenga Manawa,Auckland- Howick,Te Tai Raro,2218,1136.0,,,683,194,198,898,83,34
2025,81,Saint Kentigern College,Secondary (Year 7-15),Private: Fully Reg.,Co-Ed,Auckland Region,Tāmaki Herenga Manawa,Auckland- Howick,Te Tai Raro,2345,1356.0,989.0,0.0,1304,143,84,764,18,5
2025,82,Aidanfield Christian School,Composite (Year 1-15),State: Integrated,Co-Ed,Canterbury Region,Canterbury and Chatham Islands,Christchurch City,Te Tai Runga,461,223.0,238.0,0.0,183,30,14,177,23,10
2025,83,Kelston Boys' High School,Secondary (Year 9-15),State: Not integrated,Single Sex-Boys,Auckland Region,Tāmaki Herenga Tāngata,Auckland- Whau,Te Tai Raro,801,801.0,0.0,0.0,15,200,474,94,13,2
2025,84,Kelston Girls' College,Secondary (Year 9-15),State: Not integrated,Single Sex-Girls,Auckland Region,Tāmaki Herenga Tāngata,Auckland- Whau,Te Tai Raro,585,0.0,585.0,0.0,10,82,305,159,29,0
2025,840,Central Auckland Specialist School,Specialist School,State: Not integrated,Co-Ed,Auckland Region,Tāmaki Herenga Manawa,Auckland- Puketāpapa,Te Tai Raro,241,174.0,67.0,0.0,25,44,73,77,20,2
2025,846,Suzanne Aubert Catholic School,Contributing,State: Integrated,Co-Ed,Bay of Plenty Region,"Bay of Plenty, Waiariki",Tauranga City,Te Tai Whenua,200,101.0,99.0,0.0,124,28,8,24,15,1
2025,847,AGE School,Composite (Year 1-15),Private: Fully Reg.,Co-Ed,Auckland Region,Tāmaki Herenga Tāngata,Auckland- Devonport-Takapuna,Te Tai Raro,63,46.0,17.0,0.0,58,1,0,4,0,0
2025,85,One Tree Hill College,Secondary (Year 9-15),State: Not integrated,Co-Ed,Auckland Region,Tāmaki Herenga Manawa,Auckland- Maungakiekie-Tāmaki,Te Tai Raro,1479,786.0,,,171,270,382,579,51,5
2025,854,Vanguard Military School,Secondary (Year 9-15),State: Not integrated,Co-Ed,Auckland Region,Tāmaki Herenga Tāngata,Auckland- Upper Harbour,Te Tai Raro,172,105.0,67.0,0.0,90,48,22,10,1,1
2025,86,Onehunga High School,Secondary (Year 9-15),State: Not integrated,Co-Ed,Auckland Region,Tāmaki Herenga Manawa,Auckland- Maungakiekie-Tāmaki,Te Tai Raro,1035,553.0,477.0,5.0,201,207,427,160,28,2
2025,87,Howick College,Secondary (Year 9-15),State: Not integrated,Co-Ed,Auckland Region,Tāmaki Herenga Manawa,Auckland- Howick,Te Tai Raro,2158,1105.0,1046.0,7.0,1035,329,203,477,55,25
2025,871,Te Rangihakahaka Centre for Science and Technology,Composite (Year 1-15),State: Not integrated,Co-Ed,Bay of Plenty Region,"Bay of Plenty, Waiariki",Rotorua District,Te Tai Whenua,95,59.0,36.0,0.0,0,95,0,0,0,0
2025,872,Te Kōpuku High,Secondary (Year 7-15),State: Not integrated,Co-Ed,Waikato Region,Waikato,Hamilton City,Te Tai Whenua,367,207.0,160.0,0.0,8,357,2,0,0,0
2025,873,Te Aratika Academy,Secondary (Year 9-15),State: Not integrated,Single Sex-Boys,Hawkes Bay Region,"Hawke's Bay, Tairawhiti",Hastings District,Te Tai Whenua,62,62.0,0.0,0.0,2,59,0,1,0,0
2025,874,Pacific Advance Secondary School,Secondary (Year 9-15),State: Not integrated,Co-Ed,Auckland Region,Tāmaki Herenga Waka,Auckland- Māngere-Ōtāhuhu,Te Tai Raro,145,91.0,54.0,0.0,0,24,112,9,0,0
2025,876,South Auckland Middle School,Secondary (Year 7-15),State: Not integrated,Co-Ed,Auckland Region,Tāmaki Herenga Waka,Auckland- Manurewa,Te Tai Raro,179,96.0,83.0,0.0,12,43,91,27,3,3
2025,877,Middle School West Auckland,Secondary (Year 7-15),State: Not integrated,Co-Ed,Auckland Region,Tāmaki Herenga Tāngata,Auckland- Henderson-Massey,Te Tai Raro,155,84.0,71.0,0.0,23,68,40,17,7,0
2025,878,Te Wharekura o Ngāti Rongomai,Composite (Year 1-15),State: Not integrated,Co-Ed,Bay of Plenty Region,"Bay of Plenty, Waiariki",Rotorua District,Te Tai Whenua,113,46.0,67.0,0.0,0,113,0,0,0,0
2025,879,Rise UP Academy,Full Primary,State: Not integrated,Co-Ed,Auckland Region,Tāmaki Herenga Waka,Auckland- Māngere-Ōtāhuhu,Te Tai Raro,90,44.0,46.0,0.0,0,24,64,2,0,0
2025,88,Otahuhu College,Secondary (Year 9-15),State: Not integrated,Co-Ed,Auckland Region,Tāmaki Herenga Waka,Auckland- Māngere-Ōtāhuhu,Te Tai Raro,1167,641.0,,,8,177,697,269,16,0
2025,880,Waatea School,Full Primary,State: Integrated,Co-Ed,Auckland Region,Tāmaki Herenga Waka,Auckland- Māngere-Ōtāhuhu,Te Tai Raro,72,37.0,35.0,0.0,1,55,14,0,2,0
2025,881,Tūranga Tangata Rite,Secondary (Year 9-15),State: Integrated,Co-Ed,Gisborne Region,"Hawke's Bay, Tairawhiti",Gisborne District,Te Tai Whenua,24,15.0,9.0,0.0,0,24,0,0,0,0
2025,89,King's College,Secondary (Year 9-15),Private: Fully Reg.,"Sen.Co-Ed, Jun.Boys",Auckland Region,Tāmaki Herenga Waka,Auckland- Māngere-Ōtāhuhu,Te Tai Raro,1197,911.0,286.0,0.0,632,146,76,277,13,10
2025,9,Northland College,Secondary (Year 9-15),State: Not integrated,Co-Ed,Northland Region,Tai Tokerau,Far North District,Te Tai Raro,283,144.0,139.0,0.0,5,266,5,6,1,0
2025,90,McAuley High School,Secondary (Year 9-15),State: Integrated,Single Sex-Girls,Auckland Region,Tāmaki Herenga Waka,Auckland- Māngere-Ōtāhuhu,Te Tai Raro,786,0.0,786.0,0.0,4,31,705,37,9,0
2025,900,A1 Student School,Composite (Year 1-15),Private: Fully Reg.,Co-Ed,Auckland Region,Tāmaki Herenga Manawa,Auckland- Ōrākei,Te Tai Raro,20,12.0,8.0,0.0,15,1,1,3,0,0
2025,902,Auckland Senior College,Secondary (Year 9-15),Private: Prov.Reg.,Co-Ed,Auckland Region,Tāmaki Herenga Manawa,Auckland- Waitematā,Te Tai Raro,0,0.0,0.0,0.0,0,0,0,0,0,0
2025,903,Ko Taku Reo - Deaf Education New Zealand,Specialist School,State: Not integrated,Co-Ed,Canterbury Region,Tāmaki Herenga Tāngata,Christchurch City,Te Tai Raro,113,62.0,51.0,0.0,20,43,32,12,4,2
2025,904,Green School New Zealand,Composite (Year 1-15),Private: Fully Reg.,Co-Ed,Taranaki Region,"Taranaki, Whanganui, Manawatu",New Plymouth District,Te Tai Whenua,95,44.0,51.0,0.0,50,9,1,3,2,3
2025,91,Mangere College,Secondary (Year 9-15),State: Not integrated,Co-Ed,Auckland Region,Tāmaki Herenga Waka,Auckland- Māngere-Ōtāhuhu,Te Tai Raro,788,391.0,397.0,0.0,0,146,577,56,6,3
2025,921,Crimson Global Academy,Secondary (Year 9-15),Private: Fully Reg.,Co-Ed,Auckland Region,Tāmaki Herenga Manawa,Auckland- Waitematā,Te Tai Raro,69,25.0,44.0,0.0,36,6,3,17,5,2
2025,93,Auckland Seventh-Day Adventist H S,Secondary (Year 9-15),State: Integrated,Co-Ed,Auckland Region,Tāmaki Herenga Waka,Auckland- Māngere-Ōtāhuhu,Te Tai Raro,327,180.0,147.0,0.0,2,25,267,27,3,3
2025,932,Te Kura ā Iwi o Pawarenga,Full Primary,State: Not integrated,Co-Ed,Northland Region,Tai Tokerau,Far North District,Te Tai Raro,10,8.0,2.0,0.0,0,10,0,0,0,0
2025,94,De La Salle College,Secondary (Year 7-15),State: Integrated,Single Sex-Boys,Auckland Region,Tāmaki Herenga Waka,Auckland- Ōtara-Papatoetoe,Te Tai Raro,982,982.0,0.0,0.0,0,92,852,34,2,2
2025,941,Iqra School,Composite (Year 1-15),State: Integrated,Co-Ed,Auckland Region,Tāmaki Herenga Tāngata,Auckland- Whau,Te Tai Raro,223,95.0,128.0,0.0,0,0,4,105,106,8
2025,946,Motueka Steiner School,Full Primary,State: Integrated,Co-Ed,Tasman Region,"Nelson, Marlborough, West Coast",Tasman District,Te Tai Runga,92,46.0,46.0,0.0,62,19,2,5,2,1
2025,949,St Ignatius of Loyola Catholic College,Secondary (Year 7-15),State: Integrated,Co-Ed,Auckland Region,Tāmaki Herenga Waka,Auckland- Franklin,Te Tai Raro,471,224.0,247.0,0.0,194,50,62,134,23,6
2025,95,Papatoetoe High School,Secondary (Year 9-15),State: Not integrated,Co-Ed,Auckland Region,Tāmaki Herenga Waka,Auckland- Ōtara-Papatoetoe,Te Tai Raro,1750,925.0,825.0,0.0,37,256,475,949,19,2
2025,956,Harvest Christian School,Full Primary,State: Integrated,Co-Ed,Northland Region,Tai Tokerau,Far North District,Te Tai Raro,69,34.0,35.0,0.0,51,11,1,2,4,0
2025,958,Liger Leadership Academy,Composite (Year 1-15),Private: Fully Reg.,Co-Ed,Otago Region,"Otago, Southland",Queenstown-Lakes District,Te Tai Runga,51,29.0,22.0,0.0,34,4,1,5,6,1
2025,96,Aorere College,Secondary (Year 9-15),State: Not integrated,Co-Ed,Auckland Region,Tāmaki Herenga Waka,Auckland- Ōtara-Papatoetoe,Te Tai Raro,1712,906.0,,,26,312,776,576,8,1
2025,960,TKKM o Tūtūtarakihi,Full Primary,State: Not integrated,Co-Ed,Northland Region,Tai Tokerau,Far North District,Te Tai Raro,36,17.0,19.0,0.0,0,36,0,0,0,0
2025,961,Te Paepae o Aotea,Secondary (Year 7-15),State: Not integrated,Co-Ed,Taranaki Region,"Taranaki, Whanganui, Manawatu",South Taranaki District,Te Tai Whenua,903,474.0,,,425,402,23,42,7,4
2025,97,Sir Edmund Hillary Collegiate Senior School,Secondary (Year 9-15),State: Not integrated,Co-Ed,Auckland Region,Tāmaki Herenga Waka,Auckland- Ōtara-Papatoetoe,Te Tai Raro,630,,316.0,,3,111,510,6,0,0
2025,99,Manurewa High School,Secondary (Year 9-15),State: Not integrated,Co-Ed,Auckland Region,Tāmaki Herenga Waka,Auckland- Manurewa,Te Tai Raro,2268,1167.0,,,40,611,1195,393,25,3
