teacher_year,school_id,school_name,teacher_headcount,teacher_ftte,school_type,school_authority,local_office,education_region,regional_council,territorial_authority
2024,1,Te Kura o Te Kao,6.0,4.6978,Composite (Year 1-15),State,Whangarei Office,Tai Tokerau,Northland Region,Far North District
2024,2,Taipa Area School,39.0,34.3149,Composite (Year 1-15),State,Whangarei Office,Tai Tokerau,Northland Region,Far North District
2024,3,Kaitaia College,87.0,73.52930000000002,Secondary (Year 9-15),State,Whangarei Office,Tai Tokerau,Northland Region,Far North District
2024,4,Whangaroa College,16.0,14.0931,Secondary (Year 7-15),State,Whangarei Office,Tai Tokerau,Northland Region,Far North District
2024,5,Kerikeri High School,112.0,106.08830000000002,Secondary (Year 7-15),State,Whangarei Office,Tai Tokerau,Northland Region,Far North District
2024,6,Broadwood Area School,15.0,13.9317,Composite (Year 1-15),State,Whangarei Office,Tai Tokerau,Northland Region,Far North District
2024,7,Okaihau College,30.0,30.2728,Secondary (Year 7-15),State,Whangarei Office,Tai Tokerau,Northland Region,Far North District
2024,8,Bay of Islands College,36.0,37.896800000000006,Secondary (Year 9-15),State,Whangarei Office,Tai Tokerau,Northland Region,Far North District
2024,9,Northland College,33.0,28.3256,Secondary (Year 9-15),State,Whangarei Office,Tai Tokerau,Northland Region,Far North District
2024,10,Te Kura Taumata o Panguru,15.0,13.4177,Composite (Year 1-15),State,Whangarei Office,Tai Tokerau,Northland Region,Far North District
2024,11,Opononi Area School,23.0,16.361,Composite (Year 1-15),State,Whangarei Office,Tai Tokerau,Northland Region,Far North District
2024,12,Tauraroa Area School,47.0,39.04729999999999,Composite (Year 1-15),State,Whangarei Office,Tai Tokerau,Northland Region,Whangarei District
2024,13,Te Kamo High School,58.0,53.0696,Secondary (Year 9-15),State,Whangarei Office,Tai Tokerau,Northland Region,Whangarei District
2024,14,Tikipunga High School,34.0,31.047700000000003,Secondary (Year 7-15),State,Whangarei Office,Tai Tokerau,Northland Region,Whangarei District
2024,15,Whangārei Boys' High School,104.0,91.3294,Secondary (Year 9-15),State,Whangarei Office,Tai Tokerau,Northland Region,Whangarei District
2024,16,Whangārei Girls’ High School,127.0,118.4002,Secondary (Year 9-15),State,Whangarei Office,Tai Tokerau,Northland Region,Whangarei District
2024,17,Pompallier Catholic College,50.0,48.77879999999999,Secondary (Year 7-15),State : Integrated,Whangarei Office,Tai Tokerau,Northland Region,Whangarei District
2024,18,Mangakahia Area School,13.0,11.5078,Composite (Year 1-15),State,Whangarei Office,Tai Tokerau,Northland Region,Whangarei District
2024,19,Dargaville High School,50.0,40.2404,Secondary (Year 9-15),State,Whangarei Office,Tai Tokerau,Northland Region,Kaipara District
2024,20,Bream Bay College,54.0,48.81589999999999,Secondary (Year 7-15),State,Whangarei Office,Tai Tokerau,Northland Region,Whangarei District
2024,21,Otamatea High School,61.0,52.51969999999999,Secondary (Year 7-15),State,Whangarei Office,Tai Tokerau,Northland Region,Kaipara District
2024,22,Ruawai College,21.0,17.622300000000003,Secondary (Year 7-15),State,Whangarei Office,Tai Tokerau,Northland Region,Kaipara District
2024,23,Rodney College,35.0,29.652500000000003,Secondary (Year 9-15),State,Auckland Office,Tāmaki Herenga Tāngata,Auckland Region,Auckland
2024,24,Mahurangi College,114.0,96.0291,Secondary (Year 7-15),State,Auckland Office,Tāmaki Herenga Tāngata,Auckland Region,Auckland
2024,25,Orewa College,151.0,133.02409999999998,Secondary (Year 7-15),State,Auckland Office,Tāmaki Herenga Tāngata,Auckland Region,Auckland
2024,26,Kaipara College,69.0,59.1545,Secondary (Year 9-15),State,Auckland Office,Tāmaki Herenga Tāngata,Auckland Region,Auckland
2024,27,Long Bay College,125.0,105.53430000000004,Secondary (Year 9-15),State,Auckland Office,Tāmaki Herenga Tāngata,Auckland Region,Auckland
2024,28,Rangitoto College,252.0,233.5889,Secondary (Year 9-15),State,Auckland Office,Tāmaki Herenga Tāngata,Auckland Region,Auckland
2024,30,Glenfield College,53.0,47.994600000000005,Secondary (Year 9-15),State,Auckland Office,Tāmaki Herenga Tāngata,Auckland Region,Auckland
2024,31,Birkenhead College,43.0,38.9908,Secondary (Year 9-15),State,Auckland Office,Tāmaki Herenga Tāngata,Auckland Region,Auckland
2024,32,Northcote College,106.0,94.312,Secondary (Year 9-15),State,Auckland Office,Tāmaki Herenga Tāngata,Auckland Region,Auckland
2024,35,Carmel College,77.0,66.96999999999998,Secondary (Year 7-15),State : Integrated,Auckland Office,Tāmaki Herenga Tāngata,Auckland Region,Auckland
2024,36,Takapuna Grammar School,151.0,129.44840000000002,Secondary (Year 9-15),State,Auckland Office,Tāmaki Herenga Tāngata,Auckland Region,Auckland
2024,37,Westlake Boys High School,188.0,165.7622,Secondary (Year 9-15),State,Auckland Office,Tāmaki Herenga Tāngata,Auckland Region,Auckland
2024,38,Westlake Girls' High School,166.0,144.4825,Secondary (Year 9-15),State,Auckland Office,Tāmaki Herenga Tāngata,Auckland Region,Auckland
2024,39,Rosmini College,88.0,76.8514,Secondary (Year 7-15),State : Integrated,Auckland Office,Tāmaki Herenga Tāngata,Auckland Region,Auckland
2024,40,Rutherford College,112.0,99.9955,Secondary (Year 9-15),State,Auckland Office,Tāmaki Herenga Tāngata,Auckland Region,Auckland
2024,41,Macleans College,219.0,186.3158,Secondary (Year 9-15),State,Auckland Office,Tāmaki Herenga Manawa,Auckland Region,Auckland
2024,42,Green Bay High School,121.0,107.49920000000002,Secondary (Year 9-15),State,Auckland Office,Tāmaki Herenga Tāngata,Auckland Region,Auckland
2024,43,Massey High School,129.0,111.5626,Secondary (Year 9-15),State,Auckland Office,Tāmaki Herenga Tāngata,Auckland Region,Auckland
2024,44,Waitakere College,138.0,119.4239,Secondary (Year 9-15),State,Auckland Office,Tāmaki Herenga Tāngata,Auckland Region,Auckland
2024,45,Henderson High School,84.0,71.50910000000002,Secondary (Year 9-15),State,Auckland Office,Tāmaki Herenga Tāngata,Auckland Region,Auckland
2024,46,Liston College,59.0,51.8125,Secondary (Year 7-15),State : Integrated,Auckland Office,Tāmaki Herenga Tāngata,Auckland Region,Auckland
2024,47,St Dominic's Catholic College (Henderson),71.0,57.2957,Secondary (Year 7-15),State : Integrated,Auckland Office,Tāmaki Herenga Tāngata,Auckland Region,Auckland
2024,48,Western Springs College-Ngā Puna o Waiōrea,144.0,124.1338,Secondary (Year 9-15),State,Auckland Office,Tāmaki Herenga Manawa,Auckland Region,Auckland
2024,49,Selwyn College,120.0,101.2732,Secondary (Year 9-15),State,Auckland Office,Tāmaki Herenga Manawa,Auckland Region,Auckland
2024,50,St Mary's College (Ponsonby),100.0,73.79419999999999,Secondary (Year 7-15),State : Integrated,Auckland Office,Tāmaki Herenga Manawa,Auckland Region,Auckland
2024,51,St Paul's College (Ponsonby),35.0,31.6009,Secondary (Year 7-15),State : Integrated,Auckland Office,Tāmaki Herenga Manawa,Auckland Region,Auckland
2024,53,Auckland Girls' Grammar School,76.0,70.74669999999999,Secondary (Year 9-15),State,Auckland Office,Tāmaki Herenga Manawa,Auckland Region,Auckland
2024,54,Auckland Grammar School,180.0,158.86280000000005,Secondary (Year 9-15),State,Auckland Office,Tāmaki Herenga Manawa,Auckland Region,Auckland
2024,57,Tamaki College,61.0,57.0474,Secondary (Year 9-15),State,Auckland Office,Tāmaki Herenga Manawa,Auckland Region,Auckland
2024,58,Tangaroa College,63.0,58.8059,Secondary (Year 9-15),State,Auckland Office,Tāmaki Herenga Waka,Auckland Region,Auckland
2024,59,Sacred Heart College (Auckland),113.0,93.46349999999998,Secondary (Year 7-15),State : Integrated,Auckland Office,Tāmaki Herenga Manawa,Auckland Region,Auckland
2024,61,Baradene College,118.0,97.49009999999998,Secondary (Year 7-15),State : Integrated,Auckland Office,Tāmaki Herenga Manawa,Auckland Region,Auckland
2024,62,St Peter's College (Epsom),100.0,89.2275,Secondary (Year 7-15),State : Integrated,Auckland Office,Tāmaki Herenga Manawa,Auckland Region,Auckland
2024,63,Marcellin College,53.0,48.4252,Secondary (Year 7-15),State : Integrated,Auckland Office,Tāmaki Herenga Manawa,Auckland Region,Auckland
2024,64,Epsom Girls Grammar School,177.0,146.74970000000002,Secondary (Year 9-15),State,Auckland Office,Tāmaki Herenga Manawa,Auckland Region,Auckland
2024,65,Glendowie College,88.0,79.88110000000002,Secondary (Year 9-15),State,Auckland Office,Tāmaki Herenga Manawa,Auckland Region,Auckland
2024,69,Mt Albert Grammar School,226.0,198.9226,Secondary (Year 9-15),State,Auckland Office,Tāmaki Herenga Manawa,Auckland Region,Auckland
2024,70,Marist College,58.0,55.61119999999999,Secondary (Year 7-15),State : Integrated,Auckland Office,Tāmaki Herenga Manawa,Auckland Region,Auckland
2024,74,Mt Roskill Grammar,153.0,131.4548,Secondary (Year 9-15),State,Auckland Office,Tāmaki Herenga Manawa,Auckland Region,Auckland
2024,75,Lynfield College,141.0,123.0617,Secondary (Year 9-15),State,Auckland Office,Tāmaki Herenga Manawa,Auckland Region,Auckland
2024,77,Bethlehem College,149.0,127.3186,Composite (Year 1-15),State : Integrated,Rotorua Office,Bay of Plenty/Waiariki,Bay of Plenty Region,Tauranga City
2024,78,Avondale College,195.0,168.37189999999995,Secondary (Year 9-15),State,Auckland Office,Tāmaki Herenga Manawa,Auckland Region,Auckland
2024,79,Edgewater College,62.0,53.5823,Secondary (Year 9-15),State,Auckland Office,Tāmaki Herenga Manawa,Auckland Region,Auckland
2024,80,Pakuranga College,157.0,139.04550000000003,Secondary (Year 9-15),State,Auckland Office,Tāmaki Herenga Manawa,Auckland Region,Auckland
2024,82,Aidanfield Christian School,36.0,29.118700000000004,Composite (Year 1-15),State : Integrated,Christchurch Office,Canterbury/Chatham Islands,Canterbury Region,Christchurch City
2024,83,Kelston Boys' High School,59.0,52.0255,Secondary (Year 9-15),State,Auckland Office,Tāmaki Herenga Tāngata,Auckland Region,Auckland
2024,84,Kelston Girls' College,53.0,44.31199999999999,Secondary (Year 9-15),State,Auckland Office,Tāmaki Herenga Tāngata,Auckland Region,Auckland
2024,85,One Tree Hill College,109.0,89.00720000000001,Secondary (Year 9-15),State,Auckland Office,Tāmaki Herenga Manawa,Auckland Region,Auckland
2024,86,Onehunga High School,78.0,67.30559999999998,Secondary (Year 9-15),State,Auckland Office,Tāmaki Herenga Manawa,Auckland Region,Auckland
2024,87,Howick College,144.0,135.0181,Secondary (Year 9-15),State,Auckland Office,Tāmaki Herenga Manawa,Auckland Region,Auckland
2024,88,Otahuhu College,88.0,78.3822,Secondary (Year 9-15),State,Auckland Office,Tāmaki Herenga Waka,Auckland Region,Auckland
2024,90,McAuley High School,57.0,52.290600000000005,Secondary (Year 9-15),State : Integrated,Auckland Office,Tāmaki Herenga Waka,Auckland Region,Auckland
2024,91,Mangere College,63.0,57.56009999999999,Secondary (Year 9-15),State,Auckland Office,Tāmaki Herenga Waka,Auckland Region,Auckland
2024,93,Auckland Seventh-Day Adventist H S,29.0,25.9263,Secondary (Year 9-15),State : Integrated,Auckland Office,Tāmaki Herenga Waka,Auckland Region,Auckland
2024,94,De La Salle College,71.0,64.8336,Secondary (Year 7-15),State : Integrated,Auckland Office,Tāmaki Herenga Waka,Auckland Region,Auckland
2024,95,Papatoetoe High School,108.0,100.6561,Secondary (Year 9-15),State,Auckland Office,Tāmaki Herenga Waka,Auckland Region,Auckland
2024,96,Aorere College,122.0,113.2677,Secondary (Year 9-15),State,Auckland Office,Tāmaki Herenga Waka,Auckland Region,Auckland
2024,97,Sir Edmund Hillary Collegiate Senior School,48.0,41.301,Secondary (Year 9-15),State,Auckland Office,Tāmaki Herenga Waka,Auckland Region,Auckland
2024,99,Manurewa High School,149.0,133.63670000000002,Secondary (Year 9-15),State,Auckland Office,Tāmaki Herenga Waka,Auckland Region,Auckland
2024,100,James Cook High School,105.0,98.761,Secondary (Year 9-15),State,Auckland Office,Tāmaki Herenga Waka,Auckland Region,Auckland
2024,101,Papakura High School,78.0,69.965,Secondary (Year 9-15),State,Auckland Office,Tāmaki Herenga Waka,Auckland Region,Auckland
2024,102,Rosehill College,124.0,109.3687,Secondary (Year 9-15),State,Auckland Office,Tāmaki Herenga Waka,Auckland Region,Auckland
2024,103,Pukekohe High School,131.0,116.6523,Secondary (Year 9-15),State,Auckland Office,Tāmaki Herenga Waka,Auckland Region,Auckland
2024,104,Wesley College,37.0,31.8688,Secondary (Year 7-15),State : Integrated,Auckland Office,Tāmaki Herenga Waka,Auckland Region,Auckland
2024,105,Waiuku College,71.0,61.400000000000006,Secondary (Year 9-15),State,Auckland Office,Tāmaki Herenga Waka,Auckland Region,Auckland
2024,106,Tuakau College,83.0,73.96699999999998,Secondary (Year 7-15),State,Auckland Office,Tāmaki Herenga Waka,Waikato Region,Waikato District
2024,108,Onewhero Area School,34.0,32.8331,Composite (Year 1-15),State,Auckland Office,Tāmaki Herenga Waka,Waikato Region,Waikato District
2024,109,Coromandel Area School,30.0,22.7011,Composite (Year 1-15),State,Hamilton Office,Waikato,Waikato Region,Thames-Coromandel District
2024,110,Mercury Bay Area School,71.0,63.6236,Composite (Year 1-15),State,Hamilton Office,Waikato,Waikato Region,Thames-Coromandel District
2024,111,Thames High School,42.0,38.8584,Secondary (Year 9-15),State,Hamilton Office,Waikato,Waikato Region,Thames-Coromandel District
2024,112,Hauraki Plains College,65.0,60.7948,Secondary (Year 9-15),State,Hamilton Office,Waikato,Waikato Region,Hauraki District
2024,113,Paeroa College,54.0,45.551100000000005,Secondary (Year 9-15),State,Hamilton Office,Waikato,Waikato Region,Hauraki District
2024,114,Waihi College,57.0,48.8246,Secondary (Year 7-15),State,Hamilton Office,Waikato,Waikato Region,Hauraki District
2024,115,Te Kauwhata College,41.0,41.2829,Secondary (Year 7-15),State,Hamilton Office,Waikato,Waikato Region,Waikato District
2024,116,Te Aroha College,39.0,37.2028,Secondary (Year 9-15),State,Hamilton Office,Waikato,Waikato Region,Matamata-Piako District
2024,117,Katikati College,60.0,55.54219999999999,Secondary (Year 7-15),State,Rotorua Office,Bay of Plenty/Waiariki,Bay of Plenty Region,Western Bay of Plenty District
2024,118,Mount Maunganui College,123.0,113.0555,Secondary (Year 9-15),State,Rotorua Office,Bay of Plenty/Waiariki,Bay of Plenty Region,Tauranga City
2024,119,Huntly College,23.0,20.2659,Secondary (Year 9-15),State,Hamilton Office,Waikato,Waikato Region,Waikato District
2024,120,Ōtūmoetai College,156.0,136.60719999999995,Secondary (Year 9-15),State,Rotorua Office,Bay of Plenty/Waiariki,Bay of Plenty Region,Tauranga City
2024,121,Tauranga Boys' College,162.0,143.74720000000002,Secondary (Year 9-15),State,Rotorua Office,Bay of Plenty/Waiariki,Bay of Plenty Region,Tauranga City
2024,122,Tauranga Girls' College,120.0,96.73319999999998,Secondary (Year 9-15),State,Rotorua Office,Bay of Plenty/Waiariki,Bay of Plenty Region,Tauranga City
2024,123,Te Puke High School,93.0,75.27279999999999,Secondary (Year 9-15),State,Rotorua Office,Bay of Plenty/Waiariki,Bay of Plenty Region,Western Bay of Plenty District
2024,124,Matamata College,59.0,53.87050000000001,Secondary (Year 9-15),State,Hamilton Office,Waikato,Waikato Region,Matamata-Piako District
2024,125,Raglan Area School,55.0,44.8945,Composite (Year 1-15),State,Hamilton Office,Waikato,Waikato Region,Waikato District
2024,126,Morrinsville College,63.0,54.61230000000001,Secondary (Year 9-15),State,Hamilton Office,Waikato,Waikato Region,Matamata-Piako District
2024,127,Ngaruawahia High School,23.0,22.7215,Secondary (Year 9-15),State,Hamilton Office,Waikato,Waikato Region,Waikato District
2024,129,Fairfield College,74.0,71.2179,Secondary (Year 9-15),State,Hamilton Office,Waikato,Waikato Region,Hamilton City
2024,131,Hamilton Boys' High School,152.0,139.45610000000002,Secondary (Year 9-15),State,Hamilton Office,Waikato,Waikato Region,Hamilton City
2024,132,Hamilton Girls' High School,118.0,107.6895,Secondary (Year 9-15),State,Hamilton Office,Waikato,Waikato Region,Hamilton City
2024,133,Raphael House Rudolf Steiner Area School,32.0,25.585400000000003,Composite (Year 1-15),State : Integrated,Lower Hutt Office,Wellington,Wellington Region,Lower Hutt City
2024,134,Flaxmere College,32.0,31.102,Secondary (Year 7-15),State,Napier Office,Hawke's Bay/Tairāwhiti,Hawke's Bay Region,Hastings District
2024,135,Fraser High School,105.0,98.59749999999998,Secondary (Year 9-15),State,Hamilton Office,Waikato,Waikato Region,Hamilton City
2024,136,St John's College (Hillcrest),67.0,66.11080000000001,Secondary (Year 9-15),State : Integrated,Hamilton Office,Waikato,Waikato Region,Hamilton City
2024,138,Hillcrest High School,142.0,122.50910000000005,Secondary (Year 9-15),State,Hamilton Office,Waikato,Waikato Region,Hamilton City
2024,139,Sacred Heart Girls' College (Ham),84.0,74.59450000000001,Secondary (Year 9-15),State : Integrated,Hamilton Office,Waikato,Waikato Region,Hamilton City
2024,140,Waikato Diocesan School For Girls,95.0,79.02290000000002,Secondary (Year 9-15),State : Integrated,Hamilton Office,Waikato,Waikato Region,Hamilton City
2024,142,Cambridge High School,134.0,118.34990000000002,Secondary (Year 9-15),State,Hamilton Office,Waikato,Waikato Region,Waipa District
2024,143,Trident High School,81.0,68.0962,Secondary (Year 9-15),State,Rotorua Office,Bay of Plenty/Waiariki,Bay of Plenty Region,Whakatane District
2024,144,Whakatane High School,100.0,86.6334,Secondary (Year 9-15),State,Rotorua Office,Bay of Plenty/Waiariki,Bay of Plenty Region,Whakatane District
2024,145,Rangitaiki College – Te Kura Tuarua o Rangitaiki,29.0,20.8997,Secondary (Year 9-15),State,Rotorua Office,Bay of Plenty/Waiariki,Bay of Plenty Region,Whakatane District
2024,146,Te Awamutu College,89.0,81.84500000000003,Secondary (Year 9-15),State,Hamilton Office,Waikato,Waikato Region,Waipa District
2024,148,Opotiki College,33.0,29.5208,Secondary (Year 9-15),State,Rotorua Office,Bay of Plenty/Waiariki,Bay of Plenty Region,Ōpōtiki District
2024,151,Western Heights High School,86.0,82.38799999999999,Secondary (Year 9-15),State,Rotorua Office,Bay of Plenty/Waiariki,Bay of Plenty Region,Rotorua District
2024,152,Rotorua Boys' High School,92.0,82.36540000000004,Secondary (Year 9-15),State,Rotorua Office,Bay of Plenty/Waiariki,Bay of Plenty Region,Rotorua District
2024,153,Rotorua Girls' High School,71.0,61.34799999999999,Secondary (Year 9-15),State,Rotorua Office,Bay of Plenty/Waiariki,Bay of Plenty Region,Rotorua District
2024,154,Rotorua Lakes High School,95.0,89.00090000000003,Secondary (Year 9-15),State,Rotorua Office,Bay of Plenty/Waiariki,Bay of Plenty Region,Rotorua District
2024,157,Ōtorohanga College,28.0,28.420300000000005,Secondary (Year 9-15),State,Hamilton Office,Waikato,Waikato Region,Ōtorohanga District
2024,158,Tokoroa High School,42.0,39.73689999999999,Secondary (Year 9-15),State,Hamilton Office,Waikato,Waikato Region,South Waikato District
2024,159,Forest View High School,40.0,38.3241,Secondary (Year 9-15),State,Hamilton Office,Waikato,Waikato Region,South Waikato District
2024,160,Te Kuiti High School,29.0,27.0952,Secondary (Year 9-15),State,Hamilton Office,Waikato,Waikato Region,Waitomo District
2024,161,Benneydale School,4.0,2.722,Full Primary (Year 1-8),State,Hamilton Office,Waikato,Waikato Region,Waitomo District
2024,162,Piopio College,18.0,17.046499999999998,Secondary (Year 7-15),State,Hamilton Office,Waikato,Waikato Region,Waitomo District
2024,164,Reporoa College,22.0,21.2045,Secondary (Year 7-15),State,Rotorua Office,Bay of Plenty/Waiariki,Waikato Region,Rotorua District
2024,166,Tauhara College,56.0,51.13289999999999,Secondary (Year 9-15),State,Rotorua Office,Bay of Plenty/Waiariki,Waikato Region,Taupo District
2024,167,Taupo-nui-a-Tia College,94.0,80.4651,Secondary (Year 9-15),State,Rotorua Office,Bay of Plenty/Waiariki,Waikato Region,Taupo District
2024,169,Taumarunui High School,48.0,42.4539,Secondary (Year 9-15),State,Hamilton Office,Waikato,Manawatū-Whanganui Region,Ruapehu District
2024,170,Waitara High School,35.0,33.1561,Secondary (Year 9-15),State,Whanganui Office,Taranaki/Whanganui/Manawatū,Taranaki Region,New Plymouth District
2024,171,New Plymouth Boys' High School,135.0,118.88910000000004,Secondary (Year 9-15),State,Whanganui Office,Taranaki/Whanganui/Manawatū,Taranaki Region,New Plymouth District
2024,172,New Plymouth Girls' High School,103.0,87.5164,Secondary (Year 9-15),State,Whanganui Office,Taranaki/Whanganui/Manawatū,Taranaki Region,New Plymouth District
2024,173,Spotswood College,81.0,71.93419999999999,Secondary (Year 9-15),State,Whanganui Office,Taranaki/Whanganui/Manawatū,Taranaki Region,New Plymouth District
2024,174,Sacred Heart Girls' College (N Plymouth),59.0,49.7083,Secondary (Year 7-15),State : Integrated,Whanganui Office,Taranaki/Whanganui/Manawatū,Taranaki Region,New Plymouth District
2024,175,Francis Douglas Memorial College,59.0,52.4295,Secondary (Year 7-15),State : Integrated,Whanganui Office,Taranaki/Whanganui/Manawatū,Taranaki Region,New Plymouth District
2024,176,Ohura Valley Primary,2.0,1.5173,Full Primary (Year 1-8),State,Hamilton Office,Waikato,Manawatū-Whanganui Region,Ruapehu District
2024,177,Inglewood High School,52.0,44.0495,Secondary (Year 9-15),State,Whanganui Office,Taranaki/Whanganui/Manawatū,Taranaki Region,New Plymouth District
2024,179,Stratford High School,51.0,46.74570000000001,Secondary (Year 9-15),State,Whanganui Office,Taranaki/Whanganui/Manawatū,Taranaki Region,Stratford District
2024,180,Taranaki Diocesan School for Girls,18.0,15.1624,Secondary (Year 9-15),State : Integrated,Whanganui Office,Taranaki/Whanganui/Manawatū,Taranaki Region,Stratford District
2024,181,Opunake High School,36.0,30.660400000000003,Secondary (Year 9-15),State,Whanganui Office,Taranaki/Whanganui/Manawatū,Taranaki Region,South Taranaki District
2024,183,Ruapehu College,27.0,22.2678,Secondary (Year 9-15),State,Whanganui Office,Taranaki/Whanganui/Manawatū,Manawatū-Whanganui Region,Ruapehu District
2024,185,Patea Area School,20.0,15.9837,Composite (Year 1-15),State,Whanganui Office,Taranaki/Whanganui/Manawatū,Taranaki Region,South Taranaki District
2024,187,Whanganui City College,30.0,27.461099999999995,Secondary (Year 9-15),State,Whanganui Office,Taranaki/Whanganui/Manawatū,Manawatū-Whanganui Region,Whanganui District
2024,188,Whanganui Girls' College,41.0,33.3864,Secondary (Year 9-15),State,Whanganui Office,Taranaki/Whanganui/Manawatū,Manawatū-Whanganui Region,Whanganui District
2024,189,Whanganui High School,103.0,91.3208,Secondary (Year 9-15),State,Whanganui Office,Taranaki/Whanganui/Manawatū,Manawatū-Whanganui Region,Whanganui District
2024,190,Cullinane College,47.0,38.8939,Secondary (Year 9-15),State : Integrated,Whanganui Office,Taranaki/Whanganui/Manawatū,Manawatū-Whanganui Region,Whanganui District
2024,191,Longburn Adventist College,29.0,23.7591,Secondary (Year 7-15),State : Integrated,Whanganui Office,Taranaki/Whanganui/Manawatū,Manawatū-Whanganui Region,Palmerston North City
2024,192,Whanganui Collegiate School,48.0,41.9221,Secondary (Year 9-15),State : Integrated,Whanganui Office,Taranaki/Whanganui/Manawatū,Manawatū-Whanganui Region,Whanganui District
2024,195,Rangitīkei College,34.0,28.3164,Secondary (Year 9-15),State,Whanganui Office,Taranaki/Whanganui/Manawatū,Manawatū-Whanganui Region,Rangitikei District
2024,196,Nga Tawa Diocesan School,25.0,23.379,Secondary (Year 9-15),State : Integrated,Whanganui Office,Taranaki/Whanganui/Manawatū,Manawatū-Whanganui Region,Rangitikei District
2024,197,Feilding High School,122.0,104.9449,Secondary (Year 9-15),State,Whanganui Office,Taranaki/Whanganui/Manawatū,Manawatū-Whanganui Region,Manawatu District
2024,198,Awatapu College,83.0,71.2476,Secondary (Year 9-15),State,Whanganui Office,Taranaki/Whanganui/Manawatū,Manawatū-Whanganui Region,Palmerston North City
2024,199,Hato Paora College,16.0,13.4104,Secondary (Year 9-15),State : Integrated,Whanganui Office,Taranaki/Whanganui/Manawatū,Manawatū-Whanganui Region,Manawatu District
2024,200,Freyberg High School,155.0,130.34519999999998,Secondary (Year 9-15),State,Whanganui Office,Taranaki/Whanganui/Manawatū,Manawatū-Whanganui Region,Palmerston North City
2024,201,Queen Elizabeth College,30.0,27.8589,Secondary (Year 7-15),State,Whanganui Office,Taranaki/Whanganui/Manawatū,Manawatū-Whanganui Region,Palmerston North City
2024,202,Palmerston North Boys' High School,140.0,128.5519,Secondary (Year 9-15),State,Whanganui Office,Taranaki/Whanganui/Manawatū,Manawatū-Whanganui Region,Palmerston North City
2024,203,Palmerston North Girls' High School,95.0,83.91109999999999,Secondary (Year 9-15),State,Whanganui Office,Taranaki/Whanganui/Manawatū,Manawatū-Whanganui Region,Palmerston North City
2024,204,St Peter's College (Palmerston North),60.0,55.03869999999999,Secondary (Year 7-15),State : Integrated,Whanganui Office,Taranaki/Whanganui/Manawatū,Manawatū-Whanganui Region,Palmerston North City
2024,205,Manawatū College,30.0,27.9501,Secondary (Year 9-15),State,Lower Hutt Office,Wellington,Manawatū-Whanganui Region,Horowhenua District
2024,206,Ngata Memorial College,15.0,14.1616,Composite (Year 1-15),State,Napier Office,Hawke's Bay/Tairāwhiti,Gisborne Region,Gisborne District
2024,208,Lytton High School,69.0,64.1651,Secondary (Year 9-15),State,Napier Office,Hawke's Bay/Tairāwhiti,Gisborne Region,Gisborne District
2024,209,Gisborne Boys' High School,67.0,63.1973,Secondary (Year 9-15),State,Napier Office,Hawke's Bay/Tairāwhiti,Gisborne Region,Gisborne District
2024,210,Gisborne Girls' High School,98.0,86.63910000000001,Secondary (Year 9-15),State,Napier Office,Hawke's Bay/Tairāwhiti,Gisborne Region,Gisborne District
2024,211,Campion College,44.0,47.3965,Secondary (Year 7-15),State : Integrated,Napier Office,Hawke's Bay/Tairāwhiti,Gisborne Region,Gisborne District
2024,212,Tolaga Bay Area School,24.0,21.8352,Composite (Year 1-15),State,Napier Office,Hawke's Bay/Tairāwhiti,Gisborne Region,Gisborne District
2024,214,Wairoa College,43.0,35.299800000000005,Secondary (Year 7-15),State,Napier Office,Hawke's Bay/Tairāwhiti,Hawke's Bay Region,Wairoa District
2024,215,Taradale High School,83.0,71.3385,Secondary (Year 9-15),State,Napier Office,Hawke's Bay/Tairāwhiti,Hawke's Bay Region,Napier City
2024,216,Napier Boys' High School,88.0,81.9562,Secondary (Year 9-15),State,Napier Office,Hawke's Bay/Tairāwhiti,Hawke's Bay Region,Napier City
2024,217,Napier Girls' High School,79.0,66.90740000000001,Secondary (Year 9-15),State,Napier Office,Hawke's Bay/Tairāwhiti,Hawke's Bay Region,Napier City
2024,218,Tamatea High School,35.0,31.3227,Secondary (Year 9-15),State,Napier Office,Hawke's Bay/Tairāwhiti,Hawke's Bay Region,Napier City
2024,219,Sacred Heart College (Napier),43.0,29.892600000000005,Secondary (Year 9-15),State : Integrated,Napier Office,Hawke's Bay/Tairāwhiti,Hawke's Bay Region,Napier City
2024,220,William Colenso College,43.0,37.4639,Secondary (Year 7-15),State,Napier Office,Hawke's Bay/Tairāwhiti,Hawke's Bay Region,Napier City
2024,221,Te Wharekura o Ruatoki,26.0,22.817000000000004,Composite (Year 1-15),State,Rotorua Office,Bay of Plenty/Waiariki,Bay of Plenty Region,Whakatane District
2024,222,St Joseph's Maori Girls' College,19.0,16.5652,Secondary (Year 7-15),State : Integrated,Napier Office,Hawke's Bay/Tairāwhiti,Hawke's Bay Region,Napier City
2024,223,Havelock North High School,89.0,76.81719999999997,Secondary (Year 9-15),State,Napier Office,Hawke's Bay/Tairāwhiti,Hawke's Bay Region,Hastings District
2024,224,Iona College,41.0,34.149,Secondary (Year 7-15),State : Integrated,Napier Office,Hawke's Bay/Tairāwhiti,Hawke's Bay Region,Hastings District
2024,225,Woodford House,45.0,38.52929999999999,Secondary (Year 7-15),State : Integrated,Napier Office,Hawke's Bay/Tairāwhiti,Hawke's Bay Region,Hastings District
2024,226,St John's College (Hastings),37.0,32.4533,Secondary (Year 9-15),State : Integrated,Napier Office,Hawke's Bay/Tairāwhiti,Hawke's Bay Region,Hastings District
2024,227,Hastings Boys' High School,63.0,53.2212,Secondary (Year 9-15),State,Napier Office,Hawke's Bay/Tairāwhiti,Hawke's Bay Region,Hastings District
2024,228,Hastings Girls’ High School – Ngā Rau Huia o Ākina,51.0,44.3363,Secondary (Year 9-15),State,Napier Office,Hawke's Bay/Tairāwhiti,Hawke's Bay Region,Hastings District
2024,229,Karamū High School,65.0,58.451800000000006,Secondary (Year 9-15),State,Napier Office,Hawke's Bay/Tairāwhiti,Hawke's Bay Region,Hastings District
2024,230,Lindisfarne College,58.0,53.1348,Secondary (Year 7-15),State : Integrated,Napier Office,Hawke's Bay/Tairāwhiti,Hawke's Bay Region,Hastings District
2024,231,Taikura Rudolf Steiner School,27.0,23.3687,Composite (Year 1-15),State : Integrated,Napier Office,Hawke's Bay/Tairāwhiti,Hawke's Bay Region,Hastings District
2024,232,Te Aute College,11.0,10.4596,Secondary (Year 9-15),State : Integrated,Napier Office,Hawke's Bay/Tairāwhiti,Hawke's Bay Region,Central Hawke's Bay District
2024,233,Central Hawkes Bay College,53.0,45.0992,Secondary (Year 9-15),State,Napier Office,Hawke's Bay/Tairāwhiti,Hawke's Bay Region,Central Hawke's Bay District
2024,234,Dannevirke High School,41.0,35.0698,Secondary (Year 9-15),State,Lower Hutt Office,Wellington,Manawatū-Whanganui Region,Tararua District
2024,235,Tararua College,42.0,36.01749999999999,Secondary (Year 9-15),State,Lower Hutt Office,Wellington,Manawatū-Whanganui Region,Tararua District
2024,236,Horowhenua College,74.0,62.45050000000002,Secondary (Year 9-15),State,Lower Hutt Office,Wellington,Manawatū-Whanganui Region,Horowhenua District
2024,237,Waiopehu College,61.0,53.7989,Secondary (Year 9-15),State,Lower Hutt Office,Wellington,Manawatū-Whanganui Region,Horowhenua District
2024,240,Otaki College,42.0,37.1365,Secondary (Year 7-15),State,Lower Hutt Office,Wellington,Wellington Region,Kapiti Coast District
2024,241,Wairarapa College,80.0,70.75380000000001,Secondary (Year 9-15),State,Lower Hutt Office,Wellington,Wellington Region,Masterton District
2024,242,Solway College,22.0,19.5257,Secondary (Year 7-15),State : Integrated,Lower Hutt Office,Wellington,Wellington Region,Masterton District
2024,243,Mākoura College,42.0,33.1833,Secondary (Year 9-15),State,Lower Hutt Office,Wellington,Wellington Region,Masterton District
2024,244,Chanel College,38.0,26.8107,Secondary (Year 7-15),State : Integrated,Lower Hutt Office,Wellington,Wellington Region,Masterton District
2024,245,Rathkeale College,44.0,41.1609,Secondary (Year 9-15),State : Integrated,Lower Hutt Office,Wellington,Wellington Region,Masterton District
2024,246,St Matthew's Collegiate (Masterton),25.0,22.062500000000004,Secondary (Year 7-15),State : Integrated,Lower Hutt Office,Wellington,Wellington Region,Masterton District
2024,247,Kāpiti College,108.0,89.6666,Secondary (Year 9-15),State,Lower Hutt Office,Wellington,Wellington Region,Kapiti Coast District
2024,248,Paraparaumu College,105.0,93.70359999999998,Secondary (Year 9-15),State,Lower Hutt Office,Wellington,Wellington Region,Kapiti Coast District
2024,249,Kuranui College,66.0,53.81199999999999,Secondary (Year 9-15),State,Lower Hutt Office,Wellington,Wellington Region,South Wairarapa District
2024,250,Upper Hutt College,78.0,72.3024,Secondary (Year 9-15),State,Lower Hutt Office,Wellington,Wellington Region,Upper Hutt City
2024,251,Heretaunga College,74.0,62.966400000000014,Secondary (Year 9-15),State,Lower Hutt Office,Wellington,Wellington Region,Upper Hutt City
2024,252,St Patrick's College (Silverstream),56.0,49.4593,Secondary (Year 9-15),State : Integrated,Lower Hutt Office,Wellington,Wellington Region,Upper Hutt City
2024,253,Aotea College,96.0,91.4894,Secondary (Year 9-15),State,Lower Hutt Office,Wellington,Wellington Region,Porirua City
2024,254,Mana College,46.0,40.7218,Secondary (Year 9-15),State,Lower Hutt Office,Wellington,Wellington Region,Porirua City
2024,255,Porirua College,62.0,58.6062,Secondary (Year 9-15),State,Lower Hutt Office,Wellington,Wellington Region,Porirua City
2024,256,Bishop Viard College,37.0,32.8411,Secondary (Year 7-15),State : Integrated,Lower Hutt Office,Wellington,Wellington Region,Porirua City
2024,257,Tawa College,91.0,79.2371,Secondary (Year 9-15),State,Lower Hutt Office,Wellington,Wellington Region,Wellington City
2024,258,Taita College,40.0,33.9487,Secondary (Year 9-15),State,Lower Hutt Office,Wellington,Wellington Region,Lower Hutt City
2024,259,Naenae College,77.0,67.26250000000002,Secondary (Year 9-15),State,Lower Hutt Office,Wellington,Wellington Region,Lower Hutt City
2024,260,St Bernard's College,53.0,47.0621,Secondary (Year 7-15),State : Integrated,Lower Hutt Office,Wellington,Wellington Region,Lower Hutt City
2024,261,Hutt Valley High School,136.0,116.73949999999996,Secondary (Year 9-15),State,Lower Hutt Office,Wellington,Wellington Region,Lower Hutt City
2024,262,Sacred Heart College (Lower Hutt),71.0,57.4453,Secondary (Year 9-15),State : Integrated,Lower Hutt Office,Wellington,Wellington Region,Lower Hutt City
2024,265,St Oran's College,48.0,41.1204,Secondary (Year 7-15),State : Integrated,Lower Hutt Office,Wellington,Wellington Region,Lower Hutt City
2024,266,Waipa Christian School,8.0,5.7363,Full Primary (Year 1-8),State : Integrated,Hamilton Office,Waikato,Waikato Region,Waipa District
2024,268,Newlands College,96.0,84.8453,Secondary (Year 9-15),State,Lower Hutt Office,Wellington,Wellington Region,Wellington City
2024,269,Onslow College,105.0,92.77039999999998,Secondary (Year 9-15),State,Lower Hutt Office,Wellington,Wellington Region,Wellington City
2024,272,Wellington Girls' College,111.0,91.757,Secondary (Year 9-15),State,Lower Hutt Office,Wellington,Wellington Region,Wellington City
2024,273,Wellington High School and Com Ed Centre,124.0,108.8418,Secondary (Year 9-15),State,Lower Hutt Office,Wellington,Wellington Region,Wellington City
2024,274,Wellington East Girls' College,89.0,74.43650000000001,Secondary (Year 9-15),State,Lower Hutt Office,Wellington,Wellington Region,Wellington City
2024,275,Wellington College,136.0,118.3677,Secondary (Year 9-15),State,Lower Hutt Office,Wellington,Wellington Region,Wellington City
2024,276,St Patrick's College (Kilbirnie),58.0,49.42459999999999,Secondary (Year 9-15),State : Integrated,Lower Hutt Office,Wellington,Wellington Region,Wellington City
2024,277,Rongotai College,59.0,53.89020000000001,Secondary (Year 9-15),State,Lower Hutt Office,Wellington,Wellington Region,Wellington City
2024,279,TKKM o Hoani Waititi,25.0,23.521,Composite (Year 1-15),State,Auckland Office,Tāmaki Herenga Tāngata,Auckland Region,Auckland
2024,282,Te Kura Amorangi o Whakawatea,9.0,8.9586,Full Primary (Year 1-8),State,Hamilton Office,Waikato,Waikato Region,Waipa District
2024,284,St Catherines College (Kilbirnie),28.0,23.277,Secondary (Year 9-15),State : Integrated,Lower Hutt Office,Wellington,Wellington Region,Wellington City
2024,286,St Mary's College (Wellington),48.0,39.2319,Secondary (Year 9-15),State : Integrated,Lower Hutt Office,Wellington,Wellington Region,Wellington City
2024,287,Queen Charlotte College,36.0,31.1713,Secondary (Year 7-15),State,Nelson Office,Nelson/Marlborough/West Coast,Marlborough Region,Marlborough District
2024,288,Marlborough Boys' College,78.0,64.25280000000001,Secondary (Year 9-15),State,Nelson Office,Nelson/Marlborough/West Coast,Marlborough Region,Marlborough District
2024,289,Marlborough Girls' College,78.0,62.4263,Secondary (Year 9-15),State,Nelson Office,Nelson/Marlborough/West Coast,Marlborough Region,Marlborough District
2024,290,Collingwood Area School,20.0,15.5033,Composite (Year 1-15),State,Nelson Office,Nelson/Marlborough/West Coast,Tasman Region,Tasman District
2024,291,Rai Valley Area School,18.0,14.3901,Composite (Year 1-15),State,Nelson Office,Nelson/Marlborough/West Coast,Marlborough Region,Marlborough District
2024,292,Golden Bay High School,34.0,29.131300000000003,Secondary (Year 7-15),State,Nelson Office,Nelson/Marlborough/West Coast,Tasman Region,Tasman District
2024,293,Nayland College,114.0,97.53109999999997,Secondary (Year 9-15),State,Nelson Office,Nelson/Marlborough/West Coast,Nelson Region,Nelson City
2024,294,Nelson College,73.0,63.9862,Secondary (Year 9-15),State,Nelson Office,Nelson/Marlborough/West Coast,Nelson Region,Nelson City
2024,295,Nelson College For Girls,87.0,63.752500000000005,Secondary (Year 9-15),State,Nelson Office,Nelson/Marlborough/West Coast,Nelson Region,Nelson City
2024,296,Waimea College,120.0,103.9187,Secondary (Year 9-15),State,Nelson Office,Nelson/Marlborough/West Coast,Tasman Region,Tasman District
2024,297,Tapawera Area School,20.0,16.5593,Composite (Year 1-15),State,Nelson Office,Nelson/Marlborough/West Coast,Tasman Region,Tasman District
2024,298,Motueka High School,75.0,57.90039999999998,Secondary (Year 9-15),State,Nelson Office,Nelson/Marlborough/West Coast,Tasman Region,Tasman District
2024,299,Murchison Area School,26.0,19.2283,Composite (Year 1-15),State,Nelson Office,Nelson/Marlborough/West Coast,Tasman Region,Tasman District
2024,300,Karamea Area School,14.0,11.0574,Composite (Year 1-15),State,Nelson Office,Nelson/Marlborough/West Coast,West Coast Region,Buller District
2024,301,Buller High School,41.0,31.1769,Secondary (Year 9-15),State,Nelson Office,Nelson/Marlborough/West Coast,West Coast Region,Buller District
2024,303,Greymouth High School,58.0,49.497800000000005,Secondary (Year 9-15),State,Nelson Office,Nelson/Marlborough/West Coast,West Coast Region,Grey District
2024,304,John Paul II High School,23.0,17.4655,Secondary (Year 9-15),State : Integrated,Nelson Office,Nelson/Marlborough/West Coast,West Coast Region,Grey District
2024,305,Westland High School,42.0,32.02759999999999,Secondary (Year 7-15),State,Nelson Office,Nelson/Marlborough/West Coast,West Coast Region,Westland District
2024,306,South Westland Area School,16.0,13.5525,Composite (Year 1-15),State,Nelson Office,Nelson/Marlborough/West Coast,West Coast Region,Westland District
2024,307,Kaikōura High School,29.0,23.9243,Secondary (Year 7-15),State,Nelson Office,Nelson/Marlborough/West Coast,Canterbury Region,Kaikoura District
2024,308,Amuri Area School,39.0,30.271200000000004,Composite (Year 1-15),State,Christchurch Office,Canterbury/Chatham Islands,Canterbury Region,Hurunui District
2024,309,Cheviot Area School,17.0,15.4337,Composite (Year 1-15),State,Christchurch Office,Canterbury/Chatham Islands,Canterbury Region,Hurunui District
2024,310,Oxford Area School,49.0,39.8675,Composite (Year 1-15),State,Christchurch Office,Canterbury/Chatham Islands,Canterbury Region,Waimakariri District
2024,311,Hurunui College,24.0,20.5012,Composite (Year 1-15),State,Christchurch Office,Canterbury/Chatham Islands,Canterbury Region,Hurunui District
2024,312,Rangiora High School,130.0,113.65759999999996,Secondary (Year 9-15),State,Christchurch Office,Canterbury/Chatham Islands,Canterbury Region,Waimakariri District
2024,314,Kaiapoi High School,81.0,74.17779999999999,Secondary (Year 9-15),State,Christchurch Office,Canterbury/Chatham Islands,Canterbury Region,Waimakariri District
2024,315,St Bede's College,64.0,58.55819999999999,Secondary (Year 9-15),State : Integrated,Christchurch Office,Canterbury/Chatham Islands,Canterbury Region,Christchurch City
2024,316,Papanui High School,123.0,102.93679999999998,Secondary (Year 9-15),State,Christchurch Office,Canterbury/Chatham Islands,Canterbury Region,Christchurch City
2024,317,Christchurch Adventist School,27.0,24.2098,Composite (Year 1-15),State : Integrated,Christchurch Office,Canterbury/Chatham Islands,Canterbury Region,Christchurch City
2024,319,Burnside High School,183.0,158.66050000000004,Secondary (Year 9-15),State,Christchurch Office,Canterbury/Chatham Islands,Canterbury Region,Christchurch City
2024,320,Mairehau High School,45.0,39.2697,Secondary (Year 9-15),State,Christchurch Office,Canterbury/Chatham Islands,Canterbury Region,Christchurch City
2024,321,Shirley Boys’ High School - Ngā Tama o Ōruapaeroa,94.0,85.63579999999999,Secondary (Year 9-15),State,Christchurch Office,Canterbury/Chatham Islands,Canterbury Region,Christchurch City
2024,324,Avonside Girls' High School,98.0,79.61490000000003,Secondary (Year 9-15),State,Christchurch Office,Canterbury/Chatham Islands,Canterbury Region,Christchurch City
2024,326,Villa Maria College,70.0,56.5243,Secondary (Year 7-15),State : Integrated,Christchurch Office,Canterbury/Chatham Islands,Canterbury Region,Christchurch City
2024,327,Christchurch Boys' High School,104.0,93.22500000000002,Secondary (Year 9-15),State,Christchurch Office,Canterbury/Chatham Islands,Canterbury Region,Christchurch City
2024,328,Christchurch Girls' High School -Te Kura o Hine Waiora,91.0,83.2798,Secondary (Year 9-15),State,Christchurch Office,Canterbury/Chatham Islands,Canterbury Region,Christchurch City
2024,329,Mangakino School,4.0,3.616,Full Primary (Year 1-8),State,Hamilton Office,Waikato,Waikato Region,Taupo District
2024,331,St Thomas of Canterbury College,51.0,47.2606,Secondary (Year 7-15),State : Integrated,Christchurch Office,Canterbury/Chatham Islands,Canterbury Region,Christchurch City
2024,334,Riccarton High School,81.0,71.5181,Secondary (Year 9-15),State,Christchurch Office,Canterbury/Chatham Islands,Canterbury Region,Christchurch City
2024,335,Middleton Grange School,116.0,94.04279999999996,Composite (Year 1-15),State : Integrated,Christchurch Office,Canterbury/Chatham Islands,Canterbury Region,Christchurch City
2024,336,Te Puna Wai o Waipapa - Hagley College,145.0,115.6303,Secondary (Year 9-15),State,Christchurch Office,Canterbury/Chatham Islands,Canterbury Region,Christchurch City
2024,337,Te Aratai College,109.0,98.3305,Secondary (Year 7-15),State,Christchurch Office,Canterbury/Chatham Islands,Canterbury Region,Christchurch City
2024,338,Hornby High School,73.0,68.27430000000001,Secondary (Year 7-15),State,Christchurch Office,Canterbury/Chatham Islands,Canterbury Region,Christchurch City
2024,339,Hillmorton High School,103.0,88.81869999999999,Secondary (Year 7-15),State,Christchurch Office,Canterbury/Chatham Islands,Canterbury Region,Christchurch City
2024,340,Cashmere High School,155.0,140.07769999999996,Secondary (Year 9-15),State,Christchurch Office,Canterbury/Chatham Islands,Canterbury Region,Christchurch City
2024,341,Hillview Christian School,43.0,33.954800000000006,Composite (Year 1-15),State : Integrated,Christchurch Office,Canterbury/Chatham Islands,Canterbury Region,Christchurch City
2024,343,Marian College,38.0,32.7335,Secondary (Year 9-15),State : Integrated,Christchurch Office,Canterbury/Chatham Islands,Canterbury Region,Christchurch City
2024,344,Westminster Christian School,27.0,23.1915,Full Primary (Year 1-8),State : Integrated,Auckland Office,Tāmaki Herenga Tāngata,Auckland Region,Auckland
2024,346,Darfield High School,62.0,54.2079,Secondary (Year 7-15),State,Christchurch Office,Canterbury/Chatham Islands,Canterbury Region,Selwyn District
2024,347,Lincoln High School,104.0,91.0248,Secondary (Year 9-15),State,Christchurch Office,Canterbury/Chatham Islands,Canterbury Region,Selwyn District
2024,348,Mount Hutt College,45.0,40.98789999999999,Secondary (Year 7-15),State,Christchurch Office,Canterbury/Chatham Islands,Canterbury Region,Ashburton District
2024,349,Ellesmere College,43.0,39.65890000000001,Secondary (Year 7-15),State,Christchurch Office,Canterbury/Chatham Islands,Canterbury Region,Selwyn District
2024,350,Akaroa Area School,27.0,16.192,Composite (Year 1-15),State,Christchurch Office,Canterbury/Chatham Islands,Canterbury Region,Christchurch City
2024,351,Ashburton College,111.0,94.9804,Secondary (Year 9-15),State,Christchurch Office,Canterbury/Chatham Islands,Canterbury Region,Ashburton District
2024,352,Geraldine High School,59.0,51.6465,Secondary (Year 7-15),State,Christchurch Office,Canterbury/Chatham Islands,Canterbury Region,Timaru District
2024,353,Mackenzie College,21.0,17.379900000000003,Secondary (Year 7-15),State,Christchurch Office,Canterbury/Chatham Islands,Canterbury Region,Mackenzie District
2024,354,Opihi College,30.0,26.876200000000004,Secondary (Year 7-15),State,Christchurch Office,Canterbury/Chatham Islands,Canterbury Region,Timaru District
2024,357,Craighead Diocesan School,45.0,37.1149,Secondary (Year 7-15),State : Integrated,Christchurch Office,Canterbury/Chatham Islands,Canterbury Region,Timaru District
2024,358,Roncalli College,44.0,38.4768,Secondary (Year 9-15),State : Integrated,Christchurch Office,Canterbury/Chatham Islands,Canterbury Region,Timaru District
2024,359,Mountainview High School,47.0,41.8966,Secondary (Year 9-15),State,Christchurch Office,Canterbury/Chatham Islands,Canterbury Region,Timaru District
2024,360,Timaru Boys' High School,58.0,49.188,Secondary (Year 9-15),State,Christchurch Office,Canterbury/Chatham Islands,Canterbury Region,Timaru District
2024,361,Timaru Girls' High School,41.0,35.689499999999995,Secondary (Year 9-15),State,Christchurch Office,Canterbury/Chatham Islands,Canterbury Region,Timaru District
2024,362,Waimate High School,33.0,27.4999,Secondary (Year 7-15),State,Christchurch Office,Canterbury/Chatham Islands,Canterbury Region,Waimate District
2024,363,Waitaki Valley School,7.0,6.4836,Full Primary (Year 1-8),State,Dunedin Office,Otago/Southland,Canterbury Region,Waitaki District
2024,365,Waitaki Boys' High School,37.0,30.8282,Secondary (Year 9-15),State,Dunedin Office,Otago/Southland,Otago Region,Waitaki District
2024,366,Waitaki Girls' High School,38.0,31.8934,Secondary (Year 9-15),State,Dunedin Office,Otago/Southland,Otago Region,Waitaki District
2024,369,St Kevins College (Oamaru),40.0,35.2025,Secondary (Year 9-15),State : Integrated,Dunedin Office,Otago/Southland,Otago Region,Waitaki District
2024,370,Maniototo Area School,19.0,15.163000000000002,Composite (Year 1-15),State,Dunedin Office,Otago/Southland,Otago Region,Central Otago District
2024,371,East Otago High School,22.0,18.7648,Secondary (Year 7-15),State,Dunedin Office,Otago/Southland,Otago Region,Waitaki District
2024,372,Dunstan High School,53.0,43.7128,Secondary (Year 9-15),State,Dunedin Office,Otago/Southland,Otago Region,Central Otago District
2024,373,Cromwell College,69.0,58.8967,Secondary (Year 7-15),State,Dunedin Office,Otago/Southland,Otago Region,Central Otago District
2024,374,Wakatipu High School,119.0,100.0922,Secondary (Year 9-15),State,Dunedin Office,Otago/Southland,Otago Region,Queenstown-Lakes District
2024,375,Roxburgh Area School,15.0,13.1003,Composite (Year 1-15),State,Dunedin Office,Otago/Southland,Otago Region,Central Otago District
2024,376,Logan Park High School,73.0,62.9968,Secondary (Year 9-15),State,Dunedin Office,Otago/Southland,Otago Region,Dunedin City
2024,377,Otago Boys' High School,59.0,56.4859,Secondary (Year 9-15),State,Dunedin Office,Otago/Southland,Otago Region,Dunedin City
2024,378,Otago Girls' High School,60.0,52.5153,Secondary (Year 9-15),State,Dunedin Office,Otago/Southland,Otago Region,Dunedin City
2024,380,St Hildas Collegiate,44.0,37.7432,Secondary (Year 7-15),State : Integrated,Dunedin Office,Otago/Southland,Otago Region,Dunedin City
2024,381,Kaikorai Valley College,41.0,38.4078,Secondary (Year 7-15),State,Dunedin Office,Otago/Southland,Otago Region,Dunedin City
2024,382,Bayfield High School,59.0,49.011,Secondary (Year 9-15),State,Dunedin Office,Otago/Southland,Otago Region,Dunedin City
2024,383,Kings High School (Dunedin),64.0,61.195,Secondary (Year 9-15),State,Dunedin Office,Otago/Southland,Otago Region,Dunedin City
2024,384,Queens High School,53.0,48.6978,Secondary (Year 9-15),State,Dunedin Office,Otago/Southland,Otago Region,Dunedin City
2024,386,Columba College,50.0,42.29859999999999,Composite (Year 1-15),State : Integrated,Dunedin Office,Otago/Southland,Otago Region,Dunedin City
2024,387,John McGlashan College,48.0,44.2044,Secondary (Year 7-15),State : Integrated,Dunedin Office,Otago/Southland,Otago Region,Dunedin City
2024,390,Lawrence Area School,19.0,13.3621,Composite (Year 1-15),State,Dunedin Office,Otago/Southland,Otago Region,Clutha District
2024,391,Blue Mountain College,29.0,24.0522,Secondary (Year 7-15),State,Dunedin Office,Otago/Southland,Otago Region,Clutha District
2024,392,Tokomairiro High School,24.0,22.5782,Secondary (Year 7-15),State,Dunedin Office,Otago/Southland,Otago Region,Clutha District
2024,393,South Otago High School,45.0,41.0255,Secondary (Year 9-15),State,Dunedin Office,Otago/Southland,Otago Region,Clutha District
2024,394,The Catlins Area School,14.0,12.3424,Composite (Year 1-15),State,Dunedin Office,Otago/Southland,Otago Region,Clutha District
2024,395,Northern Southland College,24.0,21.1993,Secondary (Year 7-15),State,Invercargill Office,Otago/Southland,Southland Region,Southland District
2024,397,St Peter's College (Gore),40.0,33.9434,Secondary (Year 7-15),State : Integrated,Invercargill Office,Otago/Southland,Southland Region,Gore District
2024,398,Takitimu Primary School,8.0,5.4565,Full Primary (Year 1-8),State,Invercargill Office,Otago/Southland,Southland Region,Southland District
2024,399,Central Southland College,51.0,43.2561,Secondary (Year 9-15),State,Invercargill Office,Otago/Southland,Southland Region,Southland District
2024,400,Fiordland College,30.0,27.7665,Secondary (Year 7-15),State,Invercargill Office,Otago/Southland,Southland Region,Southland District
2024,401,Menzies College,39.0,33.48310000000001,Secondary (Year 7-15),State,Invercargill Office,Otago/Southland,Southland Region,Southland District
2024,402,Waiau Area School,18.0,15.0661,Composite (Year 1-15),State,Invercargill Office,Otago/Southland,Southland Region,Southland District
2024,404,Southland Boys' High School,74.0,69.6953,Secondary (Year 7-15),State,Invercargill Office,Otago/Southland,Southland Region,Invercargill City
2024,405,Southland Girls' High School,74.0,68.0501,Secondary (Year 7-15),State,Invercargill Office,Otago/Southland,Southland Region,Invercargill City
2024,408,Verdon College,55.0,49.44939999999999,Secondary (Year 7-15),State : Integrated,Invercargill Office,Otago/Southland,Southland Region,Invercargill City
2024,409,Aparima College,26.0,21.5105,Secondary (Year 7-15),State,Invercargill Office,Otago/Southland,Southland Region,Southland District
2024,418,Rangiora New Life School,42.0,35.5753,Composite (Year 1-15),State : Integrated,Christchurch Office,Canterbury/Chatham Islands,Canterbury Region,Waimakariri District
2024,419,Rudolf Steiner School (Chch),45.0,28.8645,Composite (Year 1-15),State : Integrated,Christchurch Office,Canterbury/Chatham Islands,Canterbury Region,Christchurch City
2024,421,Richmond View School,32.0,24.3867,Composite (Year 1-15),State : Integrated,Nelson Office,Nelson/Marlborough/West Coast,Marlborough Region,Marlborough District
2024,422,Faith City School,12.0,9.4614,Full Primary (Year 1-8),State : Integrated,Whanganui Office,Taranaki/Whanganui/Manawatū,Manawatū-Whanganui Region,Whanganui District
2024,424,Michael Park School,41.0,34.9972,Composite (Year 1-15),State : Integrated,Auckland Office,Tāmaki Herenga Manawa,Auckland Region,Auckland
2024,428,Whangamata Area School,56.0,44.2443,Composite (Year 1-15),State,Hamilton Office,Waikato,Waikato Region,Thames-Coromandel District
2024,429,Excellere College,28.0,24.340000000000003,Composite (Year 1-15),State : Integrated,Whangarei Office,Tai Tokerau,Northland Region,Whangarei District
2024,432,KingsWay School,134.0,114.9352,Composite (Year 1-15),State : Integrated,Auckland Office,Tāmaki Herenga Tāngata,Auckland Region,Auckland
2024,435,Hukarere Girls’ College,13.0,10.46,Secondary (Year 9-15),State : Integrated,Napier Office,Hawke's Bay/Tairāwhiti,Hawke's Bay Region,Hastings District
2024,439,Totara College of Accelerated Learning,11.0,8.145199999999999,Composite (Year 1-15),State : Integrated,Lower Hutt Office,Wellington,Manawatū-Whanganui Region,Tararua District
2024,443,Hastings Christian School,39.0,27.148200000000003,Composite (Year 1-15),State : Integrated,Napier Office,Hawke's Bay/Tairāwhiti,Hawke's Bay Region,Hastings District
2024,451,Hamilton Christian School,69.0,58.4135,Composite (Year 1-15),State : Integrated,Hamilton Office,Waikato,Waikato Region,Hamilton City
2024,452,Southern Cross Campus,119.0,107.41089999999998,Composite (Year 1-15),State,Auckland Office,Tāmaki Herenga Waka,Auckland Region,Auckland
2024,453,Kadimah School,11.0,9.6475,Full Primary (Year 1-8),State : Integrated,Auckland Office,Tāmaki Herenga Manawa,Auckland Region,Auckland
2024,463,TKK Motuhake o Tawhiuau,12.0,6.0021,Composite (Year 1-15),State,Rotorua Office,Bay of Plenty/Waiariki,Bay of Plenty Region,Whakatane District
2024,465,Mana Tamariki,15.0,11.3508,Composite (Year 1-15),State,Whanganui Office,Taranaki/Whanganui/Manawatū,Manawatū-Whanganui Region,Palmerston North City
2024,471,Zayed College for Girls,24.0,20.6529,Secondary (Year 7-15),State : Integrated,Auckland Office,Tāmaki Herenga Waka,Auckland Region,Auckland
2024,476,Tongariro School,28.0,23.8502,Composite (Year 1-15),State,Rotorua Office,Bay of Plenty/Waiariki,Waikato Region,Taupo District
2024,478,Wainuiomata High School,61.0,52.95280000000001,Secondary (Year 9-15),State,Lower Hutt Office,Wellington,Wellington Region,Lower Hutt City
2024,482,Aquinas College,59.0,55.357,Secondary (Year 7-15),State : Integrated,Rotorua Office,Bay of Plenty/Waiariki,Bay of Plenty Region,Tauranga City
2024,485,Taumata School,50.0,39.893,Full Primary (Year 1-8),State,Rotorua Office,Bay of Plenty/Waiariki,Bay of Plenty Region,Tauranga City
2024,488,Ngā Taiātea Wharekura,36.0,32.7073,Secondary (Year 9-15),State,Hamilton Office,Waikato,Waikato Region,Hamilton City
2024,491,Sancta Maria College,74.0,64.9841,Secondary (Year 7-15),State : Integrated,Auckland Office,Tāmaki Herenga Manawa,Auckland Region,Auckland
2024,494,Putāruru College,36.0,34.0211,Secondary (Year 7-15),State,Hamilton Office,Waikato,Waikato Region,South Waikato District
2024,495,Taieri College,94.0,86.89320000000001,Secondary (Year 7-15),State,Dunedin Office,Otago/Southland,Otago Region,Dunedin City
2024,496,Reefton Area School,18.0,12.8543,Composite (Year 1-15),State,Nelson Office,Nelson/Marlborough/West Coast,West Coast Region,Buller District
2024,497,Te Kura o Hirangi,31.0,27.543299999999995,Composite (Year 1-15),State,Rotorua Office,Bay of Plenty/Waiariki,Waikato Region,Taupo District
2024,498,Te Aho o Te Kura Pounamu,501.0,430.95329999999984,Correspondence School,State,Lower Hutt Office,Wellington,Wellington Region,Wellington City
2024,514,Kimi Ora School,49.0,39.4579,Specialist School,State,Lower Hutt Office,Wellington,Wellington Region,Lower Hutt City
2024,518,Kingslea School,53.0,48.0363,Specialist School,State,Christchurch Office,Canterbury/Chatham Islands,Canterbury Region,Christchurch City
2024,522,Halswell Residential College,10.0,9.2001,Specialist School,State,Christchurch Office,Canterbury/Chatham Islands,Canterbury Region,Christchurch City
2024,525,Salisbury School (Nelson),8.0,6.5098,Specialist School,State,Nelson Office,Nelson/Marlborough/West Coast,Tasman Region,Tasman District
2024,527,Twizel Area School,24.0,20.8052,Composite (Year 1-15),State,Christchurch Office,Canterbury/Chatham Islands,Canterbury Region,Mackenzie District
2024,528,Ponatahi Christian School,17.0,13.178,Composite (Year 1-15),State : Integrated,Lower Hutt Office,Wellington,Wellington Region,Carterton District
2024,530,Waiheke High School,39.0,32.5397,Secondary (Year 7-15),State,Auckland Office,Tāmaki Herenga Manawa,Auckland Region,Auckland
2024,531,Catholic Cathedral College,47.0,41.02219999999999,Secondary (Year 7-15),State : Integrated,Christchurch Office,Canterbury/Chatham Islands,Canterbury Region,Christchurch City
2024,532,John Paul College,76.0,70.47729999999999,Secondary (Year 7-15),State : Integrated,Rotorua Office,Bay of Plenty/Waiariki,Bay of Plenty Region,Rotorua District
2024,533,Mt Aspiring College,96.0,81.67210000000001,Secondary (Year 7-15),State,Dunedin Office,Otago/Southland,Otago Region,Queenstown-Lakes District
2024,536,Trinity Catholic College,63.0,57.3128,Secondary (Year 7-15),State : Integrated,Dunedin Office,Otago/Southland,Otago Region,Dunedin City
2024,539,Waikato Waldorf School ( Rudolf Steiner),19.0,16.144,Composite (Year 1-15),State : Integrated,Hamilton Office,Waikato,Waikato Region,Hamilton City
2024,544,Al-Madinah School,41.0,38.5014,Composite (Year 1-15),State : Integrated,Auckland Office,Tāmaki Herenga Waka,Auckland Region,Auckland
2024,545,Te Kura Toitu o Te Whaiti-nui-a-Toi,5.0,3.790200000000001,Composite (Year 1-15),State,Rotorua Office,Bay of Plenty/Waiariki,Bay of Plenty Region,Whakatane District
2024,548,Aurora College,79.0,70.18129999999998,Secondary (Year 7-15),State,Invercargill Office,Otago/Southland,Southland Region,Invercargill City
2024,549,Taihape Area School,25.0,20.2631,Composite (Year 1-15),State,Whanganui Office,Taranaki/Whanganui/Manawatū,Manawatū-Whanganui Region,Rangitikei District
2024,550,Te Waha O Rerekohu Area School,11.0,10.4887,Composite (Year 1-15),State,Napier Office,Hawke's Bay/Tairāwhiti,Gisborne Region,Gisborne District
2024,551,Coastal Taranaki School,29.0,23.0705,Composite (Year 1-15),State,Whanganui Office,Taranaki/Whanganui/Manawatū,Taranaki Region,New Plymouth District
2024,552,James Hargest College,151.0,135.40290000000002,Secondary (Year 7-15),State,Invercargill Office,Otago/Southland,Southland Region,Invercargill City
2024,553,Mission Heights Junior College,63.0,58.4412,Secondary (Year 7-15),State,Auckland Office,Tāmaki Herenga Waka,Auckland Region,Auckland
2024,557,Holy Family School (Wanaka),18.0,12.6421,Full Primary (Year 1-8),State : Integrated,Dunedin Office,Otago/Southland,Otago Region,Queenstown-Lakes District
2024,558,TKKM o Te Kura Kokiri,24.0,23.8433,Composite (Year 1-15),State,Rotorua Office,Bay of Plenty/Waiariki,Bay of Plenty Region,Tauranga City
2024,559,Te Kura o Te Wainui-ā-Rua,6.0,3.585,Composite (Year 1-15),State,Whanganui Office,Taranaki/Whanganui/Manawatū,Manawatū-Whanganui Region,Whanganui District
2024,563,Albany Senior High School,77.0,64.2483,Secondary (Year 9-15),State,Auckland Office,Tāmaki Herenga Tāngata,Auckland Region,Auckland
2024,564,Ormiston Senior College,93.0,87.23080000000002,Secondary (Year 9-15),State,Auckland Office,Tāmaki Herenga Waka,Auckland Region,Auckland
2024,565,Stonefields School,48.0,38.9982,Full Primary (Year 1-8),State,Auckland Office,Tāmaki Herenga Manawa,Auckland Region,Auckland
2024,566,Maraekakaho School,12.0,8.9041,Full Primary (Year 1-8),State,Napier Office,Hawke's Bay/Tairāwhiti,Hawke's Bay Region,Hastings District
2024,567,Te Wharekura o Te Kaokaoroa o Patetere,32.0,29.208600000000004,Composite (Year 1-15),State,Hamilton Office,Waikato,Waikato Region,South Waikato District
2024,570,Mission Heights Primary School,55.0,46.2755,Contributing (Year 1-6),State,Auckland Office,Tāmaki Herenga Waka,Auckland Region,Auckland
2024,572,Te Matauru Primary,27.0,19.7894,Full Primary (Year 1-8),State,Christchurch Office,Canterbury/Chatham Islands,Canterbury Region,Waimakariri District
2024,577,Te Totara Primary School,48.0,41.94230000000001,Contributing (Year 1-6),State,Hamilton Office,Waikato,Waikato Region,Hamilton City
2024,579,Knights Stream School- Mingimingi Hautoa,39.0,31.0909,Full Primary (Year 1-8),State,Christchurch Office,Canterbury/Chatham Islands,Canterbury Region,Christchurch City
2024,584,West Rolleston Primary School,53.0,43.9618,Full Primary (Year 1-8),State,Christchurch Office,Canterbury/Chatham Islands,Canterbury Region,Selwyn District
2024,585,Ararira Springs Primary- Te Puna o Ararira,32.0,25.748900000000003,Full Primary (Year 1-8),State,Christchurch Office,Canterbury/Chatham Islands,Canterbury Region,Selwyn District
2024,586,Shotover Primary School,41.0,33.304100000000005,Full Primary (Year 1-8),State,Dunedin Office,Otago/Southland,Otago Region,Queenstown-Lakes District
2024,588,Hingaia Peninsula School,40.0,29.4546,Full Primary (Year 1-8),State,Auckland Office,Tāmaki Herenga Waka,Auckland Region,Auckland
2024,589,Te Kura o Nga Ruahine Rangi,9.0,7.297,Composite (Year 1-15),State,Whanganui Office,Taranaki/Whanganui/Manawatū,Taranaki Region,South Taranaki District
2024,593,Te Uho O Te Nikau Primary School,44.0,34.91310000000001,Contributing (Year 1-6),State,Auckland Office,Tāmaki Herenga Waka,Auckland Region,Auckland
2024,595,Kauri Flats School,41.0,30.9953,Full Primary (Year 1-8),State,Auckland Office,Tāmaki Herenga Waka,Auckland Region,Auckland
2024,600,TKKM o Ngaringaomatariki,9.0,7.2887,Full Primary (Year 1-8),State,Whangarei Office,Tai Tokerau,Northland Region,Kaipara District
2024,601,Kumeroa School,8.0,4.0984,Full Primary (Year 1-8),State,Lower Hutt Office,Wellington,Manawatū-Whanganui Region,Tararua District
2024,603,KingsGate School,19.0,15.5231,Composite (Year 1-15),State : Integrated,Auckland Office,Tāmaki Herenga Waka,Auckland Region,Auckland
2024,607,Big Rock Primary School,7.0,6.2872,Full Primary (Year 1-8),State,Dunedin Office,Otago/Southland,Otago Region,Dunedin City
2024,608,Ashburton Christian School,26.0,21.2211,Composite (Year 1-15),State : Integrated,Christchurch Office,Canterbury/Chatham Islands,Canterbury Region,Ashburton District
2024,614,Amesbury School,28.0,22.248,Contributing (Year 1-6),State,Lower Hutt Office,Wellington,Wellington Region,Wellington City
2024,615,Rototuna Senior High School,73.0,64.91919999999999,Secondary (Year 9-15),State,Hamilton Office,Waikato,Waikato Region,Hamilton City
2024,618,Sancta Maria Catholic Primary School,26.0,21.3428,Contributing (Year 1-6),State : Integrated,Auckland Office,Tāmaki Herenga Manawa,Auckland Region,Auckland
2024,624,Te Karaka Area School,13.0,8.8253,Composite (Year 1-15),State,Napier Office,Hawke's Bay/Tairāwhiti,Gisborne Region,Gisborne District
2024,625,Tamaoho School,23.0,20.0515,Contributing (Year 1-6),State,Auckland Office,Tāmaki Herenga Waka,Auckland Region,Auckland
2024,628,TKKM o Tuia te Matangi,10.0,9.7361,Composite (Year 1-15),State,Nelson Office,Nelson/Marlborough/West Coast,Tasman Region,Tasman District
2024,630,Te Kura Māori o Ngā Tapuwae,28.0,24.8397,Composite (Year 1-15),State,Auckland Office,Tāmaki Herenga Waka,Auckland Region,Auckland
2024,631,Kia Aroha Campus,27.0,24.201000000000004,Composite (Year 1-15),State,Auckland Office,Tāmaki Herenga Waka,Auckland Region,Auckland
2024,632,Tai Wananga,21.0,20.433,Secondary (Year 9-15),State,Hamilton Office,Waikato,Waikato Region,Hamilton City
2024,633,Kingsview School,6.0,5.2804,Full Primary (Year 1-8),State : Integrated,Dunedin Office,Otago/Southland,Otago Region,Queenstown-Lakes District
2024,641,Te Wharekura o Nga Purapura o Te Aroha,11.0,9.8237,Composite (Year 1-15),State,Hamilton Office,Waikato,Waikato Region,Waipa District
2024,647,Bathgate Park School,11.0,10.1405,Full Primary (Year 1-8),State,Dunedin Office,Otago/Southland,Otago Region,Dunedin City
2024,648,Carisbrook School,24.0,21.2667,Full Primary (Year 1-8),State,Dunedin Office,Otago/Southland,Otago Region,Dunedin City
2024,651,Te Whata Tau o Putauaki,9.0,8.577900000000001,Composite (Year 1-15),State,Rotorua Office,Bay of Plenty/Waiariki,Bay of Plenty Region,Kawerau District
2024,654,Rolleston College,128.0,116.0935,Secondary (Year 9-15),State,Christchurch Office,Canterbury/Chatham Islands,Canterbury Region,Selwyn District
2024,655,Kawerau Putauaki School,16.0,12.171,Contributing (Year 1-6),State,Rotorua Office,Bay of Plenty/Waiariki,Bay of Plenty Region,Kawerau District
2024,658,Murupara Area School,21.0,19.4301,Composite (Year 1-15),State,Rotorua Office,Bay of Plenty/Waiariki,Bay of Plenty Region,Whakatane District
2024,660,Kahurangi School,25.0,17.6768,Full Primary (Year 1-8),State,Lower Hutt Office,Wellington,Wellington Region,Wellington City
2024,661,Tarawera High School,41.0,39.1223,Secondary (Year 7-15),State,Rotorua Office,Bay of Plenty/Waiariki,Bay of Plenty Region,Kawerau District
2024,683,Ao Tawhiti Unlimited Discovery,55.0,47.19029999999999,Composite (Year 1-15),State,Christchurch Office,Canterbury/Chatham Islands,Canterbury Region,Christchurch City
2024,684,Te Waka Unua School,39.0,34.7994,Full Primary (Year 1-8),State,Christchurch Office,Canterbury/Chatham Islands,Canterbury Region,Christchurch City
2024,685,Waitākiri Primary School,43.0,32.8644,Contributing (Year 1-6),State,Christchurch Office,Canterbury/Chatham Islands,Canterbury Region,Christchurch City
2024,686,Lyttelton Primary School,13.0,10.7304,Full Primary (Year 1-8),State,Christchurch Office,Canterbury/Chatham Islands,Canterbury Region,Christchurch City
2024,688,Ormiston Primary School,75.0,67.86410000000001,Contributing (Year 1-6),State,Auckland Office,Tāmaki Herenga Waka,Auckland Region,Auckland
2024,696,Rāwhiti School,31.0,29.4277,Full Primary (Year 1-8),State,Christchurch Office,Canterbury/Chatham Islands,Canterbury Region,Christchurch City
2024,704,Haeata Community Campus,49.0,43.0827,Composite (Year 1-15),State,Christchurch Office,Canterbury/Chatham Islands,Canterbury Region,Christchurch City
2024,706,Te Pā o Rākaihautū,24.0,19.189300000000003,Composite (Year 1-15),State,Christchurch Office,Canterbury/Chatham Islands,Canterbury Region,Christchurch City
2024,708,Rototuna Junior High School,98.0,90.9368,Secondary (Year 7-15),State,Hamilton Office,Waikato,Waikato Region,Hamilton City
2024,709,Ormiston Junior College,94.0,83.8137,Secondary (Year 7-15),State,Auckland Office,Tāmaki Herenga Waka,Auckland Region,Auckland
2024,710,Rolleston Christian School,22.0,17.5395,Full Primary (Year 1-8),State : Integrated,Christchurch Office,Canterbury/Chatham Islands,Canterbury Region,Selwyn District
2024,712,Te Rōhutu Whio,30.0,26.0329,Full Primary (Year 1-8),State,Christchurch Office,Canterbury/Chatham Islands,Canterbury Region,Selwyn District
2024,719,Te Kura Kaupapa Maori o Te Orini ki Ngati Awa,10.0,8.939,Composite (Year 1-15),State,Rotorua Office,Bay of Plenty/Waiariki,Bay of Plenty Region,Whakatane District
2024,724,Te Manawa ō Pāpāmoa School,32.0,27.923,Contributing (Year 1-6),State,Rotorua Office,Bay of Plenty/Waiariki,Bay of Plenty Region,Tauranga City
2024,725,Scott Point School,56.0,42.274,Full Primary (Year 1-8),State,Auckland Office,Tāmaki Herenga Tāngata,Auckland Region,Auckland
2024,730,Porangahau School,5.0,4.3443000000000005,Full Primary (Year 1-8),State,Napier Office,Hawke's Bay/Tairāwhiti,Hawke's Bay Region,Central Hawke's Bay District
2024,737,Te Kura Kaupapa Maori o Horouta Wananga,16.0,15.4447,Composite (Year 1-15),State,Napier Office,Hawke's Bay/Tairāwhiti,Gisborne Region,Gisborne District
2024,738,St Francis of Assisi Catholic School,29.0,23.9428,Full Primary (Year 1-8),State : Integrated,Christchurch Office,Canterbury/Chatham Islands,Canterbury Region,Christchurch City
2024,739,Manukura,22.0,20.3914,Secondary (Year 9-15),State,Whanganui Office,Taranaki/Whanganui/Manawatū,Manawatū-Whanganui Region,Palmerston North City
2024,742,Te Kura o Te Whānau-a-Apanui,20.0,14.0626,Composite (Year 1-15),State,Rotorua Office,Bay of Plenty/Waiariki,Bay of Plenty Region,Ōpōtiki District
2024,743,Holy Trinity Catholic Primary School,22.0,17.557199999999998,Contributing (Year 1-6),State : Integrated,Auckland Office,Tāmaki Herenga Waka,Auckland Region,Auckland
2024,746,Te Kura Whakatipu o Kawarau,26.0,21.4979,Full Primary (Year 1-8),State,Dunedin Office,Otago/Southland,Otago Region,Queenstown-Lakes District
2024,747,Te Kura O Take Kārara,21.0,18.3223,Contributing (Year 1-6),State,Dunedin Office,Otago/Southland,Otago Region,Queenstown-Lakes District
2024,748,Ngākōroa School,16.0,9.9962,Full Primary (Year 1-8),State,Auckland Office,Tāmaki Herenga Waka,Auckland Region,Auckland
2024,764,Ahutoetoe School,22.0,18.5635,Contributing (Year 1-6),State,Auckland Office,Tāmaki Herenga Tāngata,Auckland Region,Auckland
2024,767,Nukumea Primary School - Te Kura Tuatahi O Nukumea,8.0,7.9586,Contributing (Year 1-6),State,Auckland Office,Tāmaki Herenga Tāngata,Auckland Region,Auckland
2024,774,Matua Ngaru School,40.0,34.88439999999999,Full Primary (Year 1-8),State,Auckland Office,Tāmaki Herenga Tāngata,Auckland Region,Auckland
2024,780,Te Ao Mārama School,38.0,30.61,Contributing (Year 1-6),State,Hamilton Office,Waikato,Waikato Region,Hamilton City
2024,781,Jireh Christian School,22.0,16.852099999999997,Full Primary (Year 1-8),State : Integrated,Auckland Office,Tāmaki Herenga Manawa,Auckland Region,Auckland
2024,840,Central Auckland Specialist School,67.0,58.2086,Specialist School,State,Auckland Office,Tāmaki Herenga Manawa,Auckland Region,Auckland
2024,846,Suzanne Aubert Catholic School,14.0,11.3787,Contributing (Year 1-6),State : Integrated,Rotorua Office,Bay of Plenty/Waiariki,Bay of Plenty Region,Tauranga City
2024,854,Vanguard Military School,19.0,17.6522,Secondary (Year 9-15),State,Auckland Office,Tāmaki Herenga Tāngata,Auckland Region,Auckland
2024,871,Te Rangihakahaka Centre for Science and Technology,9.0,7.2907,Composite (Year 1-15),State,Rotorua Office,Bay of Plenty/Waiariki,Bay of Plenty Region,Rotorua District
2024,872,Te Kōpuku High,36.0,31.124700000000004,Secondary (Year 7-15),State,Hamilton Office,Waikato,Waikato Region,Hamilton City
2024,873,Te Aratika Academy,6.0,4.6042000000000005,Secondary (Year 9-15),State,Napier Office,Hawke's Bay/Tairāwhiti,Hawke's Bay Region,Hastings District
2024,874,Pacific Advance Secondary School,22.0,19.7093,Secondary (Year 9-15),State,Auckland Office,Tāmaki Herenga Waka,Auckland Region,Auckland
2024,876,South Auckland Middle School,16.0,14.5239,Secondary (Year 7-15),State,Auckland Office,Tāmaki Herenga Waka,Auckland Region,Auckland
2024,877,Middle School West Auckland,15.0,13.5353,Secondary (Year 7-15),State,Auckland Office,Tāmaki Herenga Tāngata,Auckland Region,Auckland
2024,878,Te Wharekura o Ngāti Rongomai,18.0,17.6796,Composite (Year 1-15),State,Rotorua Office,Bay of Plenty/Waiariki,Bay of Plenty Region,Rotorua District
2024,879,Rise UP Academy,9.0,7.819000000000001,Full Primary (Year 1-8),State,Auckland Office,Tāmaki Herenga Waka,Auckland Region,Auckland
2024,880,Waatea School,6.0,5.4415,Full Primary (Year 1-8),State : Integrated,Auckland Office,Tāmaki Herenga Waka,Auckland Region,Auckland
2024,881,Tūranga Tangata Rite,5.0,4.535,Secondary (Year 9-15),State : Integrated,Napier Office,Hawke's Bay/Tairāwhiti,Gisborne Region,Gisborne District
2024,903,Ko Taku Reo - Deaf Education New Zealand,238.0,202.3428,Specialist School,State,Auckland Office,Tāmaki Herenga Tāngata,Canterbury Region,Christchurch City
2024,932,Te Kura ā Iwi o Pawarenga,3.0,1.6705,Full Primary (Year 1-8),State,Whangarei Office,Tai Tokerau,Northland Region,Far North District
2024,941,Iqra School,17.0,12.0561,Composite (Year 1-15),State : Integrated,Auckland Office,Tāmaki Herenga Tāngata,Auckland Region,Auckland
2024,946,Motueka Steiner School,14.0,7.0667,Full Primary (Year 1-8),State : Integrated,Nelson Office,Nelson/Marlborough/West Coast,Tasman Region,Tasman District
2024,949,St Ignatius of Loyola Catholic College,21.0,19.9525,Secondary (Year 7-15),State : Integrated,Auckland Office,Tāmaki Herenga Waka,Auckland Region,Auckland
2024,956,Harvest Christian School,7.0,4.2649,Full Primary (Year 1-8),State : Integrated,Whangarei Office,Tai Tokerau,Northland Region,Far North District
2024,960,TKKM o Tūtūtarakihi,4.0,3.9606,Full Primary (Year 1-8),State,Whangarei Office,Tai Tokerau,Northland Region,Far North District
2024,961,Te Paepae o Aotea,89.0,75.96099999999998,Secondary (Year 7-15),State,Whanganui Office,Taranaki/Whanganui/Manawatū,Taranaki Region,South Taranaki District
2024,1000,Ahipara School,18.0,13.1048,Full Primary (Year 1-8),State,Whangarei Office,Tai Tokerau,Northland Region,Far North District
2024,1001,Aranga School,2.0,1.7291,Full Primary (Year 1-8),State,Whangarei Office,Tai Tokerau,Northland Region,Kaipara District
2024,1002,Arapohue School,4.0,3.3492,Full Primary (Year 1-8),State,Whangarei Office,Tai Tokerau,Northland Region,Kaipara District
2024,1004,Awanui School,4.0,3.3269,Contributing (Year 1-6),State,Whangarei Office,Tai Tokerau,Northland Region,Far North District
2024,1007,Blomfield Special School and Resource Ctre,50.0,39.31679999999999,Specialist School,State,Whangarei Office,Tai Tokerau,Northland Region,Whangarei District
2024,1008,Dargaville Intermediate,11.0,9.5397,Intermediate (Year 7 & 8),State,Whangarei Office,Tai Tokerau,Northland Region,Kaipara District
2024,1009,Dargaville Primary School,30.0,25.2783,Contributing (Year 1-6),State,Whangarei Office,Tai Tokerau,Northland Region,Kaipara District
2024,1011,Glenbervie School,21.0,16.0772,Contributing (Year 1-6),State,Whangarei Office,Tai Tokerau,Northland Region,Whangarei District
2024,1013,Herekino School,4.0,2.2702,Full Primary (Year 1-8),State,Whangarei Office,Tai Tokerau,Northland Region,Far North District
2024,1014,Hikurangi School,11.0,10.7792,Full Primary (Year 1-8),State,Whangarei Office,Tai Tokerau,Northland Region,Whangarei District
2024,1015,Hora Hora School (Te Mai),19.0,18.1962,Contributing (Year 1-6),State,Whangarei Office,Tai Tokerau,Northland Region,Whangarei District
2024,1016,Horeke School,3.0,2.7073,Contributing (Year 1-6),State,Whangarei Office,Tai Tokerau,Northland Region,Far North District
2024,1017,Hukerenui School Years 1-8,17.0,12.0556,Full Primary (Year 1-8),State,Whangarei Office,Tai Tokerau,Northland Region,Whangarei District
2024,1018,Hurupaki School,23.0,20.1579,Contributing (Year 1-6),State,Whangarei Office,Tai Tokerau,Northland Region,Whangarei District
2024,1019,Kaeo School,11.0,7.5537,Contributing (Year 1-6),State,Whangarei Office,Tai Tokerau,Northland Region,Far North District
2024,1020,Kaihu Valley School,2.0,1.1417000000000002,Full Primary (Year 1-8),State,Whangarei Office,Tai Tokerau,Northland Region,Kaipara District
2024,1021,Kaikohe East School,18.0,16.3547,Contributing (Year 1-6),State,Whangarei Office,Tai Tokerau,Northland Region,Far North District
2024,1022,Kaikohe Intermediate,9.0,8.2804,Intermediate (Year 7 & 8),State,Whangarei Office,Tai Tokerau,Northland Region,Far North District
2024,1023,Kaikohe West School,12.0,9.5104,Contributing (Year 1-6),State,Whangarei Office,Tai Tokerau,Northland Region,Far North District
2024,1024,Kaingaroa School (Kaitaia),14.0,9.8512,Full Primary (Year 1-8),State,Whangarei Office,Tai Tokerau,Northland Region,Far North District
2024,1025,Kaitaia Intermediate,17.0,14.7915,Intermediate (Year 7 & 8),State,Whangarei Office,Tai Tokerau,Northland Region,Far North District
2024,1026,Kaitaia School,55.0,53.431,Contributing (Year 1-6),State,Whangarei Office,Tai Tokerau,Northland Region,Far North District
2024,1027,Kaiwaka School,11.0,9.5108,Contributing (Year 1-6),State,Whangarei Office,Tai Tokerau,Northland Region,Kaipara District
2024,1028,Totara Grove School,23.0,18.7339,Contributing (Year 1-6),State,Whangarei Office,Tai Tokerau,Northland Region,Whangarei District
2024,1029,Te Kamo Intermediate School,52.0,42.6328,Intermediate (Year 7 & 8),State,Whangarei Office,Tai Tokerau,Northland Region,Whangarei District
2024,1030,Kamo School,34.0,26.8219,Contributing (Year 1-6),State,Whangarei Office,Tai Tokerau,Northland Region,Whangarei District
2024,1031,Karetu School,7.0,6.0711,Full Primary (Year 1-8),State,Whangarei Office,Tai Tokerau,Northland Region,Far North District
2024,1032,Kaurihohore School,14.0,11.8434,Contributing (Year 1-6),State,Whangarei Office,Tai Tokerau,Northland Region,Whangarei District
2024,1033,Kawakawa Primary School,13.0,10.1831,Full Primary (Year 1-8),State,Whangarei Office,Tai Tokerau,Northland Region,Far North District
2024,1034,Kerikeri Primary School,31.0,26.805300000000003,Contributing (Year 1-6),State,Whangarei Office,Tai Tokerau,Northland Region,Far North District
2024,1035,Kohukohu School,4.0,2.2369000000000003,Full Primary (Year 1-8),State,Whangarei Office,Tai Tokerau,Northland Region,Far North District
2024,1036,Kokopu School,7.0,6.6381,Full Primary (Year 1-8),State,Whangarei Office,Tai Tokerau,Northland Region,Whangarei District
2024,1037,Mangamuka School,2.0,1.7348,Contributing (Year 1-6),State,Whangarei Office,Tai Tokerau,Northland Region,Far North District
2024,1038,Mangawhai Beach School,49.0,40.08289999999999,Full Primary (Year 1-8),State,Whangarei Office,Tai Tokerau,Northland Region,Kaipara District
2024,1039,Mangonui School,11.0,7.8423,Contributing (Year 1-6),State,Whangarei Office,Tai Tokerau,Northland Region,Far North District
2024,1042,Matakohe School,5.0,3.8363,Full Primary (Year 1-8),State,Whangarei Office,Tai Tokerau,Northland Region,Kaipara District
2024,1043,Matarau School,25.0,18.984,Full Primary (Year 1-8),State,Whangarei Office,Tai Tokerau,Northland Region,Whangarei District
2024,1044,Matauri Bay School,7.0,7.0672,Contributing (Year 1-6),State,Whangarei Office,Tai Tokerau,Northland Region,Far North District
2024,1046,Te Kura o Mātihetihe,3.0,2.1068,Composite (Year 1-15),State,Whangarei Office,Tai Tokerau,Northland Region,Far North District
2024,1047,Maungakaramea School,9.0,8.0886,Full Primary (Year 1-8),State,Whangarei Office,Tai Tokerau,Northland Region,Whangarei District
2024,1048,Maungatapere School,23.0,19.457,Full Primary (Year 1-8),State,Whangarei Office,Tai Tokerau,Northland Region,Whangarei District
2024,1049,Maungaturoto School,21.0,15.7115,Contributing (Year 1-6),State,Whangarei Office,Tai Tokerau,Northland Region,Kaipara District
2024,1050,Maunu School,25.0,19.6611,Contributing (Year 1-6),State,Whangarei Office,Tai Tokerau,Northland Region,Whangarei District
2024,1052,Morningside School,61.0,51.5709,Contributing (Year 1-6),State,Whangarei Office,Tai Tokerau,Northland Region,Whangarei District
2024,1053,Motatau School,8.0,6.3472,Full Primary (Year 1-8),State,Whangarei Office,Tai Tokerau,Northland Region,Far North District
2024,1055,Ngataki School,7.0,6.077,Composite (Year 1-15),State,Whangarei Office,Tai Tokerau,Northland Region,Far North District
2024,1056,Ngunguru School,15.0,14.1918,Full Primary (Year 1-8),State,Whangarei Office,Tai Tokerau,Northland Region,Whangarei District
2024,1058,Ohaeawai School,10.0,9.2256,Contributing (Year 1-6),State,Whangarei Office,Tai Tokerau,Northland Region,Far North District
2024,1059,Okaihau Primary School,12.0,10.312,Contributing (Year 1-6),State,Whangarei Office,Tai Tokerau,Northland Region,Far North District
2024,1060,Te Kura o Ōmanaia,8.0,5.7341,Full Primary (Year 1-8),State,Whangarei Office,Tai Tokerau,Northland Region,Far North District
2024,1061,One Tree Point School,19.0,14.3188,Contributing (Year 1-6),State,Whangarei Office,Tai Tokerau,Northland Region,Whangarei District
2024,1062,Onerahi School,32.0,26.6274,Contributing (Year 1-6),State,Whangarei Office,Tai Tokerau,Northland Region,Whangarei District
2024,1063,Opua School,6.0,5.9505,Full Primary (Year 1-8),State,Whangarei Office,Tai Tokerau,Northland Region,Far North District
2024,1065,Oromahoe School,12.0,10.5773,Full Primary (Year 1-8),State,Whangarei Office,Tai Tokerau,Northland Region,Far North District
2024,1066,Oruaiti School,12.0,10.9591,Full Primary (Year 1-8),State,Whangarei Office,Tai Tokerau,Northland Region,Far North District
2024,1068,Otaika Valley School,8.0,7.8279,Contributing (Year 1-6),State,Whangarei Office,Tai Tokerau,Northland Region,Whangarei District
2024,1069,Te Kura o Otangarei,6.0,5.3454,Full Primary (Year 1-8),State,Whangarei Office,Tai Tokerau,Northland Region,Whangarei District
2024,1071,Oturu School,12.0,9.4303,Full Primary (Year 1-8),State,Whangarei Office,Tai Tokerau,Northland Region,Far North District
2024,1072,Paihia School,8.0,7.953200000000001,Full Primary (Year 1-8),State,Whangarei Office,Tai Tokerau,Northland Region,Far North District
2024,1073,Pakaraka School,4.0,3.521,Full Primary (Year 1-8),State,Whangarei Office,Tai Tokerau,Northland Region,Far North District
2024,1074,Pakiri School,2.0,1.4259,Full Primary (Year 1-8),State,Auckland Office,Tāmaki Herenga Tāngata,Auckland Region,Auckland
2024,1075,Pakotai School,3.0,2.0794,Full Primary (Year 1-8),State,Whangarei Office,Tai Tokerau,Northland Region,Whangarei District
2024,1076,Pamapuria School,8.0,7.234500000000001,Full Primary (Year 1-8),State,Whangarei Office,Tai Tokerau,Northland Region,Far North District
2024,1077,Paparoa School,4.0,3.0338000000000003,Contributing (Year 1-6),State,Whangarei Office,Tai Tokerau,Northland Region,Kaipara District
2024,1078,Paparore School,11.0,8.4871,Contributing (Year 1-6),State,Whangarei Office,Tai Tokerau,Northland Region,Far North District
2024,1080,Parua Bay School,21.0,18.153,Full Primary (Year 1-8),State,Whangarei Office,Tai Tokerau,Northland Region,Whangarei District
2024,1081,Peria School,7.0,5.6343,Full Primary (Year 1-8),State,Whangarei Office,Tai Tokerau,Northland Region,Far North District
2024,1082,Pompallier Catholic School,15.0,10.1761,Full Primary (Year 1-8),State : Integrated,Whangarei Office,Tai Tokerau,Northland Region,Far North District
2024,1083,Poroti School,6.0,3.4867,Full Primary (Year 1-8),State,Whangarei Office,Tai Tokerau,Northland Region,Whangarei District
2024,1084,Portland School,7.0,5.9889,Contributing (Year 1-6),State,Whangarei Office,Tai Tokerau,Northland Region,Whangarei District
2024,1085,Pouto School,1.0,1.0,Full Primary (Year 1-8),State,Whangarei Office,Tai Tokerau,Northland Region,Kaipara District
2024,1086,Pukenui School (Kaitaia),9.0,7.3298,Full Primary (Year 1-8),State,Whangarei Office,Tai Tokerau,Northland Region,Far North District
2024,1087,Pukepoto School,2.0,2.0,Contributing (Year 1-6),State,Whangarei Office,Tai Tokerau,Northland Region,Far North District
2024,1089,Purua School,4.0,2.716,Full Primary (Year 1-8),State,Whangarei Office,Tai Tokerau,Northland Region,Whangarei District
2024,1092,Raurimu Avenue School,8.0,5.1999,Full Primary (Year 1-8),State,Whangarei Office,Tai Tokerau,Northland Region,Whangarei District
2024,1093,Rawene School,11.0,7.863899999999999,Full Primary (Year 1-8),State,Whangarei Office,Tai Tokerau,Northland Region,Far North District
2024,1094,Ruakākā School,28.0,22.3624,Contributing (Year 1-6),State,Whangarei Office,Tai Tokerau,Northland Region,Whangarei District
2024,1095,Ruawai Primary School,10.0,8.8441,Contributing (Year 1-6),State,Whangarei Office,Tai Tokerau,Northland Region,Kaipara District
2024,1096,Russell School (Bay Of Islands),6.0,4.9057,Full Primary (Year 1-8),State,Whangarei Office,Tai Tokerau,Northland Region,Far North District
2024,1097,Selwyn Park School,8.0,6.9627,Contributing (Year 1-6),State,Whangarei Office,Tai Tokerau,Northland Region,Kaipara District
2024,1098,St Joseph's Catholic School (Dargaville),7.0,6.6562,Full Primary (Year 1-8),State : Integrated,Whangarei Office,Tai Tokerau,Northland Region,Kaipara District
2024,1100,Te Kura o Hato Hohepa Te Kamura,3.0,2.8,Full Primary (Year 1-8),State : Integrated,Whangarei Office,Tai Tokerau,Northland Region,Far North District
2024,1104,Tangiteroria School,3.0,2.877,Full Primary (Year 1-8),State,Whangarei Office,Tai Tokerau,Northland Region,Kaipara District
2024,1105,Tangowahine School,3.0,2.1833,Full Primary (Year 1-8),State,Whangarei Office,Tai Tokerau,Northland Region,Kaipara District
2024,1106,Tapora School,4.0,1.6666,Full Primary (Year 1-8),State,Auckland Office,Tāmaki Herenga Tāngata,Auckland Region,Auckland
2024,1107,Tauhoa School,5.0,4.1178,Full Primary (Year 1-8),State,Auckland Office,Tāmaki Herenga Tāngata,Auckland Region,Auckland
2024,1109,Te Hapua School,2.0,1.6516,Full Primary (Year 1-8),State,Whangarei Office,Tai Tokerau,Northland Region,Far North District
2024,1110,Te Horo School (Whangarei),3.0,2.2034,Full Primary (Year 1-8),State,Whangarei Office,Tai Tokerau,Northland Region,Whangarei District
2024,1111,Te Kopuru School,12.0,9.9807,Full Primary (Year 1-8),State,Whangarei Office,Tai Tokerau,Northland Region,Kaipara District
2024,1112,Bay of Islands International Academy,7.0,5.8294,Full Primary (Year 1-8),State,Whangarei Office,Tai Tokerau,Northland Region,Far North District
2024,1113,Tikipunga Primary School,19.0,18.2731,Contributing (Year 1-6),State,Whangarei Office,Tai Tokerau,Northland Region,Whangarei District
2024,1114,Tinopai School,2.0,1.2062,Full Primary (Year 1-8),State,Whangarei Office,Tai Tokerau,Northland Region,Kaipara District
2024,1115,Tomarata School,7.0,5.763700000000001,Full Primary (Year 1-8),State,Auckland Office,Tāmaki Herenga Tāngata,Auckland Region,Auckland
2024,1116,Totara North School,3.0,2.765,Contributing (Year 1-6),State,Whangarei Office,Tai Tokerau,Northland Region,Far North District
2024,1119,Umawera School,3.0,2.6618,Contributing (Year 1-6),State,Whangarei Office,Tai Tokerau,Northland Region,Far North District
2024,1120,Waihārara School,3.0,2.9752,Full Primary (Year 1-8),State,Whangarei Office,Tai Tokerau,Northland Region,Far North District
2024,1122,Waima School,4.0,4.0649,Full Primary (Year 1-8),State,Whangarei Office,Tai Tokerau,Northland Region,Far North District
2024,1124,Waiotira School,3.0,2.5934,Contributing (Year 1-6),State,Whangarei Office,Tai Tokerau,Northland Region,Whangarei District
2024,1125,Waipu School,22.0,15.949600000000002,Contributing (Year 1-6),State,Whangarei Office,Tai Tokerau,Northland Region,Whangarei District
2024,1126,Wellsford School,22.0,21.0081,Full Primary (Year 1-8),State,Auckland Office,Tāmaki Herenga Tāngata,Auckland Region,Auckland
2024,1127,Whananaki School,6.0,3.7927,Full Primary (Year 1-8),State,Whangarei Office,Tai Tokerau,Northland Region,Whangarei District
2024,1128,Whangarei Heads School,12.0,9.5044,Full Primary (Year 1-8),State,Whangarei Office,Tai Tokerau,Northland Region,Whangarei District
2024,1129,Whangarei Intermediate,38.0,34.1511,Intermediate (Year 7 & 8),State,Whangarei Office,Tai Tokerau,Northland Region,Whangarei District
2024,1130,Whangarei School,32.0,27.9826,Contributing (Year 1-6),State,Whangarei Office,Tai Tokerau,Northland Region,Whangarei District
2024,1131,Whau Valley School,24.0,20.9463,Contributing (Year 1-6),State,Whangarei Office,Tai Tokerau,Northland Region,Whangarei District
2024,1138,Renew School,21.0,17.9954,Composite (Year 1-15),State : Integrated,Whangarei Office,Tai Tokerau,Northland Region,Whangarei District
2024,1139,Lake Taupo Christian School,15.0,11.1572,Composite (Year 1-15),State : Integrated,Rotorua Office,Bay of Plenty/Waiariki,Waikato Region,Taupo District
2024,1142,TKKM o Takapau,6.0,2.4335,Full Primary (Year 1-8),State,Napier Office,Hawke's Bay/Tairāwhiti,Hawke's Bay Region,Central Hawke's Bay District
2024,1143,TKKM o Nga Mokopuna,13.0,9.6016,Composite (Year 1-15),State,Lower Hutt Office,Wellington,Wellington Region,Wellington City
2024,1147,Te Rangi Aniwaniwa,27.0,23.235499999999995,Composite (Year 1-15),State,Whangarei Office,Tai Tokerau,Northland Region,Far North District
2024,1148,Nelson Christian Academy,25.0,19.1047,Full Primary (Year 1-8),State : Integrated,Nelson Office,Nelson/Marlborough/West Coast,Nelson Region,Nelson City
2024,1149,Sonrise Christian School,16.0,12.7823,Composite (Year 1-15),State : Integrated,Napier Office,Hawke's Bay/Tairāwhiti,Gisborne Region,Gisborne District
2024,1151,TKKM o Te Puaha o Waikato,3.0,2.7005,Full Primary (Year 1-8),State,Hamilton Office,Waikato,Waikato Region,Waikato District
2024,1153,TKKM o Te Koutu,37.0,32.9391,Composite (Year 1-15),State,Rotorua Office,Bay of Plenty/Waiariki,Bay of Plenty Region,Rotorua District
2024,1154,TKKM o Te Rawhiti Roa,21.0,18.8927,Composite (Year 1-15),State,Whangarei Office,Tai Tokerau,Northland Region,Whangarei District
2024,1156,Horizon School,28.0,17.6376,Composite (Year 1-15),State : Integrated,Auckland Office,Tāmaki Herenga Tāngata,Auckland Region,Auckland
2024,1164,Everglade School,34.0,28.7258,Contributing (Year 1-6),State,Auckland Office,Tāmaki Herenga Waka,Auckland Region,Auckland
2024,1165,TKKM o Ruamata,27.0,25.5563,Composite (Year 1-15),State,Rotorua Office,Bay of Plenty/Waiariki,Bay of Plenty Region,Rotorua District
2024,1167,Wanaka Primary School,32.0,27.620800000000003,Contributing (Year 1-6),State,Dunedin Office,Otago/Southland,Otago Region,Queenstown-Lakes District
2024,1168,Emmanuel Christian School,19.0,17.334200000000003,Composite (Year 1-15),State : Integrated,Christchurch Office,Canterbury/Chatham Islands,Canterbury Region,Christchurch City
2024,1169,Paeroa Christian School,5.0,4.4439,Full Primary (Year 1-8),State : Integrated,Hamilton Office,Waikato,Waikato Region,Hauraki District
2024,1170,Whakatane S D A School,5.0,3.1486,Full Primary (Year 1-8),State : Integrated,Rotorua Office,Bay of Plenty/Waiariki,Bay of Plenty Region,Whakatane District
2024,1172,Cornerstone Christian School,56.0,45.62259999999999,Composite (Year 1-15),State : Integrated,Whanganui Office,Taranaki/Whanganui/Manawatū,Manawatū-Whanganui Region,Palmerston North City
2024,1175,Kaikohe Christian School,19.0,14.3867,Composite (Year 1-15),State : Integrated,Whangarei Office,Tai Tokerau,Northland Region,Far North District
2024,1177,Te Huruhi School,22.0,16.576500000000003,Contributing (Year 1-6),State,Auckland Office,Tāmaki Herenga Manawa,Auckland Region,Auckland
2024,1178,Tasman Bay Christian School,5.0,4.1993,Full Primary (Year 1-8),State : Integrated,Nelson Office,Nelson/Marlborough/West Coast,Tasman Region,Tasman District
2024,1179,Maranatha Christian School,11.0,8.7599,Full Primary (Year 1-8),State : Integrated,Lower Hutt Office,Wellington,Wellington Region,Lower Hutt City
2024,1184,Hāwera Christian School,3.0,2.2938,Full Primary (Year 1-8),State : Integrated,Whanganui Office,Taranaki/Whanganui/Manawatū,Taranaki Region,South Taranaki District
2024,1186,Matamata Christian School,10.0,6.612299999999999,Full Primary (Year 1-8),State : Integrated,Hamilton Office,Waikato,Waikato Region,Matamata-Piako District
2024,1187,Tauranga Waldorf School,18.0,12.2459,Full Primary (Year 1-8),State : Integrated,Rotorua Office,Bay of Plenty/Waiariki,Bay of Plenty Region,Tauranga City
2024,1189,Wā Ora Montessori,28.0,24.1263,Composite (Year 1-15),State : Integrated,Lower Hutt Office,Wellington,Wellington Region,Lower Hutt City
2024,1190,Elim Christian College,78.0,68.11139999999999,Composite (Year 1-15),State : Integrated,Auckland Office,Tāmaki Herenga Manawa,Auckland Region,Auckland
2024,1192,Dunedin Rudolf Steiner School,6.0,5.372,Full Primary (Year 1-8),State : Integrated,Dunedin Office,Otago/Southland,Otago Region,Dunedin City
2024,1194,Red Beach School,54.0,45.78490000000001,Contributing (Year 1-6),State,Auckland Office,Tāmaki Herenga Tāngata,Auckland Region,Auckland
2024,1195,Adventure School,32.0,26.4565,Full Primary (Year 1-8),State,Lower Hutt Office,Wellington,Wellington Region,Porirua City
2024,1200,Ahuroa School,5.0,4.9821,Full Primary (Year 1-8),State,Auckland Office,Tāmaki Herenga Tāngata,Auckland Region,Auckland
2024,1201,Aka Aka School,6.0,4.8801,Full Primary (Year 1-8),State,Auckland Office,Tāmaki Herenga Waka,Waikato Region,Waikato District
2024,1202,Albany School,57.0,47.0127,Contributing (Year 1-6),State,Auckland Office,Tāmaki Herenga Tāngata,Auckland Region,Auckland
2024,1203,Alfriston School,24.0,18.9893,Full Primary (Year 1-8),State,Auckland Office,Tāmaki Herenga Waka,Auckland Region,Auckland
2024,1204,Anchorage Park School,7.0,7.0643,Contributing (Year 1-6),State,Auckland Office,Tāmaki Herenga Manawa,Auckland Region,Auckland
2024,1206,Arahoe School,35.0,28.0183,Contributing (Year 1-6),State,Auckland Office,Tāmaki Herenga Tāngata,Auckland Region,Auckland
2024,1207,Ararimu School,10.0,8.7038,Full Primary (Year 1-8),State,Auckland Office,Tāmaki Herenga Waka,Auckland Region,Auckland
2024,1208,Ardmore School,29.0,22.6215,Full Primary (Year 1-8),State,Auckland Office,Tāmaki Herenga Waka,Auckland Region,Auckland
2024,1209,Arohanui Special School,61.0,55.7314,Specialist School,State,Auckland Office,Tāmaki Herenga Tāngata,Auckland Region,Auckland
2024,1210,Northern Health School,248.0,179.78480000000005,Specialist School,State,Auckland Office,Tāmaki Herenga Manawa,Auckland Region,Auckland
2024,1211,Auckland Normal Intermediate,50.0,42.5565,Intermediate (Year 7 & 8),State,Auckland Office,Tāmaki Herenga Manawa,Auckland Region,Auckland
2024,1212,Avondale Intermediate,25.0,23.5054,Intermediate (Year 7 & 8),State,Auckland Office,Tāmaki Herenga Manawa,Auckland Region,Auckland
2024,1213,Avondale Primary School (Auckland),22.0,20.452,Contributing (Year 1-6),State,Auckland Office,Tāmaki Herenga Manawa,Auckland Region,Auckland
2024,1214,Awhitu District School,7.0,5.9371,Full Primary (Year 1-8),State,Auckland Office,Tāmaki Herenga Waka,Auckland Region,Auckland
2024,1215,Sir Douglas Bader Intermediate School,21.0,16.714000000000002,Intermediate (Year 7 & 8),State,Auckland Office,Tāmaki Herenga Waka,Auckland Region,Auckland
2024,1216,Bailey Road School,26.0,24.3333,Full Primary (Year 1-8),State,Auckland Office,Tāmaki Herenga Manawa,Auckland Region,Auckland
2024,1217,Sir Edmund Hillary Collegiate Middle School,16.0,14.1711,Intermediate (Year 7 & 8),State,Auckland Office,Tāmaki Herenga Waka,Auckland Region,Auckland
2024,1218,Bairds Mainfreight Primary School,23.0,19.02,Contributing (Year 1-6),State,Auckland Office,Tāmaki Herenga Waka,Auckland Region,Auckland
2024,1219,Balmoral School (Auckland),50.0,44.14489999999999,Full Primary (Year 1-8),State,Auckland Office,Tāmaki Herenga Manawa,Auckland Region,Auckland
2024,1220,Bayfield School,26.0,21.4454,Contributing (Year 1-6),State,Auckland Office,Tāmaki Herenga Manawa,Auckland Region,Auckland
2024,1221,Bayswater School,11.0,9.3456,Contributing (Year 1-6),State,Auckland Office,Tāmaki Herenga Tāngata,Auckland Region,Auckland
2024,1222,Bayview School,27.0,23.9766,Contributing (Year 1-6),State,Auckland Office,Tāmaki Herenga Tāngata,Auckland Region,Auckland
2024,1223,Beach Haven School,68.0,62.17,Contributing (Year 1-6),State,Auckland Office,Tāmaki Herenga Tāngata,Auckland Region,Auckland
2024,1224,Beachlands School,43.0,35.67139999999999,Full Primary (Year 1-8),State,Auckland Office,Tāmaki Herenga Manawa,Auckland Region,Auckland
2024,1225,Belmont Intermediate,40.0,34.6517,Intermediate (Year 7 & 8),State,Auckland Office,Tāmaki Herenga Tāngata,Auckland Region,Auckland
2024,1226,Belmont School (Auckland),28.0,23.8303,Contributing (Year 1-6),State,Auckland Office,Tāmaki Herenga Tāngata,Auckland Region,Auckland
2024,1227,Birdwood School,20.0,16.701700000000002,Full Primary (Year 1-8),State,Auckland Office,Tāmaki Herenga Tāngata,Auckland Region,Auckland
2024,1228,Birkdale Intermediate,24.0,22.534800000000004,Intermediate (Year 7 & 8),State,Auckland Office,Tāmaki Herenga Tāngata,Auckland Region,Auckland
2024,1229,Birkdale North School,12.0,10.0774,Contributing (Year 1-6),State,Auckland Office,Tāmaki Herenga Tāngata,Auckland Region,Auckland
2024,1230,Birkdale Primary School,17.0,14.7799,Contributing (Year 1-6),State,Auckland Office,Tāmaki Herenga Tāngata,Auckland Region,Auckland
2024,1231,Birkenhead School,35.0,27.0382,Contributing (Year 1-6),State,Auckland Office,Tāmaki Herenga Tāngata,Auckland Region,Auckland
2024,1232,Blockhouse Bay Intermediate,46.0,41.686800000000005,Intermediate (Year 7 & 8),State,Auckland Office,Tāmaki Herenga Manawa,Auckland Region,Auckland
2024,1233,Blockhouse Bay School,38.0,29.6067,Contributing (Year 1-6),State,Auckland Office,Tāmaki Herenga Manawa,Auckland Region,Auckland
2024,1234,Bombay School,25.0,20.481800000000003,Full Primary (Year 1-8),State,Auckland Office,Tāmaki Herenga Waka,Auckland Region,Auckland
2024,1235,Botany Downs School,33.0,29.7322,Contributing (Year 1-6),State,Auckland Office,Tāmaki Herenga Manawa,Auckland Region,Auckland
2024,1236,Brookby School,8.0,7.0659,Full Primary (Year 1-8),State,Auckland Office,Tāmaki Herenga Manawa,Auckland Region,Auckland
2024,1237,Browns Bay School,40.0,33.683600000000006,Contributing (Year 1-6),State,Auckland Office,Tāmaki Herenga Tāngata,Auckland Region,Auckland
2024,1238,Bruce McLaren Intermediate,19.0,15.5574,Intermediate (Year 7 & 8),State,Auckland Office,Tāmaki Herenga Tāngata,Auckland Region,Auckland
2024,1239,Buckland School,16.0,14.3948,Full Primary (Year 1-8),State,Auckland Office,Tāmaki Herenga Waka,Auckland Region,Auckland
2024,1240,Bucklands Beach Intermediate,51.0,47.0407,Intermediate (Year 7 & 8),State,Auckland Office,Tāmaki Herenga Manawa,Auckland Region,Auckland
2024,1241,Bucklands Beach Primary School,29.0,24.2275,Contributing (Year 1-6),State,Auckland Office,Tāmaki Herenga Manawa,Auckland Region,Auckland
2024,1242,Campbells Bay School,58.0,46.11890000000001,Contributing (Year 1-6),State,Auckland Office,Tāmaki Herenga Tāngata,Auckland Region,Auckland
2024,1243,Chaucer School,16.0,11.6765,Contributing (Year 1-6),State,Auckland Office,Tāmaki Herenga Manawa,Auckland Region,Auckland
2024,1244,Chelsea School,27.0,21.6556,Contributing (Year 1-6),State,Auckland Office,Tāmaki Herenga Tāngata,Auckland Region,Auckland
2024,1245,Christ the King Catholic School (Owairaka),8.0,7.2503,Full Primary (Year 1-8),State : Integrated,Auckland Office,Tāmaki Herenga Manawa,Auckland Region,Auckland
2024,1246,Churchill Park School,29.0,24.3637,Full Primary (Year 1-8),State,Auckland Office,Tāmaki Herenga Manawa,Auckland Region,Auckland
2024,1247,Clayton Park School,23.0,19.8846,Full Primary (Year 1-8),State,Auckland Office,Tāmaki Herenga Waka,Auckland Region,Auckland
2024,1248,Clendon Park School,40.0,37.0399,Contributing (Year 1-6),State,Auckland Office,Tāmaki Herenga Waka,Auckland Region,Auckland
2024,1249,Clevedon School,29.0,22.9949,Full Primary (Year 1-8),State,Auckland Office,Tāmaki Herenga Manawa,Auckland Region,Auckland
2024,1251,Sir Edmund Hillary Collegiate Junior School,23.0,20.3458,Contributing (Year 1-6),State,Auckland Office,Tāmaki Herenga Waka,Auckland Region,Auckland
2024,1252,Coatesville School,23.0,18.1867,Contributing (Year 1-6),State,Auckland Office,Tāmaki Herenga Tāngata,Auckland Region,Auckland
2024,1253,Cockle Bay School,48.0,41.19910000000001,Contributing (Year 1-6),State,Auckland Office,Tāmaki Herenga Manawa,Auckland Region,Auckland
2024,1254,Colwill School Massey,19.0,17.011000000000003,Full Primary (Year 1-8),State,Auckland Office,Tāmaki Herenga Tāngata,Auckland Region,Auckland
2024,1255,Conifer Grove School,38.0,32.3334,Full Primary (Year 1-8),State,Auckland Office,Tāmaki Herenga Waka,Auckland Region,Auckland
2024,1256,Cornwall Park District School,43.0,35.3664,Contributing (Year 1-6),State,Auckland Office,Tāmaki Herenga Manawa,Auckland Region,Auckland
2024,1257,Cosgrove School,33.0,29.0986,Contributing (Year 1-6),State,Auckland Office,Tāmaki Herenga Waka,Auckland Region,Auckland
2024,1258,Dairy Flat School,23.0,19.523000000000003,Contributing (Year 1-6),State,Auckland Office,Tāmaki Herenga Tāngata,Auckland Region,Auckland
2024,1259,Dawson School,19.0,17.034299999999998,Contributing (Year 1-6),State,Auckland Office,Tāmaki Herenga Waka,Auckland Region,Auckland
2024,1260,Devonport Primary School,16.0,14.206499999999998,Contributing (Year 1-6),State,Auckland Office,Tāmaki Herenga Tāngata,Auckland Region,Auckland
2024,1261,Dominion Road School,16.0,14.9829,Contributing (Year 1-6),State,Auckland Office,Tāmaki Herenga Manawa,Auckland Region,Auckland
2024,1262,Don Buck School,14.0,13.3421,Full Primary (Year 1-8),State,Auckland Office,Tāmaki Herenga Tāngata,Auckland Region,Auckland
2024,1263,Drury School,28.0,22.9815,Full Primary (Year 1-8),State,Auckland Office,Tāmaki Herenga Waka,Auckland Region,Auckland
2024,1264,East Tamaki School,15.0,11.259999999999998,Contributing (Year 1-6),State,Auckland Office,Tāmaki Herenga Waka,Auckland Region,Auckland
2024,1265,Edendale School (Auckland),37.0,32.258,Contributing (Year 1-6),State,Auckland Office,Tāmaki Herenga Manawa,Auckland Region,Auckland
2024,1266,Edmonton School,18.0,13.8233,Contributing (Year 1-6),State,Auckland Office,Tāmaki Herenga Tāngata,Auckland Region,Auckland
2024,1267,Edmund Hillary School,17.0,15.0918,Full Primary (Year 1-8),State,Auckland Office,Tāmaki Herenga Waka,Auckland Region,Auckland
2024,1268,Ellerslie School,47.0,41.3179,Full Primary (Year 1-8),State,Auckland Office,Tāmaki Herenga Manawa,Auckland Region,Auckland
2024,1269,Elm Park School,35.0,31.79,Contributing (Year 1-6),State,Auckland Office,Tāmaki Herenga Manawa,Auckland Region,Auckland
2024,1270,Epsom Normal School,42.0,35.334300000000006,Contributing (Year 1-6),State,Auckland Office,Tāmaki Herenga Manawa,Auckland Region,Auckland
2024,1271,Fairburn School,33.0,30.3868,Contributing (Year 1-6),State,Auckland Office,Tāmaki Herenga Waka,Auckland Region,Auckland
2024,1272,Farm Cove Intermediate,29.0,25.9071,Intermediate (Year 7 & 8),State,Auckland Office,Tāmaki Herenga Manawa,Auckland Region,Auckland
2024,1273,Favona School,28.0,27.1078,Contributing (Year 1-6),State,Auckland Office,Tāmaki Herenga Waka,Auckland Region,Auckland
2024,1274,Ferguson Intermediate (Otara),26.0,24.4421,Intermediate (Year 7 & 8),State,Auckland Office,Tāmaki Herenga Waka,Auckland Region,Auckland
2024,1275,Finlayson Park School,64.0,56.781199999999984,Contributing (Year 1-6),State,Auckland Office,Tāmaki Herenga Waka,Auckland Region,Auckland
2024,1276,Flanshaw Road School,22.0,19.7616,Contributing (Year 1-6),State,Auckland Office,Tāmaki Herenga Tāngata,Auckland Region,Auckland
2024,1277,Flat Bush School,30.0,25.8619,Contributing (Year 1-6),State,Auckland Office,Tāmaki Herenga Waka,Auckland Region,Auckland
2024,1278,Forrest Hill School,37.0,27.981599999999997,Contributing (Year 1-6),State,Auckland Office,Tāmaki Herenga Tāngata,Auckland Region,Auckland
2024,1279,Freemans Bay School,47.0,36.349500000000006,Contributing (Year 1-6),State,Auckland Office,Tāmaki Herenga Manawa,Auckland Region,Auckland
2024,1280,Freyberg Community School,29.0,24.023,Contributing (Year 1-6),State,Auckland Office,Tāmaki Herenga Tāngata,Auckland Region,Auckland
2024,1281,Fruitvale Road School,48.0,45.7114,Contributing (Year 1-6),State,Auckland Office,Tāmaki Herenga Tāngata,Auckland Region,Auckland
2024,1282,Gladstone School (Auckland),49.0,43.26330000000001,Contributing (Year 1-6),State,Auckland Office,Tāmaki Herenga Manawa,Auckland Region,Auckland
2024,1283,Glamorgan School,40.0,31.99130000000001,Contributing (Year 1-6),State,Auckland Office,Tāmaki Herenga Tāngata,Auckland Region,Auckland
2024,1284,Glen Eden Intermediate,58.0,51.7427,Intermediate (Year 7 & 8),State,Auckland Office,Tāmaki Herenga Tāngata,Auckland Region,Auckland
2024,1285,Glen Eden School,23.0,19.6806,Contributing (Year 1-6),State,Auckland Office,Tāmaki Herenga Tāngata,Auckland Region,Auckland
2024,1287,Glen Innes School,14.0,11.1763,Full Primary (Year 1-8),State,Auckland Office,Tāmaki Herenga Manawa,Auckland Region,Auckland
2024,1289,Glen Taylor School,21.0,16.522799999999997,Full Primary (Year 1-8),State,Auckland Office,Tāmaki Herenga Manawa,Auckland Region,Auckland
2024,1290,Glenavon School,30.0,26.1635,Full Primary (Year 1-8),State,Auckland Office,Tāmaki Herenga Manawa,Auckland Region,Auckland
2024,1291,Glenbrae Primary School,14.0,11.2452,Full Primary (Year 1-8),State,Auckland Office,Tāmaki Herenga Manawa,Auckland Region,Auckland
2024,1292,Glenbrook School,19.0,15.3221,Full Primary (Year 1-8),State,Auckland Office,Tāmaki Herenga Waka,Auckland Region,Auckland
2024,1293,Glendene School,8.0,7.8625,Contributing (Year 1-6),State,Auckland Office,Tāmaki Herenga Tāngata,Auckland Region,Auckland
2024,1294,Glendowie School,46.0,38.2161,Full Primary (Year 1-8),State,Auckland Office,Tāmaki Herenga Manawa,Auckland Region,Auckland
2024,1295,Glenfield Intermediate,26.0,22.6783,Intermediate (Year 7 & 8),State,Auckland Office,Tāmaki Herenga Tāngata,Auckland Region,Auckland
2024,1296,Glenfield Primary School,22.0,18.6545,Contributing (Year 1-6),State,Auckland Office,Tāmaki Herenga Tāngata,Auckland Region,Auckland
2024,1297,Good Shepherd School (Balmoral),15.0,12.5691,Contributing (Year 1-6),State : Integrated,Auckland Office,Tāmaki Herenga Manawa,Auckland Region,Auckland
2024,1298,Green Bay Primary School,42.0,35.7347,Full Primary (Year 1-8),State,Auckland Office,Tāmaki Herenga Tāngata,Auckland Region,Auckland
2024,1299,Greenhithe School,32.0,27.370700000000003,Contributing (Year 1-6),State,Auckland Office,Tāmaki Herenga Tāngata,Auckland Region,Auckland
2024,1300,Greenmeadows Intermediate,30.0,27.0333,Intermediate (Year 7 & 8),State,Auckland Office,Tāmaki Herenga Waka,Auckland Region,Auckland
2024,1301,Grey Lynn School,16.0,14.1451,Contributing (Year 1-6),State,Auckland Office,Tāmaki Herenga Manawa,Auckland Region,Auckland
2024,1302,Halsey Drive School,29.0,23.7939,Contributing (Year 1-6),State,Auckland Office,Tāmaki Herenga Manawa,Auckland Region,Auckland
2024,1303,Harrisville School,12.0,10.6216,Contributing (Year 1-6),State,Auckland Office,Tāmaki Herenga Waka,Waikato Region,Waikato District
2024,1304,Hauraki School,39.0,29.1004,Contributing (Year 1-6),State,Auckland Office,Tāmaki Herenga Tāngata,Auckland Region,Auckland
2024,1305,Hay Park School,16.0,12.0444,Contributing (Year 1-6),State,Auckland Office,Tāmaki Herenga Manawa,Auckland Region,Auckland
2024,1306,Helensville School,29.0,26.5739,Full Primary (Year 1-8),State,Auckland Office,Tāmaki Herenga Tāngata,Auckland Region,Auckland
2024,1307,Henderson Intermediate,48.0,40.4479,Intermediate (Year 7 & 8),State,Auckland Office,Tāmaki Herenga Tāngata,Auckland Region,Auckland
2024,1308,Henderson North School,23.0,20.1501,Contributing (Year 1-6),State,Auckland Office,Tāmaki Herenga Tāngata,Auckland Region,Auckland
2024,1309,Henderson School,14.0,12.8588,Contributing (Year 1-6),State,Auckland Office,Tāmaki Herenga Tāngata,Auckland Region,Auckland
2024,1310,Henderson South School,20.0,18.1712,Contributing (Year 1-6),State,Auckland Office,Tāmaki Herenga Tāngata,Auckland Region,Auckland
2024,1311,Henderson Valley School,22.0,19.3183,Contributing (Year 1-6),State,Auckland Office,Tāmaki Herenga Tāngata,Auckland Region,Auckland
2024,1312,Hillpark School,33.0,28.0327,Contributing (Year 1-6),State,Auckland Office,Tāmaki Herenga Waka,Auckland Region,Auckland
2024,1313,Hillsborough School,27.0,22.2715,Contributing (Year 1-6),State,Auckland Office,Tāmaki Herenga Manawa,Auckland Region,Auckland
2024,1314,Hobsonville School,37.0,30.8999,Full Primary (Year 1-8),State,Auckland Office,Tāmaki Herenga Tāngata,Auckland Region,Auckland
2024,1315,Holy Cross School (Papatoetoe),37.0,30.691600000000008,Full Primary (Year 1-8),State : Integrated,Auckland Office,Tāmaki Herenga Waka,Auckland Region,Auckland
2024,1316,Holy Cross Catholic School (Henderson),32.0,27.1364,Full Primary (Year 1-8),State : Integrated,Auckland Office,Tāmaki Herenga Tāngata,Auckland Region,Auckland
2024,1317,Homai School,28.0,24.0787,Contributing (Year 1-6),State,Auckland Office,Tāmaki Herenga Waka,Auckland Region,Auckland
2024,1318,Howick Intermediate,37.0,32.1997,Intermediate (Year 7 & 8),State,Auckland Office,Tāmaki Herenga Manawa,Auckland Region,Auckland
2024,1319,Howick Primary School,24.0,22.071500000000004,Contributing (Year 1-6),State,Auckland Office,Tāmaki Herenga Manawa,Auckland Region,Auckland
2024,1320,Huapai District School,36.0,28.609500000000004,Full Primary (Year 1-8),State,Auckland Office,Tāmaki Herenga Tāngata,Auckland Region,Auckland
2024,1321,Hunua School,11.0,8.518500000000001,Full Primary (Year 1-8),State,Auckland Office,Tāmaki Herenga Waka,Auckland Region,Auckland
2024,1322,Jean Batten School,24.0,22.099,Contributing (Year 1-6),State,Auckland Office,Tāmaki Herenga Waka,Auckland Region,Auckland
2024,1323,Kaiaua School,2.0,1.8818,Full Primary (Year 1-8),State,Auckland Office,Tāmaki Herenga Waka,Waikato Region,Hauraki District
2024,1324,Kaipara Flats School,6.0,5.8009,Contributing (Year 1-6),State,Auckland Office,Tāmaki Herenga Tāngata,Auckland Region,Auckland
2024,1325,Karaka School,19.0,15.133,Full Primary (Year 1-8),State,Auckland Office,Tāmaki Herenga Waka,Auckland Region,Auckland
2024,1326,Kaukapakapa School,21.0,18.1527,Full Primary (Year 1-8),State,Auckland Office,Tāmaki Herenga Tāngata,Auckland Region,Auckland
2024,1327,Kauri Park School,24.0,20.766,Contributing (Year 1-6),State,Auckland Office,Tāmaki Herenga Tāngata,Auckland Region,Auckland
2024,1328,Kaurilands School,53.0,43.494800000000005,Contributing (Year 1-6),State,Auckland Office,Tāmaki Herenga Tāngata,Auckland Region,Auckland
2024,1329,Kedgley Intermediate,53.0,45.11299999999999,Intermediate (Year 7 & 8),State,Auckland Office,Tāmaki Herenga Waka,Auckland Region,Auckland
2024,1330,Kelston Intermediate,26.0,22.2589,Intermediate (Year 7 & 8),State,Auckland Office,Tāmaki Herenga Tāngata,Auckland Region,Auckland
2024,1331,Kelston School,21.0,18.9445,Contributing (Year 1-6),State,Auckland Office,Tāmaki Herenga Tāngata,Auckland Region,Auckland
2024,1332,Kelvin Road School,31.0,28.137,Contributing (Year 1-6),State,Auckland Office,Tāmaki Herenga Waka,Auckland Region,Auckland
2024,1333,Kingsford School,21.0,20.8595,Contributing (Year 1-6),State,Auckland Office,Tāmaki Herenga Waka,Auckland Region,Auckland
2024,1334,Kohimarama School,38.0,30.1941,Full Primary (Year 1-8),State,Auckland Office,Tāmaki Herenga Manawa,Auckland Region,Auckland
2024,1335,Konini School (Auckland),29.0,24.2616,Contributing (Year 1-6),State,Auckland Office,Tāmaki Herenga Tāngata,Auckland Region,Auckland
2024,1336,Koru School,30.0,26.916999999999994,Full Primary (Year 1-8),State,Auckland Office,Tāmaki Herenga Waka,Auckland Region,Auckland
2024,1337,Kowhai Intermediate,43.0,38.2133,Intermediate (Year 7 & 8),State,Auckland Office,Tāmaki Herenga Manawa,Auckland Region,Auckland
2024,1338,Laingholm School,17.0,14.0438,Contributing (Year 1-6),State,Auckland Office,Tāmaki Herenga Tāngata,Auckland Region,Auckland
2024,1339,Leabank School,27.0,23.0997,Contributing (Year 1-6),State,Auckland Office,Tāmaki Herenga Waka,Auckland Region,Auckland
2024,1340,Leigh School,5.0,3.9125,Contributing (Year 1-6),State,Auckland Office,Tāmaki Herenga Tāngata,Auckland Region,Auckland
2024,1341,Lincoln Heights School,36.0,33.832100000000004,Full Primary (Year 1-8),State,Auckland Office,Tāmaki Herenga Tāngata,Auckland Region,Auckland
2024,1342,Long Bay School,34.0,28.801,Contributing (Year 1-6),State,Auckland Office,Tāmaki Herenga Tāngata,Auckland Region,Auckland
2024,1343,Mairangi Bay School,29.0,23.4563,Contributing (Year 1-6),State,Auckland Office,Tāmaki Herenga Tāngata,Auckland Region,Auckland
2024,1344,Mangatangi School,7.0,6.019,Full Primary (Year 1-8),State,Hamilton Office,Waikato,Waikato Region,Waikato District
2024,1345,Mangatawhiri School,13.0,9.8016,Full Primary (Year 1-8),State,Auckland Office,Tāmaki Herenga Waka,Waikato Region,Waikato District
2024,1346,Mangere Bridge School,30.0,24.6702,Contributing (Year 1-6),State,Auckland Office,Tāmaki Herenga Manawa,Auckland Region,Auckland
2024,1347,Mangere Central School,36.0,31.1361,Full Primary (Year 1-8),State,Auckland Office,Tāmaki Herenga Waka,Auckland Region,Auckland
2024,1348,Māngere East School,47.0,41.5397,Full Primary (Year 1-8),State,Auckland Office,Tāmaki Herenga Waka,Auckland Region,Auckland
2024,1350,Manuka Primary School,18.0,15.9876,Contributing (Year 1-6),State,Auckland Office,Tāmaki Herenga Tāngata,Auckland Region,Auckland
2024,1351,Royal Oak Intermediate School,32.0,29.3627,Intermediate (Year 7 & 8),State,Auckland Office,Tāmaki Herenga Manawa,Auckland Region,Auckland
2024,1352,Manurewa East School,55.0,50.8456,Contributing (Year 1-6),State,Auckland Office,Tāmaki Herenga Waka,Auckland Region,Auckland
2024,1353,Manurewa Intermediate,54.0,49.075,Intermediate (Year 7 & 8),State,Auckland Office,Tāmaki Herenga Waka,Auckland Region,Auckland
2024,1354,Manurewa Central School,38.0,34.633700000000005,Contributing (Year 1-6),State,Auckland Office,Tāmaki Herenga Waka,Auckland Region,Auckland
2024,1355,Manurewa South School,25.0,22.7349,Contributing (Year 1-6),State,Auckland Office,Tāmaki Herenga Waka,Auckland Region,Auckland
2024,1356,Manurewa West School,22.0,21.4014,Contributing (Year 1-6),State,Auckland Office,Tāmaki Herenga Waka,Auckland Region,Auckland
2024,1357,Maraetai Beach School,34.0,27.9144,Full Primary (Year 1-8),State,Auckland Office,Tāmaki Herenga Manawa,Auckland Region,Auckland
2024,1358,Maramarua School,12.0,9.3888,Full Primary (Year 1-8),State,Hamilton Office,Waikato,Waikato Region,Waikato District
2024,1359,Marist School (Mt Albert),24.0,18.2995,Contributing (Year 1-6),State : Integrated,Auckland Office,Tāmaki Herenga Manawa,Auckland Region,Auckland
2024,1360,Marist Catholic School (Herne Bay),14.0,11.2827,Contributing (Year 1-6),State : Integrated,Auckland Office,Tāmaki Herenga Manawa,Auckland Region,Auckland
2024,1361,Marlborough School,31.0,27.3688,Contributing (Year 1-6),State,Auckland Office,Tāmaki Herenga Tāngata,Auckland Region,Auckland
2024,1362,Marshall Laing School,39.0,32.1885,Contributing (Year 1-6),State,Auckland Office,Tāmaki Herenga Manawa,Auckland Region,Auckland
2024,1363,Massey Primary School,37.0,32.208,Full Primary (Year 1-8),State,Auckland Office,Tāmaki Herenga Tāngata,Auckland Region,Auckland
2024,1364,Matakana School,24.0,20.604100000000003,Contributing (Year 1-6),State,Auckland Office,Tāmaki Herenga Tāngata,Auckland Region,Auckland
2024,1365,Matipo Road School,27.0,25.414500000000004,Contributing (Year 1-6),State,Auckland Office,Tāmaki Herenga Tāngata,Auckland Region,Auckland
2024,1366,Mauku School,10.0,9.2235,Contributing (Year 1-6),State,Auckland Office,Tāmaki Herenga Waka,Auckland Region,Auckland
2024,1367,Maungawhau School,42.0,34.62339999999999,Contributing (Year 1-6),State,Auckland Office,Tāmaki Herenga Manawa,Auckland Region,Auckland
2024,1368,May Road School,22.0,17.872999999999998,Contributing (Year 1-6),State,Auckland Office,Tāmaki Herenga Manawa,Auckland Region,Auckland
2024,1369,Mayfield School (Auckland),17.0,15.5963,Contributing (Year 1-6),State,Auckland Office,Tāmaki Herenga Waka,Auckland Region,Auckland
2024,1370,Meadowbank School,54.0,46.3088,Contributing (Year 1-6),State,Auckland Office,Tāmaki Herenga Manawa,Auckland Region,Auckland
2024,1371,Mellons Bay School,38.0,28.444,Contributing (Year 1-6),State,Auckland Office,Tāmaki Herenga Manawa,Auckland Region,Auckland
2024,1372,Te Paina School,7.0,5.8979,Full Primary (Year 1-8),State,Auckland Office,Tāmaki Herenga Waka,Waikato Region,Waikato District
2024,1373,Meremere School,2.0,1.1439,Full Primary (Year 1-8),State,Hamilton Office,Waikato,Waikato Region,Waikato District
2024,1375,Milford School (Auckland),44.0,34.7322,Contributing (Year 1-6),State,Auckland Office,Tāmaki Herenga Tāngata,Auckland Region,Auckland
2024,1376,Monte Cecilia Catholic School,12.0,10.8675,Contributing (Year 1-6),State : Integrated,Auckland Office,Tāmaki Herenga Manawa,Auckland Region,Auckland
2024,1378,Mt Eden Normal School,43.0,35.063500000000005,Contributing (Year 1-6),State,Auckland Office,Tāmaki Herenga Manawa,Auckland Region,Auckland
2024,1379,Mt Richmond School,56.0,49.4832,Specialist School,State,Auckland Office,Tāmaki Herenga Waka,Auckland Region,Auckland
2024,1380,Mountain View School,19.0,16.6264,Contributing (Year 1-6),State,Auckland Office,Tāmaki Herenga Waka,Auckland Region,Auckland
2024,1381,Mt Albert School,31.0,27.0733,Contributing (Year 1-6),State,Auckland Office,Tāmaki Herenga Manawa,Auckland Region,Auckland
2024,1382,Mt Carmel School (Meadowbank),14.0,12.3777,Contributing (Year 1-6),State : Integrated,Auckland Office,Tāmaki Herenga Manawa,Auckland Region,Auckland
2024,1383,Mt Roskill Intermediate,37.0,32.1605,Intermediate (Year 7 & 8),State,Auckland Office,Tāmaki Herenga Manawa,Auckland Region,Auckland
2024,1384,Mt Roskill Primary School,49.0,42.5758,Contributing (Year 1-6),State,Auckland Office,Tāmaki Herenga Manawa,Auckland Region,Auckland
2024,1385,Mulberry Grove School,3.0,2.9505,Full Primary (Year 1-8),State,Auckland Office,Tāmaki Herenga Manawa,Auckland Region,Auckland
2024,1386,Murrays Bay Intermediate,69.0,61.89509999999999,Intermediate (Year 7 & 8),State,Auckland Office,Tāmaki Herenga Tāngata,Auckland Region,Auckland
2024,1387,Murrays Bay School,53.0,44.2066,Contributing (Year 1-6),State,Auckland Office,Tāmaki Herenga Tāngata,Auckland Region,Auckland
2024,1388,Macleans Primary School,37.0,32.302800000000005,Contributing (Year 1-6),State,Auckland Office,Tāmaki Herenga Manawa,Auckland Region,Auckland
2024,1389,New Lynn School,32.0,28.803,Contributing (Year 1-6),State,Auckland Office,Tāmaki Herenga Tāngata,Auckland Region,Auckland
2024,1390,New Windsor School,28.0,23.2056,Contributing (Year 1-6),State,Auckland Office,Tāmaki Herenga Manawa,Auckland Region,Auckland
2024,1391,Newmarket School,61.0,55.024,Contributing (Year 1-6),State,Auckland Office,Tāmaki Herenga Manawa,Auckland Region,Auckland
2024,1392,Newton Central School,26.0,23.3127,Contributing (Year 1-6),State,Auckland Office,Tāmaki Herenga Manawa,Auckland Region,Auckland
2024,1393,Nga Iwi School,22.0,20.7846,Contributing (Year 1-6),State,Auckland Office,Tāmaki Herenga Waka,Auckland Region,Auckland
2024,1394,Northcote Intermediate,39.0,32.9337,Intermediate (Year 7 & 8),State,Auckland Office,Tāmaki Herenga Tāngata,Auckland Region,Auckland
2024,1395,Northcote School (Auckland),26.0,24.519500000000004,Contributing (Year 1-6),State,Auckland Office,Tāmaki Herenga Tāngata,Auckland Region,Auckland
2024,1396,Northcross Intermediate,82.0,72.65579999999999,Intermediate (Year 7 & 8),State,Auckland Office,Tāmaki Herenga Tāngata,Auckland Region,Auckland
2024,1397,Oaklynn Special School,68.0,57.1576,Specialist School,State,Auckland Office,Tāmaki Herenga Tāngata,Auckland Region,Auckland
2024,1398,Okiwi School,7.0,3.6228,Full Primary (Year 1-8),State,Auckland Office,Tāmaki Herenga Manawa,Auckland Region,Auckland
2024,1399,Onehunga Primary School,27.0,22.8023,Contributing (Year 1-6),State,Auckland Office,Tāmaki Herenga Manawa,Auckland Region,Auckland
2024,1400,Onepoto School,7.0,6.6586,Contributing (Year 1-6),State,Auckland Office,Tāmaki Herenga Tāngata,Auckland Region,Auckland
2024,1401,Opaheke School,39.0,33.6574,Full Primary (Year 1-8),State,Auckland Office,Tāmaki Herenga Waka,Auckland Region,Auckland
2024,1402,Orakei School,28.0,20.210500000000003,Full Primary (Year 1-8),State,Auckland Office,Tāmaki Herenga Manawa,Auckland Region,Auckland
2024,1403,Oranga School,26.0,22.4628,Contributing (Year 1-6),State,Auckland Office,Tāmaki Herenga Manawa,Auckland Region,Auckland
2024,1404,Oratia School,30.0,27.1058,Contributing (Year 1-6),State,Auckland Office,Tāmaki Herenga Tāngata,Auckland Region,Auckland
2024,1405,Orere School,4.0,2.7572,Full Primary (Year 1-8),State,Auckland Office,Tāmaki Herenga Waka,Auckland Region,Auckland
2024,1406,Orewa Beach School,32.0,25.8507,Contributing (Year 1-6),State,Auckland Office,Tāmaki Herenga Tāngata,Auckland Region,Auckland
2024,1407,Orewa Primary School,29.0,26.012400000000003,Contributing (Year 1-6),State,Auckland Office,Tāmaki Herenga Tāngata,Auckland Region,Auckland
2024,1408,Otahuhu Intermediate,48.0,41.6785,Intermediate (Year 7 & 8),State,Auckland Office,Tāmaki Herenga Waka,Auckland Region,Auckland
2024,1409,Otahuhu School,40.0,35.3129,Contributing (Year 1-6),State,Auckland Office,Tāmaki Herenga Waka,Auckland Region,Auckland
2024,1410,Otaua School,14.0,11.563,Full Primary (Year 1-8),State,Auckland Office,Tāmaki Herenga Waka,Waikato Region,Waikato District
2024,1411,Our Lady Sacred Heart School (Epsom),12.0,9.9445,Contributing (Year 1-6),State : Integrated,Auckland Office,Tāmaki Herenga Manawa,Auckland Region,Auckland
2024,1412,Owairaka District School,32.0,27.2075,Contributing (Year 1-6),State,Auckland Office,Tāmaki Herenga Manawa,Auckland Region,Auckland
2024,1413,Owairoa Primary School,53.0,48.05609999999999,Contributing (Year 1-6),State,Auckland Office,Tāmaki Herenga Manawa,Auckland Region,Auckland
2024,1414,Paerata School,12.0,11.5794,Full Primary (Year 1-8),State,Auckland Office,Tāmaki Herenga Waka,Auckland Region,Auckland
2024,1416,Pakuranga Heights School,34.0,29.6779,Contributing (Year 1-6),State,Auckland Office,Tāmaki Herenga Manawa,Auckland Region,Auckland
2024,1417,Pakuranga Intermediate,52.0,48.2278,Intermediate (Year 7 & 8),State,Auckland Office,Tāmaki Herenga Manawa,Auckland Region,Auckland
2024,1418,Panama Road School,23.0,19.9341,Full Primary (Year 1-8),State,Auckland Office,Tāmaki Herenga Waka,Auckland Region,Auckland
2024,1419,Panmure Bridge School,16.0,13.0952,Full Primary (Year 1-8),State,Auckland Office,Tāmaki Herenga Manawa,Auckland Region,Auckland
2024,1420,Panmure District School,14.0,12.2015,Full Primary (Year 1-8),State,Auckland Office,Tāmaki Herenga Manawa,Auckland Region,Auckland
2024,1421,Papakura Central School,24.0,22.582799999999995,Contributing (Year 1-6),State,Auckland Office,Tāmaki Herenga Waka,Auckland Region,Auckland
2024,1422,Papakura Intermediate,22.0,15.982100000000004,Intermediate (Year 7 & 8),State,Auckland Office,Tāmaki Herenga Waka,Auckland Region,Auckland
2024,1423,Papakura Normal School,52.0,45.2847,Full Primary (Year 1-8),State,Auckland Office,Tāmaki Herenga Waka,Auckland Region,Auckland
2024,1424,Kereru Park Campus,11.0,10.7174,Full Primary (Year 1-8),State,Auckland Office,Tāmaki Herenga Waka,Auckland Region,Auckland
2024,1425,Paparimu School,3.0,2.7949,Full Primary (Year 1-8),State,Auckland Office,Tāmaki Herenga Waka,Auckland Region,Auckland
2024,1426,Papatoetoe Central School,54.0,45.9093,Contributing (Year 1-6),State,Auckland Office,Tāmaki Herenga Waka,Auckland Region,Auckland
2024,1427,Papatoetoe East School,43.0,36.1528,Contributing (Year 1-6),State,Auckland Office,Tāmaki Herenga Waka,Auckland Region,Auckland
2024,1428,Papatoetoe Intermediate,81.0,73.739,Intermediate (Year 7 & 8),State,Auckland Office,Tāmaki Herenga Waka,Auckland Region,Auckland
2024,1429,Papatoetoe North School,52.0,46.96520000000001,Contributing (Year 1-6),State,Auckland Office,Tāmaki Herenga Waka,Auckland Region,Auckland
2024,1430,Papatoetoe South School,46.0,38.16549999999999,Contributing (Year 1-6),State,Auckland Office,Tāmaki Herenga Waka,Auckland Region,Auckland
2024,1431,Papatoetoe West School,47.0,41.723400000000005,Contributing (Year 1-6),State,Auckland Office,Tāmaki Herenga Waka,Auckland Region,Auckland
2024,1432,Parakai School,18.0,16.274900000000002,Full Primary (Year 1-8),State,Auckland Office,Tāmaki Herenga Tāngata,Auckland Region,Auckland
2024,1433,Ridgeview School,6.0,4.2618,Contributing (Year 1-6),State,Auckland Office,Tāmaki Herenga Tāngata,Auckland Region,Auckland
2024,1434,Mangapikopiko School,18.0,15.3176,Contributing (Year 1-6),State,Auckland Office,Tāmaki Herenga Waka,Auckland Region,Auckland
2024,1435,Parkside School,45.0,39.712700000000005,Specialist School,State,Auckland Office,Tāmaki Herenga Waka,Auckland Region,Auckland
2024,1436,Parnell School,34.0,31.434,Full Primary (Year 1-8),State,Auckland Office,Tāmaki Herenga Manawa,Auckland Region,Auckland
2024,1437,Pasadena Intermediate,29.0,24.233100000000004,Intermediate (Year 7 & 8),State,Auckland Office,Tāmaki Herenga Manawa,Auckland Region,Auckland
2024,1438,Patumahoe Primary School,25.0,19.6823,Contributing (Year 1-6),State,Auckland Office,Tāmaki Herenga Waka,Auckland Region,Auckland
2024,1439,Pigeon Mountain School,41.0,28.6179,Contributing (Year 1-6),State,Auckland Office,Tāmaki Herenga Manawa,Auckland Region,Auckland
2024,1440,Point Chevalier School Rangi-mata-rau,46.0,38.06549999999999,Contributing (Year 1-6),State,Auckland Office,Tāmaki Herenga Manawa,Auckland Region,Auckland
2024,1441,Pt England School,36.0,32.8917,Full Primary (Year 1-8),State,Auckland Office,Tāmaki Herenga Manawa,Auckland Region,Auckland
2024,1442,Pokeno School,39.0,32.825100000000006,Full Primary (Year 1-8),State,Auckland Office,Tāmaki Herenga Waka,Waikato Region,Waikato District
2024,1444,Pomaria Road School,27.0,25.5374,Contributing (Year 1-6),State,Auckland Office,Tāmaki Herenga Tāngata,Auckland Region,Auckland
2024,1445,Ponsonby Intermediate,36.0,31.0346,Intermediate (Year 7 & 8),State,Auckland Office,Tāmaki Herenga Manawa,Auckland Region,Auckland
2024,1446,Ponsonby Primary School,27.0,20.3718,Contributing (Year 1-6),State,Auckland Office,Tāmaki Herenga Manawa,Auckland Region,Auckland
2024,1447,Prospect School,25.0,19.3468,Contributing (Year 1-6),State,Auckland Office,Tāmaki Herenga Tāngata,Auckland Region,Auckland
2024,1448,Puhinui School,46.0,40.5811,Contributing (Year 1-6),State,Auckland Office,Tāmaki Herenga Waka,Auckland Region,Auckland
2024,1449,Pukekawa School,6.0,5.6424,Contributing (Year 1-6),State,Auckland Office,Tāmaki Herenga Waka,Waikato Region,Waikato District
2024,1450,Pukekohe East School,12.0,9.8524,Contributing (Year 1-6),State,Auckland Office,Tāmaki Herenga Waka,Auckland Region,Auckland
2024,1451,Pukekohe Hill School,35.0,31.1531,Contributing (Year 1-6),State,Auckland Office,Tāmaki Herenga Waka,Auckland Region,Auckland
2024,1452,Pukekohe Intermediate,80.0,68.5899,Intermediate (Year 7 & 8),State,Auckland Office,Tāmaki Herenga Waka,Auckland Region,Auckland
2024,1453,Pukekohe North School,26.0,22.6159,Full Primary (Year 1-8),State,Auckland Office,Tāmaki Herenga Waka,Auckland Region,Auckland
2024,1454,Pukeoware School,12.0,10.5431,Full Primary (Year 1-8),State,Auckland Office,Tāmaki Herenga Waka,Waikato Region,Waikato District
2024,1455,Puni School,18.0,15.016299999999998,Contributing (Year 1-6),State,Auckland Office,Tāmaki Herenga Waka,Auckland Region,Auckland
2024,1456,Ramarama School,13.0,11.6565,Full Primary (Year 1-8),State,Auckland Office,Tāmaki Herenga Waka,Auckland Region,Auckland
2024,1457,Rangeview Intermediate,24.0,22.551900000000003,Intermediate (Year 7 & 8),State,Auckland Office,Tāmaki Herenga Tāngata,Auckland Region,Auckland
2024,1458,Ranui School,28.0,24.6296,Contributing (Year 1-6),State,Auckland Office,Tāmaki Herenga Tāngata,Auckland Region,Auckland
2024,1459,Redhill School,14.0,11.7196,Full Primary (Year 1-8),State,Auckland Office,Tāmaki Herenga Waka,Auckland Region,Auckland
2024,1460,Redoubt North School,35.0,32.1949,Full Primary (Year 1-8),State,Auckland Office,Tāmaki Herenga Waka,Auckland Region,Auckland
2024,1461,Remuera Intermediate,56.0,46.287200000000006,Intermediate (Year 7 & 8),State,Auckland Office,Tāmaki Herenga Manawa,Auckland Region,Auckland
2024,1462,Remuera School,47.0,37.2072,Contributing (Year 1-6),State,Auckland Office,Tāmaki Herenga Manawa,Auckland Region,Auckland
2024,1463,Richmond Road School,21.0,17.3238,Contributing (Year 1-6),State,Auckland Office,Tāmaki Herenga Manawa,Auckland Region,Auckland
2024,1464,Riverhead School,30.0,24.3988,Full Primary (Year 1-8),State,Auckland Office,Tāmaki Herenga Tāngata,Auckland Region,Auckland
2024,1465,Riverhills School,10.0,8.8397,Contributing (Year 1-6),State,Auckland Office,Tāmaki Herenga Manawa,Auckland Region,Auckland
2024,1466,Riverina School,11.0,9.599,Contributing (Year 1-6),State,Auckland Office,Tāmaki Herenga Manawa,Auckland Region,Auckland
2024,1467,Robertson Road School,37.0,33.522200000000005,Full Primary (Year 1-8),State,Auckland Office,Tāmaki Herenga Waka,Auckland Region,Auckland
2024,1468,Rongomai School,14.0,11.1919,Contributing (Year 1-6),State,Auckland Office,Tāmaki Herenga Waka,Auckland Region,Auckland
2024,1470,Roscommon School,35.0,30.568,Contributing (Year 1-6),State,Auckland Office,Tāmaki Herenga Waka,Auckland Region,Auckland
2024,1471,Te Kura o Pātiki Rosebank School,35.0,29.8943,Contributing (Year 1-6),State,Auckland Office,Tāmaki Herenga Manawa,Auckland Region,Auckland
2024,1472,Rosehill School,81.0,72.1879,Specialist School,State,Auckland Office,Tāmaki Herenga Waka,Auckland Region,Auckland
2024,1473,Rosehill Intermediate,35.0,29.5095,Intermediate (Year 7 & 8),State,Auckland Office,Tāmaki Herenga Waka,Auckland Region,Auckland
2024,1474,Rowandale School,39.0,36.1902,Contributing (Year 1-6),State,Auckland Office,Tāmaki Herenga Waka,Auckland Region,Auckland
2024,1475,Royal Oak School,69.0,57.5689,Contributing (Year 1-6),State,Auckland Office,Tāmaki Herenga Manawa,Auckland Region,Auckland
2024,1476,Royal Road School,23.0,19.6676,Full Primary (Year 1-8),State,Auckland Office,Tāmaki Herenga Tāngata,Auckland Region,Auckland
2024,1477,Ruapotaka School,11.0,10.4932,Full Primary (Year 1-8),State,Auckland Office,Tāmaki Herenga Manawa,Auckland Region,Auckland
2024,1478,Rutherford School,23.0,19.5751,Contributing (Year 1-6),State,Auckland Office,Tāmaki Herenga Tāngata,Auckland Region,Auckland
2024,1479,Sandspit Road School,19.0,17.308,Full Primary (Year 1-8),State,Auckland Office,Tāmaki Herenga Waka,Auckland Region,Auckland
2024,1480,Shelly Park School,33.0,27.771200000000004,Contributing (Year 1-6),State,Auckland Office,Tāmaki Herenga Manawa,Auckland Region,Auckland
2024,1481,Sherwood School (Auckland),33.0,28.0411,Contributing (Year 1-6),State,Auckland Office,Tāmaki Herenga Tāngata,Auckland Region,Auckland
2024,1482,Silverdale School,51.0,43.4716,Contributing (Year 1-6),State,Auckland Office,Tāmaki Herenga Tāngata,Auckland Region,Auckland
2024,1483,Sir Keith Park School,42.0,36.2809,Specialist School,State,Auckland Office,Tāmaki Herenga Waka,Auckland Region,Auckland
2024,1484,Sommerville School,101.0,85.0556,Specialist School,State,Auckland Office,Tāmaki Herenga Manawa,Auckland Region,Auckland
2024,1486,St Anne's Catholic School (Manurewa),35.0,29.704200000000004,Full Primary (Year 1-8),State : Integrated,Auckland Office,Tāmaki Herenga Waka,Auckland Region,Auckland
2024,1487,St Dominic's Catholic School (Blockhouse Bay),18.0,15.9815,Contributing (Year 1-6),State : Integrated,Auckland Office,Tāmaki Herenga Manawa,Auckland Region,Auckland
2024,1488,St Francis Catholic School (Pt Chevalier),19.0,15.4966,Contributing (Year 1-6),State : Integrated,Auckland Office,Tāmaki Herenga Manawa,Auckland Region,Auckland
2024,1489,St Heliers School,45.0,35.6485,Full Primary (Year 1-8),State,Auckland Office,Tāmaki Herenga Manawa,Auckland Region,Auckland
2024,1490,St Ignatius Catholic School (St Heliers),19.0,14.0651,Contributing (Year 1-6),State : Integrated,Auckland Office,Tāmaki Herenga Manawa,Auckland Region,Auckland
2024,1491,St John the Evangelist Catholic School,14.0,12.0624,Full Primary (Year 1-8),State : Integrated,Auckland Office,Tāmaki Herenga Waka,Auckland Region,Auckland
2024,1492,St John's School (Mairangi Bay),19.0,17.107699999999998,Contributing (Year 1-6),State : Integrated,Auckland Office,Tāmaki Herenga Tāngata,Auckland Region,Auckland
2024,1493,St Joseph's School (Grey Lynn),5.0,4.3012,Full Primary (Year 1-8),State : Integrated,Auckland Office,Tāmaki Herenga Manawa,Auckland Region,Auckland
2024,1494,St Joseph's Catholic School (Onehunga),13.0,11.2384,Full Primary (Year 1-8),State : Integrated,Auckland Office,Tāmaki Herenga Manawa,Auckland Region,Auckland
2024,1495,St Joseph's School (Orakei),3.0,2.8148,Contributing (Year 1-6),State : Integrated,Auckland Office,Tāmaki Herenga Manawa,Auckland Region,Auckland
2024,1496,St Joseph's School (Otahuhu),20.0,16.0994,Full Primary (Year 1-8),State : Integrated,Auckland Office,Tāmaki Herenga Waka,Auckland Region,Auckland
2024,1497,St Joseph's School (Pukekohe),22.0,15.1471,Contributing (Year 1-6),State : Integrated,Auckland Office,Tāmaki Herenga Waka,Auckland Region,Auckland
2024,1498,St Joseph's Catholic School (Takapuna),29.0,23.183000000000003,Contributing (Year 1-6),State : Integrated,Auckland Office,Tāmaki Herenga Tāngata,Auckland Region,Auckland
2024,1499,St Leonards Road School,28.0,24.7053,Contributing (Year 1-6),State,Auckland Office,Tāmaki Herenga Tāngata,Auckland Region,Auckland
2024,1500,St Leo's Catholic School (Devonport),7.0,3.7996,Contributing (Year 1-6),State : Integrated,Auckland Office,Tāmaki Herenga Tāngata,Auckland Region,Auckland
2024,1501,St Mark's School (Pakuranga),15.0,12.7283,Contributing (Year 1-6),State : Integrated,Auckland Office,Tāmaki Herenga Manawa,Auckland Region,Auckland
2024,1502,St Mary's Catholic School (Papakura),20.0,17.3444,Contributing (Year 1-6),State : Integrated,Auckland Office,Tāmaki Herenga Waka,Auckland Region,Auckland
2024,1503,St Mary's Catholic School (Avondale),13.0,10.5907,Full Primary (Year 1-8),State : Integrated,Auckland Office,Tāmaki Herenga Manawa,Auckland Region,Auckland
2024,1504,St Mary's School (Ellerslie),24.0,20.4935,Contributing (Year 1-6),State : Integrated,Auckland Office,Tāmaki Herenga Manawa,Auckland Region,Auckland
2024,1505,St Mary's School (Northcote),23.0,18.655700000000003,Contributing (Year 1-6),State : Integrated,Auckland Office,Tāmaki Herenga Tāngata,Auckland Region,Auckland
2024,1506,St Michael's Catholic School (Remuera),21.0,15.2071,Contributing (Year 1-6),State : Integrated,Auckland Office,Tāmaki Herenga Manawa,Auckland Region,Auckland
2024,1507,St Patrick's School (Panmure),7.0,6.33,Full Primary (Year 1-8),State : Integrated,Auckland Office,Tāmaki Herenga Manawa,Auckland Region,Auckland
2024,1508,St Pius X Catholic School (Glen Innes),12.0,8.1211,Full Primary (Year 1-8),State : Integrated,Auckland Office,Tāmaki Herenga Manawa,Auckland Region,Auckland
2024,1509,St Therese School (Three Kings),5.0,4.901,Full Primary (Year 1-8),State : Integrated,Auckland Office,Tāmaki Herenga Manawa,Auckland Region,Auckland
2024,1510,St Thomas School (Auckland),58.0,47.8692,Full Primary (Year 1-8),State,Auckland Office,Tāmaki Herenga Manawa,Auckland Region,Auckland
2024,1511,Stanhope Road School,35.0,31.663,Full Primary (Year 1-8),State,Auckland Office,Tāmaki Herenga Manawa,Auckland Region,Auckland
2024,1512,Stanley Bay School,16.0,14.3076,Contributing (Year 1-6),State,Auckland Office,Tāmaki Herenga Tāngata,Auckland Region,Auckland
2024,1513,Stanmore Bay School,38.0,34.485,Contributing (Year 1-6),State,Auckland Office,Tāmaki Herenga Tāngata,Auckland Region,Auckland
2024,1514,Our Lady Star of the Sea School (Howick),21.0,18.232100000000003,Contributing (Year 1-6),State : Integrated,Auckland Office,Tāmaki Herenga Manawa,Auckland Region,Auckland
2024,1515,Sunnyhills School,31.0,27.155800000000003,Contributing (Year 1-6),State,Auckland Office,Tāmaki Herenga Manawa,Auckland Region,Auckland
2024,1516,Sunnybrae Normal School,32.0,24.3112,Contributing (Year 1-6),State,Auckland Office,Tāmaki Herenga Tāngata,Auckland Region,Auckland
2024,1518,Sunnynook School,29.0,26.136099999999995,Contributing (Year 1-6),State,Auckland Office,Tāmaki Herenga Tāngata,Auckland Region,Auckland
2024,1519,Sunnyvale School,32.0,29.3916,Contributing (Year 1-6),State,Auckland Office,Tāmaki Herenga Tāngata,Auckland Region,Auckland
2024,1520,Sutton Park School,29.0,28.0759,Full Primary (Year 1-8),State,Auckland Office,Tāmaki Herenga Waka,Auckland Region,Auckland
2024,1521,Swanson School,66.0,61.8935,Full Primary (Year 1-8),State,Auckland Office,Tāmaki Herenga Tāngata,Auckland Region,Auckland
2024,1522,Sylvia Park School,38.0,33.1872,Full Primary (Year 1-8),State,Auckland Office,Tāmaki Herenga Manawa,Auckland Region,Auckland
2024,1523,Takanini School,32.0,25.9256,Full Primary (Year 1-8),State,Auckland Office,Tāmaki Herenga Waka,Auckland Region,Auckland
2024,1524,Takapuna Normal Intermediate,41.0,35.5595,Intermediate (Year 7 & 8),State,Auckland Office,Tāmaki Herenga Tāngata,Auckland Region,Auckland
2024,1525,Takapuna School,35.0,27.3918,Contributing (Year 1-6),State,Auckland Office,Tāmaki Herenga Tāngata,Auckland Region,Auckland
2024,1526,Tāmaki School,13.0,11.7884,Full Primary (Year 1-8),State,Auckland Office,Tāmaki Herenga Manawa,Auckland Region,Auckland
2024,1528,Target Road School,29.0,23.8706,Contributing (Year 1-6),State,Auckland Office,Tāmaki Herenga Tāngata,Auckland Region,Auckland
2024,1529,Taupaki School,23.0,20.1149,Full Primary (Year 1-8),State,Auckland Office,Tāmaki Herenga Tāngata,Auckland Region,Auckland
2024,1530,Te Atatu Intermediate,30.0,26.6151,Intermediate (Year 7 & 8),State,Auckland Office,Tāmaki Herenga Tāngata,Auckland Region,Auckland
2024,1531,Peninsula Primary School,31.0,28.042499999999997,Contributing (Year 1-6),State,Auckland Office,Tāmaki Herenga Tāngata,Auckland Region,Auckland
2024,1532,Te Hihi School,10.0,10.0685,Full Primary (Year 1-8),State,Auckland Office,Tāmaki Herenga Waka,Auckland Region,Auckland
2024,1533,Te Kohanga School,3.0,2.9795,Contributing (Year 1-6),State,Auckland Office,Tāmaki Herenga Waka,Waikato Region,Waikato District
2024,1534,Te Papapa School,27.0,23.0279,Contributing (Year 1-6),State,Auckland Office,Tāmaki Herenga Manawa,Auckland Region,Auckland
2024,1535,Three Kings School,33.0,27.690999999999995,Contributing (Year 1-6),State,Auckland Office,Tāmaki Herenga Manawa,Auckland Region,Auckland
2024,1536,Tirimoana School,49.0,42.6949,Contributing (Year 1-6),State,Auckland Office,Tāmaki Herenga Tāngata,Auckland Region,Auckland
2024,1537,Titirangi School,36.0,28.497300000000003,Contributing (Year 1-6),State,Auckland Office,Tāmaki Herenga Tāngata,Auckland Region,Auckland
2024,1538,Torbay School,36.0,33.0336,Contributing (Year 1-6),State,Auckland Office,Tāmaki Herenga Tāngata,Auckland Region,Auckland
2024,1539,Tuakau School,20.0,17.6592,Contributing (Year 1-6),State,Auckland Office,Tāmaki Herenga Waka,Waikato Region,Waikato District
2024,1540,Valley School,29.0,27.276,Contributing (Year 1-6),State,Auckland Office,Tāmaki Herenga Waka,Auckland Region,Auckland
2024,1541,Vauxhall School,16.0,11.8584,Contributing (Year 1-6),State,Auckland Office,Tāmaki Herenga Tāngata,Auckland Region,Auckland
2024,1543,Verran Primary School,17.0,14.191,Contributing (Year 1-6),State,Auckland Office,Tāmaki Herenga Tāngata,Auckland Region,Auckland
2024,1544,Victoria Avenue School,33.0,27.3152,Contributing (Year 1-6),State,Auckland Office,Tāmaki Herenga Manawa,Auckland Region,Auckland
2024,1545,View Road School,15.0,13.5244,Full Primary (Year 1-8),State,Auckland Office,Tāmaki Herenga Waka,Auckland Region,Auckland
2024,1546,Viscount School,36.0,32.14280000000001,Full Primary (Year 1-8),State,Auckland Office,Tāmaki Herenga Waka,Auckland Region,Auckland
2024,1547,Waiau Pa School,22.0,17.171,Full Primary (Year 1-8),State,Auckland Office,Tāmaki Herenga Waka,Auckland Region,Auckland
2024,1548,Waikowhai Intermediate,29.0,25.2186,Intermediate (Year 7 & 8),State,Auckland Office,Tāmaki Herenga Manawa,Auckland Region,Auckland
2024,1549,Waikowhai School,14.0,12.2269,Contributing (Year 1-6),State,Auckland Office,Tāmaki Herenga Manawa,Auckland Region,Auckland
2024,1550,Waimauku School,42.0,36.5124,Full Primary (Year 1-8),State,Auckland Office,Tāmaki Herenga Tāngata,Auckland Region,Auckland
2024,1552,Wainui School,20.0,17.234,Full Primary (Year 1-8),State,Auckland Office,Tāmaki Herenga Tāngata,Auckland Region,Auckland
2024,1553,Waioneke School,8.0,5.3145,Full Primary (Year 1-8),State,Auckland Office,Tāmaki Herenga Tāngata,Auckland Region,Auckland
2024,1554,Waipipi School,8.0,7.9834,Full Primary (Year 1-8),State,Auckland Office,Tāmaki Herenga Waka,Auckland Region,Auckland
2024,1555,Wairau Intermediate,20.0,17.184,Intermediate (Year 7 & 8),State,Auckland Office,Tāmaki Herenga Tāngata,Auckland Region,Auckland
2024,1556,Wairau Valley Special School,70.0,60.8595,Specialist School,State,Auckland Office,Tāmaki Herenga Tāngata,Auckland Region,Auckland
2024,1557,Waitakere School,29.0,26.1489,Full Primary (Year 1-8),State,Auckland Office,Tāmaki Herenga Tāngata,Auckland Region,Auckland
2024,1558,Waitoki School,19.0,13.2565,Full Primary (Year 1-8),State,Auckland Office,Tāmaki Herenga Tāngata,Auckland Region,Auckland
2024,1559,Waiuku Primary School,24.0,19.9072,Full Primary (Year 1-8),State,Auckland Office,Tāmaki Herenga Waka,Auckland Region,Auckland
2024,1560,Wakaaranga School,45.0,37.4984,Contributing (Year 1-6),State,Auckland Office,Tāmaki Herenga Manawa,Auckland Region,Auckland
2024,1561,Warkworth School,42.0,34.1553,Contributing (Year 1-6),State,Auckland Office,Tāmaki Herenga Tāngata,Auckland Region,Auckland
2024,1562,Waterlea Public School,34.0,26.4131,Contributing (Year 1-6),State,Auckland Office,Tāmaki Herenga Manawa,Auckland Region,Auckland
2024,1563,Waterview School,27.0,19.9354,Contributing (Year 1-6),State,Auckland Office,Tāmaki Herenga Manawa,Auckland Region,Auckland
2024,1564,Wesley Intermediate,12.0,10.6594,Intermediate (Year 7 & 8),State,Auckland Office,Tāmaki Herenga Manawa,Auckland Region,Auckland
2024,1565,Wesley Primary School,19.0,14.0207,Contributing (Year 1-6),State,Auckland Office,Tāmaki Herenga Manawa,Auckland Region,Auckland
2024,1566,West Harbour School,33.0,30.8397,Full Primary (Year 1-8),State,Auckland Office,Tāmaki Herenga Tāngata,Auckland Region,Auckland
2024,1567,Western Heights School (Auckland),39.0,36.7019,Contributing (Year 1-6),State,Auckland Office,Tāmaki Herenga Tāngata,Auckland Region,Auckland
2024,1568,Westmere School (Auckland),30.0,24.506500000000003,Contributing (Year 1-6),State,Auckland Office,Tāmaki Herenga Manawa,Auckland Region,Auckland
2024,1569,Waimahia Intermediate School,14.0,12.9404,Intermediate (Year 7 & 8),State,Auckland Office,Tāmaki Herenga Waka,Auckland Region,Auckland
2024,1570,Weymouth School,28.0,25.687800000000003,Contributing (Year 1-6),State,Auckland Office,Tāmaki Herenga Waka,Auckland Region,Auckland
2024,1571,Whangaparaoa School (Auckland),56.0,47.586,Contributing (Year 1-6),State,Auckland Office,Tāmaki Herenga Tāngata,Auckland Region,Auckland
2024,1572,Whenuapai School,41.0,34.6764,Full Primary (Year 1-8),State,Auckland Office,Tāmaki Herenga Tāngata,Auckland Region,Auckland
2024,1573,Willow Park School,50.0,38.7584,Contributing (Year 1-6),State,Auckland Office,Tāmaki Herenga Tāngata,Auckland Region,Auckland
2024,1574,Wilson School,36.0,32.2254,Specialist School,State,Auckland Office,Tāmaki Herenga Tāngata,Auckland Region,Auckland
2024,1575,Windy Ridge School,16.0,12.3444,Contributing (Year 1-6),State,Auckland Office,Tāmaki Herenga Tāngata,Auckland Region,Auckland
2024,1576,Wiri Central School,28.0,25.3199,Full Primary (Year 1-8),State,Auckland Office,Tāmaki Herenga Waka,Auckland Region,Auckland
2024,1577,Woodhill School,7.0,4.7437000000000005,Full Primary (Year 1-8),State,Auckland Office,Tāmaki Herenga Tāngata,Auckland Region,Auckland
2024,1578,Woodlands Park School,20.0,19.1608,Contributing (Year 1-6),State,Auckland Office,Tāmaki Herenga Tāngata,Auckland Region,Auckland
2024,1579,Wymondley Road School,11.0,9.5316,Contributing (Year 1-6),State,Auckland Office,Tāmaki Herenga Waka,Auckland Region,Auckland
2024,1580,Yendarra School,12.0,11.268999999999998,Contributing (Year 1-6),State,Auckland Office,Tāmaki Herenga Waka,Auckland Region,Auckland
2024,1581,Chapel Downs School,58.0,49.5678,Contributing (Year 1-6),State,Auckland Office,Tāmaki Herenga Waka,Auckland Region,Auckland
2024,1584,TKKM o Te Raki Paewhenua,14.0,12.1475,Composite (Year 1-15),State,Auckland Office,Tāmaki Herenga Tāngata,Auckland Region,Auckland
2024,1588,St Francis Xavier Catholic School (Whangarei),31.0,29.179,Contributing (Year 1-6),State : Integrated,Whangarei Office,Tai Tokerau,Northland Region,Whangarei District
2024,1589,TKKM o Toku Mapihi Maurea,10.0,9.2256,Full Primary (Year 1-8),State,Hamilton Office,Waikato,Waikato Region,Hamilton City
2024,1592,Marina View School,39.0,36.00019999999999,Full Primary (Year 1-8),State,Auckland Office,Tāmaki Herenga Tāngata,Auckland Region,Auckland
2024,1593,Kaitoke School (Claris),5.0,3.8475,Full Primary (Year 1-8),State,Auckland Office,Tāmaki Herenga Manawa,Auckland Region,Auckland
2024,1594,Riverview School,28.0,23.625100000000003,Contributing (Year 1-6),State,Whangarei Office,Tai Tokerau,Northland Region,Far North District
2024,1607,Bishop Edward Gaines Catholic School,3.0,2.9972,Full Primary (Year 1-8),State : Integrated,Hamilton Office,Waikato,Waikato Region,South Waikato District
2024,1608,St Matthew's Primary School (Hastings),11.0,8.8827,Full Primary (Year 1-8),State : Integrated,Napier Office,Hawke's Bay/Tairāwhiti,Hawke's Bay Region,Hastings District
2024,1611,Timaru Christian School,16.0,10.6999,Composite (Year 1-15),State : Integrated,Christchurch Office,Canterbury/Chatham Islands,Canterbury Region,Timaru District
2024,1613,Te Rā School,13.0,9.9922,Full Primary (Year 1-8),State : Integrated,Lower Hutt Office,Wellington,Wellington Region,Kapiti Coast District
2024,1616,TKKM o Ngati Kahungunu o Te Wairoa,22.0,17.9043,Composite (Year 1-15),State,Napier Office,Hawke's Bay/Tairāwhiti,Hawke's Bay Region,Wairoa District
2024,1617,TKKM o Ngati Rangi,6.0,4.7425,Full Primary (Year 1-8),State,Whanganui Office,Taranaki/Whanganui/Manawatū,Manawatū-Whanganui Region,Ruapehu District
2024,1618,TKKM o Te Whanau Tahi,30.0,21.7753,Composite (Year 1-15),State,Christchurch Office,Canterbury/Chatham Islands,Canterbury Region,Christchurch City
2024,1625,Ascot Community School,23.0,19.0089,Full Primary (Year 1-8),State,Invercargill Office,Otago/Southland,Southland Region,Invercargill City
2024,1627,St Paul's School (Richmond),28.0,19.1242,Full Primary (Year 1-8),State : Integrated,Nelson Office,Nelson/Marlborough/West Coast,Tasman Region,Tasman District
2024,1630,Central Regional Health School,68.0,57.0823,Specialist School,State,Lower Hutt Office,Wellington,Wellington Region,Wellington City
2024,1631,Southern Health School,58.0,42.1826,Specialist School,State,Christchurch Office,Canterbury/Chatham Islands,Canterbury Region,Christchurch City
2024,1633,St Mary MacKillop Catholic School,19.0,16.6874,Full Primary (Year 1-8),State : Integrated,Auckland Office,Tāmaki Herenga Waka,Auckland Region,Auckland
2024,1634,Te Kura Māori o Porirua,30.0,24.1753,Composite (Year 1-15),State,Lower Hutt Office,Wellington,Wellington Region,Porirua City
2024,1636,St Thomas More Catholic School,10.0,8.2671,Contributing (Year 1-6),State : Integrated,Rotorua Office,Bay of Plenty/Waiariki,Bay of Plenty Region,Tauranga City
2024,1643,St Paul's School (Massey),28.0,24.3592,Contributing (Year 1-6),State : Integrated,Auckland Office,Tāmaki Herenga Tāngata,Auckland Region,Auckland
2024,1645,Te Kura o Tōrere,3.0,2.2412,Full Primary (Year 1-8),State,Rotorua Office,Bay of Plenty/Waiariki,Bay of Plenty Region,Ōpōtiki District
2024,1646,Wainuiomata Intermediate,24.0,20.9752,Intermediate (Year 7 & 8),State,Lower Hutt Office,Wellington,Wellington Region,Lower Hutt City
2024,1647,Konini Primary School (Wainuiomata),19.0,15.896,Contributing (Year 1-6),State,Lower Hutt Office,Wellington,Wellington Region,Lower Hutt City
2024,1648,Manaia View School,19.0,17.2776,Full Primary (Year 1-8),State,Whangarei Office,Tai Tokerau,Northland Region,Whangarei District
2024,1650,Drummond Primary School,9.0,5.814500000000001,Full Primary (Year 1-8),State,Invercargill Office,Otago/Southland,Southland Region,Southland District
2024,1651,TKKM o Wairarapa,18.0,13.973,Composite (Year 1-15),State,Lower Hutt Office,Wellington,Wellington Region,Masterton District
2024,1657,Silverstream (South) Primary School,25.0,22.8253,Contributing (Year 1-6),State,Dunedin Office,Otago/Southland,Otago Region,Dunedin City
2024,1658,Putaruru Primary School,19.0,15.1308,Contributing (Year 1-6),State,Hamilton Office,Waikato,Waikato Region,South Waikato District
2024,1659,Lakeview School,36.0,31.7527,Full Primary (Year 1-8),State,Lower Hutt Office,Wellington,Wellington Region,Masterton District
2024,1660,Masterton Primary School,43.0,35.377199999999995,Contributing (Year 1-6),State,Lower Hutt Office,Wellington,Wellington Region,Masterton District
2024,1661,Douglas Park School,31.0,24.130300000000005,Contributing (Year 1-6),State,Lower Hutt Office,Wellington,Wellington Region,Masterton District
2024,1662,Huia Range School,17.0,15.2828,Full Primary (Year 1-8),State,Lower Hutt Office,Wellington,Manawatū-Whanganui Region,Tararua District
2024,1663,Stella Maris Primary School,21.0,17.1476,Contributing (Year 1-6),State : Integrated,Auckland Office,Tāmaki Herenga Tāngata,Auckland Region,Auckland
2024,1666,Te Kura o Waikare,9.0,8.5359,Composite (Year 1-15),State,Whangarei Office,Tai Tokerau,Northland Region,Far North District
2024,1667,He Puna Ruku Mātauranga o Whangaruru,3.0,2.6771,Full Primary (Year 1-8),State,Whangarei Office,Tai Tokerau,Northland Region,Whangarei District
2024,1668,Wairoa Primary School,26.0,21.4393,Contributing (Year 1-6),State,Napier Office,Hawke's Bay/Tairāwhiti,Hawke's Bay Region,Wairoa District
2024,1669,Tiaho Primary School,12.0,10.2902,Contributing (Year 1-6),State,Napier Office,Hawke's Bay/Tairāwhiti,Hawke's Bay Region,Wairoa District
2024,1670,TKKM o Te Ara Whanui,30.0,25.5434,Composite (Year 1-15),State,Lower Hutt Office,Wellington,Wellington Region,Lower Hutt City
2024,1672,TKKM o Nga Uri A Maui,23.0,20.4208,Composite (Year 1-15),State,Napier Office,Hawke's Bay/Tairāwhiti,Gisborne Region,Gisborne District
2024,1673,TKKM o Te Waiu o Ngati Porou,19.0,13.936099999999998,Composite (Year 1-15),State,Napier Office,Hawke's Bay/Tairāwhiti,Gisborne Region,Gisborne District
2024,1674,TKKM o Te Wananga Whare Tapere o Takitimu,25.0,23.5308,Composite (Year 1-15),State,Napier Office,Hawke's Bay/Tairāwhiti,Hawke's Bay Region,Hastings District
2024,1675,Ruakituri School,2.0,1.3421,Full Primary (Year 1-8),State,Napier Office,Hawke's Bay/Tairāwhiti,Hawke's Bay Region,Wairoa District
2024,1676,Te Mahia School,6.0,4.9307,Full Primary (Year 1-8),State,Napier Office,Hawke's Bay/Tairāwhiti,Hawke's Bay Region,Wairoa District
2024,1677,Mohaka School,5.0,4.5516,Full Primary (Year 1-8),State,Napier Office,Hawke's Bay/Tairāwhiti,Hawke's Bay Region,Wairoa District
2024,1678,Te Kura o Waikaremoana,3.0,1.6874,Full Primary (Year 1-8),State,Rotorua Office,Bay of Plenty/Waiariki,Hawke's Bay Region,Wairoa District
2024,1679,Rahotu School,10.0,8.2957,Full Primary (Year 1-8),State,Whanganui Office,Taranaki/Whanganui/Manawatū,Taranaki Region,South Taranaki District
2024,1680,Aberdeen School,46.0,40.5423,Contributing (Year 1-6),State,Hamilton Office,Waikato,Waikato Region,Hamilton City
2024,1681,Allandale School,22.0,19.6319,Contributing (Year 1-6),State,Rotorua Office,Bay of Plenty/Waiariki,Bay of Plenty Region,Whakatane District
2024,1682,Amisfield School,13.0,10.3021,Full Primary (Year 1-8),State,Hamilton Office,Waikato,Waikato Region,South Waikato District
2024,1683,Aorangi School (Rotorua),10.0,8.8239,Contributing (Year 1-6),State,Rotorua Office,Bay of Plenty/Waiariki,Bay of Plenty Region,Rotorua District
2024,1684,Apanui School,34.0,27.244,Contributing (Year 1-6),State,Rotorua Office,Bay of Plenty/Waiariki,Bay of Plenty Region,Whakatane District
2024,1686,Arataki School,35.0,30.7425,Contributing (Year 1-6),State,Rotorua Office,Bay of Plenty/Waiariki,Bay of Plenty Region,Tauranga City
2024,1687,Āria School,5.0,3.4417,Contributing (Year 1-6),State,Hamilton Office,Waikato,Waikato Region,Waitomo District
2024,1688,Arohena School,4.0,2.8242,Full Primary (Year 1-8),State,Hamilton Office,Waikato,Waikato Region,Ōtorohanga District
2024,1689,Ashbrook School,10.0,8.1916,Full Primary (Year 1-8),State,Rotorua Office,Bay of Plenty/Waiariki,Bay of Plenty Region,Ōpōtiki District
2024,1691,Awakeri School,27.0,19.6362,Full Primary (Year 1-8),State,Rotorua Office,Bay of Plenty/Waiariki,Bay of Plenty Region,Whakatane District
2024,1693,Bankwood School,23.0,20.6379,Contributing (Year 1-6),State,Hamilton Office,Waikato,Waikato Region,Hamilton City
2024,1694,Bellevue School (Tauranga),24.0,20.356,Contributing (Year 1-6),State,Rotorua Office,Bay of Plenty/Waiariki,Bay of Plenty Region,Tauranga City
2024,1695,Berkley Normal Middle School,43.0,41.1304,Restricted Composite (Year 7-10),State,Hamilton Office,Waikato,Waikato Region,Hamilton City
2024,1696,TKKM o Bernard Fergusson,15.0,14.2758,Full Primary (Year 1-8),State,Hamilton Office,Waikato,Waikato Region,Waikato District
2024,1697,Bethlehem School,29.0,25.8792,Contributing (Year 1-6),State,Rotorua Office,Bay of Plenty/Waiariki,Bay of Plenty Region,Tauranga City
2024,1698,Broadlands School,10.0,7.303100000000001,Contributing (Year 1-6),State,Rotorua Office,Bay of Plenty/Waiariki,Waikato Region,Rotorua District
2024,1699,Te Kura o Manunui,24.0,21.351000000000003,Contributing (Year 1-6),State,Rotorua Office,Bay of Plenty/Waiariki,Bay of Plenty Region,Tauranga City
2024,1700,Cambridge East School,30.0,25.0344,Contributing (Year 1-6),State,Hamilton Office,Waikato,Waikato Region,Waipa District
2024,1701,Cambridge Middle School,46.0,38.3961,Restricted Composite (Year 7-10),State,Hamilton Office,Waikato,Waikato Region,Waipa District
2024,1702,Cambridge School,34.0,25.9857,Contributing (Year 1-6),State,Hamilton Office,Waikato,Waikato Region,Waipa District
2024,1704,Cargill Open Plan School,4.0,2.8751,Contributing (Year 1-6),State,Hamilton Office,Waikato,Waikato Region,South Waikato District
2024,1705,Centennial Park School,5.0,4.6967,Full Primary (Year 1-8),State,Hamilton Office,Waikato,Waikato Region,Waitomo District
2024,1706,Colville School,4.0,2.7953,Full Primary (Year 1-8),State,Hamilton Office,Waikato,Waikato Region,Thames-Coromandel District
2024,1707,Coroglen School,3.0,2.1947,Full Primary (Year 1-8),State,Hamilton Office,Waikato,Waikato Region,Thames-Coromandel District
2024,1708,David Henry School,11.0,9.3202,Contributing (Year 1-6),State,Hamilton Office,Waikato,Waikato Region,South Waikato District
2024,1709,David Street School,35.0,27.570599999999995,Contributing (Year 1-6),State,Hamilton Office,Waikato,Waikato Region,Matamata-Piako District
2024,1710,Deanwell School,36.0,27.8694,Contributing (Year 1-6),State,Hamilton Office,Waikato,Waikato Region,Hamilton City
2024,1711,Edgecumbe School,33.0,31.3981,Full Primary (Year 1-8),State,Rotorua Office,Bay of Plenty/Waiariki,Bay of Plenty Region,Whakatane District
2024,1713,Elstow-Waihou Combined School,13.0,10.4971,Full Primary (Year 1-8),State,Hamilton Office,Waikato,Waikato Region,Matamata-Piako District
2024,1715,Fairfield Intermediate,58.0,51.5728,Intermediate (Year 7 & 8),State,Hamilton Office,Waikato,Waikato Region,Hamilton City
2024,1716,Fairfield Primary School,23.0,21.102300000000003,Contributing (Year 1-6),State,Hamilton Office,Waikato,Waikato Region,Hamilton City
2024,1717,Fairhaven School,37.0,31.6781,Contributing (Year 1-6),State,Rotorua Office,Bay of Plenty/Waiariki,Bay of Plenty Region,Western Bay of Plenty District
2024,1718,Te Wharekura o Kirikiriroa,25.0,22.3426,Composite (Year 1-15),State,Hamilton Office,Waikato,Waikato Region,Hamilton City
2024,1719,Firth School,19.0,14.4406,Contributing (Year 1-6),State,Hamilton Office,Waikato,Waikato Region,Matamata-Piako District
2024,1720,Forest Lake School,32.0,26.103400000000004,Contributing (Year 1-6),State,Hamilton Office,Waikato,Waikato Region,Hamilton City
2024,1721,Frankton School,54.0,43.7203,Contributing (Year 1-6),State,Hamilton Office,Waikato,Waikato Region,Hamilton City
2024,1722,Galatea School,11.0,7.8867,Full Primary (Year 1-8),State,Rotorua Office,Bay of Plenty/Waiariki,Bay of Plenty Region,Whakatane District
2024,1723,Glen Massey School,7.0,6.6738,Full Primary (Year 1-8),State,Hamilton Office,Waikato,Waikato Region,Waikato District
2024,1724,Glenholme School,25.0,22.6106,Contributing (Year 1-6),State,Rotorua Office,Bay of Plenty/Waiariki,Bay of Plenty Region,Rotorua District
2024,1725,Glenview School (Hamilton),29.0,25.3831,Contributing (Year 1-6),State,Hamilton Office,Waikato,Waikato Region,Hamilton City
2024,1726,Goldfields School (Paeroa),27.0,23.6764,Specialist School,State,Hamilton Office,Waikato,Waikato Region,Hauraki District
2024,1727,Goodwood School,27.0,21.9069,Contributing (Year 1-6),State,Hamilton Office,Waikato,Waikato Region,Waipa District
2024,1728,Gordonton School,19.0,14.0323,Full Primary (Year 1-8),State,Hamilton Office,Waikato,Waikato Region,Waikato District
2024,1729,Greenpark School (Tauranga),46.0,39.0955,Contributing (Year 1-6),State,Rotorua Office,Bay of Plenty/Waiariki,Bay of Plenty Region,Tauranga City
2024,1730,Greerton Village School - Te Kura o Maarawaewae,29.0,23.9672,Contributing (Year 1-6),State,Rotorua Office,Bay of Plenty/Waiariki,Bay of Plenty Region,Tauranga City
2024,1731,Hamilton East School,33.0,30.7897,Contributing (Year 1-6),State,Hamilton Office,Waikato,Waikato Region,Hamilton City
2024,1732,Hamilton North School,45.0,39.8569,Specialist School,State,Hamilton Office,Waikato,Waikato Region,Hamilton City
2024,1733,Hamilton West School,41.0,36.7439,Full Primary (Year 1-8),State,Hamilton Office,Waikato,Waikato Region,Hamilton City
2024,1735,Hautapu School,14.0,11.0039,Full Primary (Year 1-8),State,Hamilton Office,Waikato,Waikato Region,Waipa District
2024,1736,Hauturu School,4.0,2.3907,Full Primary (Year 1-8),State,Hamilton Office,Waikato,Waikato Region,Ōtorohanga District
2024,1737,Hikuai School,5.0,3.3212,Full Primary (Year 1-8),State,Hamilton Office,Waikato,Waikato Region,Thames-Coromandel District
2024,1738,Hikutaia School,11.0,8.4936,Full Primary (Year 1-8),State,Hamilton Office,Waikato,Waikato Region,Thames-Coromandel District
2024,1739,Hillcrest Normal School,44.0,34.79149999999999,Contributing (Year 1-6),State,Hamilton Office,Waikato,Waikato Region,Hamilton City
2024,1740,Hilltop School,42.0,32.361900000000006,Full Primary (Year 1-8),State,Rotorua Office,Bay of Plenty/Waiariki,Waikato Region,Taupo District
2024,1741,Hinuera School,14.0,10.1577,Contributing (Year 1-6),State,Hamilton Office,Waikato,Waikato Region,Matamata-Piako District
2024,1744,Horahora School (Cambridge),6.0,4.2795,Full Primary (Year 1-8),State,Hamilton Office,Waikato,Waikato Region,Waipa District
2024,1745,Horohoro School,5.0,3.9461,Full Primary (Year 1-8),State,Rotorua Office,Bay of Plenty/Waiariki,Waikato Region,Rotorua District
2024,1746,Horotiu School,14.0,12.4476,Full Primary (Year 1-8),State,Hamilton Office,Waikato,Waikato Region,Waikato District
2024,1747,Horsham Downs School,29.0,22.9683,Full Primary (Year 1-8),State,Hamilton Office,Waikato,Waikato Region,Waikato District
2024,1748,TKKM o Huiarau,10.0,9.4956,Composite (Year 1-15),State,Rotorua Office,Bay of Plenty/Waiariki,Bay of Plenty Region,Whakatane District
2024,1749,Hukanui School,53.0,43.98219999999999,Contributing (Year 1-6),State,Hamilton Office,Waikato,Waikato Region,Hamilton City
2024,1750,St Patrick's Catholic School (Taupo),20.0,15.070200000000002,Full Primary (Year 1-8),State : Integrated,Rotorua Office,Bay of Plenty/Waiariki,Waikato Region,Taupo District
2024,1751,Huntly School (Waikato),16.0,14.3359,Full Primary (Year 1-8),State,Hamilton Office,Waikato,Waikato Region,Waikato District
2024,1752,Huntly West School,10.0,6.8351,Full Primary (Year 1-8),State,Hamilton Office,Waikato,Waikato Region,Waikato District
2024,1753,Insoll Avenue School,23.0,19.7926,Contributing (Year 1-6),State,Hamilton Office,Waikato,Waikato Region,Hamilton City
2024,1754,Rangitaiki School,2.0,1.744,Full Primary (Year 1-8),State,Rotorua Office,Bay of Plenty/Waiariki,Bay of Plenty Region,Taupo District
2024,1755,James Street School,19.0,17.0893,Contributing (Year 1-6),State,Rotorua Office,Bay of Plenty/Waiariki,Bay of Plenty Region,Whakatane District
2024,1756,Kaharoa School,12.0,10.287,Full Primary (Year 1-8),State,Rotorua Office,Bay of Plenty/Waiariki,Bay of Plenty Region,Rotorua District
2024,1757,Kaihere School,5.0,3.802,Full Primary (Year 1-8),State,Hamilton Office,Waikato,Waikato Region,Hauraki District
2024,1758,Kaimai School,6.0,5.6298,Full Primary (Year 1-8),State,Rotorua Office,Bay of Plenty/Waiariki,Bay of Plenty Region,Western Bay of Plenty District
2024,1759,Kaingaroa Forest School,4.0,3.6193,Full Primary (Year 1-8),State,Rotorua Office,Bay of Plenty/Waiariki,Bay of Plenty Region,Rotorua District
2024,1760,Kaipaki School,15.0,9.0962,Full Primary (Year 1-8),State,Hamilton Office,Waikato,Waikato Region,Waipa District
2024,1761,Kaitao Intermediate,20.0,18.884200000000003,Intermediate (Year 7 & 8),State,Rotorua Office,Bay of Plenty/Waiariki,Bay of Plenty Region,Rotorua District
2024,1762,Tauranga Special School,41.0,34.8069,Specialist School,State,Rotorua Office,Bay of Plenty/Waiariki,Bay of Plenty Region,Tauranga City
2024,1763,Karangahake School,5.0,4.1153,Full Primary (Year 1-8),State,Hamilton Office,Waikato,Waikato Region,Hauraki District
2024,1764,Karapiro School,5.0,3.6704,Contributing (Year 1-6),State,Hamilton Office,Waikato,Waikato Region,Waipa District
2024,1765,Katikati Primary School,38.0,32.8676,Contributing (Year 1-6),State,Rotorua Office,Bay of Plenty/Waiariki,Bay of Plenty Region,Western Bay of Plenty District
2024,1766,Kawaha Point School,20.0,16.076999999999998,Contributing (Year 1-6),State,Rotorua Office,Bay of Plenty/Waiariki,Bay of Plenty Region,Rotorua District
2024,1770,Kawerau South School,25.0,23.784900000000004,Contributing (Year 1-6),State,Rotorua Office,Bay of Plenty/Waiariki,Bay of Plenty Region,Kawerau District
2024,1771,Kawhia School,7.0,5.177,Full Primary (Year 1-8),State,Hamilton Office,Waikato,Waikato Region,Ōtorohanga District
2024,1772,Rotorua Specialist School - Te Kura Pūkenga o Rotorua,22.0,20.6322,Specialist School,State,Rotorua Office,Bay of Plenty/Waiariki,Bay of Plenty Region,Rotorua District
2024,1773,TKKM o Harataunga,2.0,2.0,Full Primary (Year 1-8),State,Hamilton Office,Waikato,Waikato Region,Thames-Coromandel District
2024,1775,Kerepehi School,9.0,6.9035,Full Primary (Year 1-8),State,Hamilton Office,Waikato,Waikato Region,Hauraki District
2024,1776,Kihikihi School,16.0,12.4305,Full Primary (Year 1-8),State,Hamilton Office,Waikato,Waikato Region,Waipa District
2024,1777,Kimihia School,24.0,19.0473,Full Primary (Year 1-8),State,Hamilton Office,Waikato,Waikato Region,Waikato District
2024,1778,Kinohaku School,1.0,1.0439,Full Primary (Year 1-8),State,Hamilton Office,Waikato,Waikato Region,Waitomo District
2024,1779,Kio Kio School,12.0,9.743900000000002,Full Primary (Year 1-8),State,Hamilton Office,Waikato,Waikato Region,Ōtorohanga District
2024,1780,Kiwitahi School,7.0,4.917599999999999,Contributing (Year 1-6),State,Hamilton Office,Waikato,Waikato Region,Matamata-Piako District
2024,1781,Knighton Normal School,48.0,40.839400000000005,Contributing (Year 1-6),State,Hamilton Office,Waikato,Waikato Region,Hamilton City
2024,1782,Kopuarahi School,2.0,1.6038,Full Primary (Year 1-8),State,Hamilton Office,Waikato,Waikato Region,Hauraki District
2024,1783,Korakonui School,11.0,9.1969,Full Primary (Year 1-8),State,Hamilton Office,Waikato,Waikato Region,Ōtorohanga District
2024,1784,Koromatua School,15.0,12.9132,Full Primary (Year 1-8),State,Hamilton Office,Waikato,Waikato Region,Waipa District
2024,1785,Kuratau School,9.0,6.6118,Full Primary (Year 1-8),State,Rotorua Office,Bay of Plenty/Waiariki,Waikato Region,Taupo District
2024,1786,Kutarere School,3.0,2.3769,Full Primary (Year 1-8),State,Rotorua Office,Bay of Plenty/Waiariki,Bay of Plenty Region,Ōpōtiki District
2024,1787,Lake Rerewhakaaitu School,8.0,6.4749,Full Primary (Year 1-8),State,Rotorua Office,Bay of Plenty/Waiariki,Bay of Plenty Region,Rotorua District
2024,1788,Lake Rotoma School,2.0,1.8669,Full Primary (Year 1-8),State,Rotorua Office,Bay of Plenty/Waiariki,Bay of Plenty Region,Rotorua District
2024,1789,Leamington School,45.0,32.8269,Contributing (Year 1-6),State,Hamilton Office,Waikato,Waikato Region,Waipa District
2024,1790,Lichfield School,8.0,6.5474,Contributing (Year 1-6),State,Hamilton Office,Waikato,Waikato Region,South Waikato District
2024,1791,Lynmore Primary School,43.0,34.8416,Contributing (Year 1-6),State,Rotorua Office,Bay of Plenty/Waiariki,Bay of Plenty Region,Rotorua District
2024,1792,Maeroa Intermediate,42.0,38.0466,Intermediate (Year 7 & 8),State,Hamilton Office,Waikato,Waikato Region,Hamilton City
2024,1793,Maihiihi School,9.0,6.2827,Full Primary (Year 1-8),State,Hamilton Office,Waikato,Waikato Region,Ōtorohanga District
2024,1794,Maketu School,4.0,3.6934,Contributing (Year 1-6),State,Rotorua Office,Bay of Plenty/Waiariki,Bay of Plenty Region,Western Bay of Plenty District
2024,1796,Malfroy School,21.0,19.3287,Contributing (Year 1-6),State,Rotorua Office,Bay of Plenty/Waiariki,Bay of Plenty Region,Rotorua District
2024,1797,Mamaku School,11.0,7.444000000000001,Full Primary (Year 1-8),State,Rotorua Office,Bay of Plenty/Waiariki,Bay of Plenty Region,Rotorua District
2024,1798,Te Wharekura o Manaia,17.0,14.146999999999998,Composite (Year 1-15),State,Hamilton Office,Waikato,Waikato Region,Thames-Coromandel District
2024,1800,Manawaru School,7.0,5.603899999999999,Full Primary (Year 1-8),State,Hamilton Office,Waikato,Waikato Region,Matamata-Piako District
2024,1806,Te Kura Mana Māori o Maraenui,6.0,5.0385,Full Primary (Year 1-8),State,Rotorua Office,Bay of Plenty/Waiariki,Bay of Plenty Region,Ōpōtiki District
2024,1808,Marotiri School,9.0,7.8986,Full Primary (Year 1-8),State,Rotorua Office,Bay of Plenty/Waiariki,Waikato Region,Taupo District
2024,1809,Te Kura Mana Maori o Matahi,2.0,1.4421,Full Primary (Year 1-8),State,Rotorua Office,Bay of Plenty/Waiariki,Bay of Plenty Region,Whakatane District
2024,1811,Te Kura o Te Moutere O Matakana,4.0,2.9823,Composite (Year 1-15),State,Rotorua Office,Bay of Plenty/Waiariki,Bay of Plenty Region,Western Bay of Plenty District
2024,1812,Matamata Intermediate,31.0,23.5708,Intermediate (Year 7 & 8),State,Hamilton Office,Waikato,Waikato Region,Matamata-Piako District
2024,1813,Matamata Primary School,29.0,25.558399999999995,Contributing (Year 1-6),State,Hamilton Office,Waikato,Waikato Region,Matamata-Piako District
2024,1814,Matangi School,15.0,12.1129,Contributing (Year 1-6),State,Hamilton Office,Waikato,Waikato Region,Waikato District
2024,1815,Te Kura o Matapihi,16.0,14.451,Full Primary (Year 1-8),State,Rotorua Office,Bay of Plenty/Waiariki,Bay of Plenty Region,Tauranga City
2024,1818,Matata School,7.0,5.9131,Full Primary (Year 1-8),State,Rotorua Office,Bay of Plenty/Waiariki,Bay of Plenty Region,Whakatane District
2024,1819,Matatoki School,5.0,4.9434000000000005,Full Primary (Year 1-8),State,Hamilton Office,Waikato,Waikato Region,Thames-Coromandel District
2024,1820,Matua School,38.0,29.5835,Contributing (Year 1-6),State,Rotorua Office,Bay of Plenty/Waiariki,Bay of Plenty Region,Tauranga City
2024,1821,Maungatapu School,42.0,34.09020000000001,Contributing (Year 1-6),State,Rotorua Office,Bay of Plenty/Waiariki,Bay of Plenty Region,Tauranga City
2024,1824,Melville Primary School,20.0,17.653200000000002,Contributing (Year 1-6),State,Hamilton Office,Waikato,Waikato Region,Hamilton City
2024,1825,Merivale School,14.0,12.1552,Contributing (Year 1-6),State,Rotorua Office,Bay of Plenty/Waiariki,Bay of Plenty Region,Tauranga City
2024,1826,Mihi School,3.0,1.6794,Contributing (Year 1-6),State,Rotorua Office,Bay of Plenty/Waiariki,Waikato Region,Rotorua District
2024,1827,Miller Avenue School,13.0,8.949300000000001,Full Primary (Year 1-8),State,Hamilton Office,Waikato,Waikato Region,Hauraki District
2024,1829,Moanataiari School,12.0,9.1804,Full Primary (Year 1-8),State,Hamilton Office,Waikato,Waikato Region,Thames-Coromandel District
2024,1832,Mokoia Intermediate,22.0,21.2827,Intermediate (Year 7 & 8),State,Rotorua Office,Bay of Plenty/Waiariki,Bay of Plenty Region,Rotorua District
2024,1833,Morrinsville Intermediate,51.0,42.8493,Intermediate (Year 7 & 8),State,Hamilton Office,Waikato,Waikato Region,Matamata-Piako District
2024,1834,Morrinsville School,17.0,13.9674,Contributing (Year 1-6),State,Hamilton Office,Waikato,Waikato Region,Matamata-Piako District
2024,1835,Motumaoho School,4.0,2.4088,Contributing (Year 1-6),State,Hamilton Office,Waikato,Waikato Region,Matamata-Piako District
2024,1836,Mountview School,25.0,22.078,Full Primary (Year 1-8),State,Rotorua Office,Bay of Plenty/Waiariki,Waikato Region,Taupo District
2024,1837,Mt Maunganui Intermediate,45.0,39.3337,Intermediate (Year 7 & 8),State,Rotorua Office,Bay of Plenty/Waiariki,Bay of Plenty Region,Tauranga City
2024,1838,Mount Maunganui Primary School,26.0,24.7064,Contributing (Year 1-6),State,Rotorua Office,Bay of Plenty/Waiariki,Bay of Plenty Region,Tauranga City
2024,1841,Nawton School,84.0,80.5708,Contributing (Year 1-6),State,Hamilton Office,Waikato,Waikato Region,Hamilton City
2024,1842,Netherton School,10.0,8.3298,Full Primary (Year 1-8),State,Hamilton Office,Waikato,Waikato Region,Hauraki District
2024,1843,Newstead Model School,9.0,7.9739,Contributing (Year 1-6),State,Hamilton Office,Waikato,Waikato Region,Waikato District
2024,1844,Ngahinapouri School,13.0,10.5877,Full Primary (Year 1-8),State,Hamilton Office,Waikato,Waikato Region,Waipa District
2024,1845,Ngakonui Valley School,7.0,6.142,Full Primary (Year 1-8),State,Hamilton Office,Waikato,Manawatū-Whanganui Region,Ruapehu District
2024,1846,Ngakuru School,6.0,4.7774,Full Primary (Year 1-8),State,Rotorua Office,Bay of Plenty/Waiariki,Waikato Region,Rotorua District
2024,1847,Te Kura o Ngāpuke,7.0,5.753,Full Primary (Year 1-8),State,Hamilton Office,Waikato,Manawatū-Whanganui Region,Ruapehu District
2024,1849,Ngaruawahia School,17.0,13.674699999999998,Full Primary (Year 1-8),State,Hamilton Office,Waikato,Waikato Region,Waikato District
2024,1850,Ngatea School,23.0,17.8221,Full Primary (Year 1-8),State,Hamilton Office,Waikato,Waikato Region,Hauraki District
2024,1851,Te Kura o Ngaati Hauaa,9.0,8.0904,Full Primary (Year 1-8),State,Hamilton Office,Waikato,Waikato Region,Waikato District
2024,1852,Ngongotaha School,27.0,23.5243,Contributing (Year 1-6),State,Rotorua Office,Bay of Plenty/Waiariki,Bay of Plenty Region,Rotorua District
2024,1853,Ngutunui School,5.0,3.3072,Full Primary (Year 1-8),State,Hamilton Office,Waikato,Waikato Region,Ōtorohanga District
2024,1854,Nukuhou North School,6.0,5.2685,Full Primary (Year 1-8),State,Rotorua Office,Bay of Plenty/Waiariki,Bay of Plenty Region,Whakatane District
2024,1855,Ohaupo School,16.0,12.945099999999998,Full Primary (Year 1-8),State,Hamilton Office,Waikato,Waikato Region,Waipa District
2024,1856,Ohinewai School,8.0,6.0817,Full Primary (Year 1-8),State,Hamilton Office,Waikato,Waikato Region,Waikato District
2024,1857,Ōhope Beach School,15.0,12.9818,Contributing (Year 1-6),State,Rotorua Office,Bay of Plenty/Waiariki,Bay of Plenty Region,Whakatane District
2024,1858,Kuranui Primary School,5.0,4.0648,Contributing (Year 1-6),State,Hamilton Office,Waikato,Waikato Region,South Waikato District
2024,1860,Omanu School,41.0,31.7265,Contributing (Year 1-6),State,Rotorua Office,Bay of Plenty/Waiariki,Bay of Plenty Region,Tauranga City
2024,1861,Te Kura o Ōmarumutu,9.0,7.326799999999999,Full Primary (Year 1-8),State,Rotorua Office,Bay of Plenty/Waiariki,Bay of Plenty Region,Ōpōtiki District
2024,1862,Ōmokoroa Point School,23.0,19.134,Full Primary (Year 1-8),State,Rotorua Office,Bay of Plenty/Waiariki,Bay of Plenty Region,Western Bay of Plenty District
2024,1863,Omokoroa School,22.0,19.2567,Full Primary (Year 1-8),State,Rotorua Office,Bay of Plenty/Waiariki,Bay of Plenty Region,Western Bay of Plenty District
2024,1865,Te Wharekura o Maniapoto,20.0,15.6575,Composite (Year 1-15),State,Hamilton Office,Waikato,Waikato Region,Waitomo District
2024,1866,Opotiki School,21.0,17.7336,Full Primary (Year 1-8),State,Rotorua Office,Bay of Plenty/Waiariki,Bay of Plenty Region,Ōpōtiki District
2024,1867,Ōpoutere School,10.0,7.729900000000001,Full Primary (Year 1-8),State,Hamilton Office,Waikato,Waikato Region,Thames-Coromandel District
2024,1869,Orini Combined School,8.0,6.5838,Full Primary (Year 1-8),State,Hamilton Office,Waikato,Waikato Region,Waikato District
2024,1870,Oropi School,23.0,20.5969,Full Primary (Year 1-8),State,Rotorua Office,Bay of Plenty/Waiariki,Bay of Plenty Region,Western Bay of Plenty District
2024,1871,Otakiri School,14.0,11.7032,Full Primary (Year 1-8),State,Rotorua Office,Bay of Plenty/Waiariki,Bay of Plenty Region,Whakatane District
2024,1872,Otamarakau School,7.0,5.5933,Full Primary (Year 1-8),State,Rotorua Office,Bay of Plenty/Waiariki,Bay of Plenty Region,Western Bay of Plenty District
2024,1873,TKKM o Otepou,4.0,4.0,Full Primary (Year 1-8),State,Rotorua Office,Bay of Plenty/Waiariki,Bay of Plenty Region,Tauranga City
2024,1874,Ōtewā School,4.0,3.9973,Full Primary (Year 1-8),State,Hamilton Office,Waikato,Waikato Region,Ōtorohanga District
2024,1875,Otonga Road School,33.0,27.6594,Contributing (Year 1-6),State,Rotorua Office,Bay of Plenty/Waiariki,Bay of Plenty Region,Rotorua District
2024,1876,Ōtorohanga School,8.0,6.6334,Full Primary (Year 1-8),State,Hamilton Office,Waikato,Waikato Region,Ōtorohanga District
2024,1877,Otorohanga South School,29.0,21.4297,Full Primary (Year 1-8),State,Hamilton Office,Waikato,Waikato Region,Ōtorohanga District
2024,1878,Ōtūmoetai Intermediate,54.0,48.9108,Intermediate (Year 7 & 8),State,Rotorua Office,Bay of Plenty/Waiariki,Bay of Plenty Region,Tauranga City
2024,1879,Ōtūmoetai Primary School,43.0,32.9745,Contributing (Year 1-6),State,Rotorua Office,Bay of Plenty/Waiariki,Bay of Plenty Region,Tauranga City
2024,1880,St Mary's Catholic School (Otorohanga),4.0,2.6339,Full Primary (Year 1-8),State : Integrated,Hamilton Office,Waikato,Waikato Region,Ōtorohanga District
2024,1881,Owhata School,21.0,17.851399999999998,Contributing (Year 1-6),State,Rotorua Office,Bay of Plenty/Waiariki,Bay of Plenty Region,Rotorua District
2024,1882,Paengaroa School,17.0,13.3014,Contributing (Year 1-6),State,Rotorua Office,Bay of Plenty/Waiariki,Bay of Plenty Region,Western Bay of Plenty District
2024,1883,Paeroa Central School,7.0,5.8973,Full Primary (Year 1-8),State,Hamilton Office,Waikato,Waikato Region,Hauraki District
2024,1884,Pahoia School,10.0,9.5322,Contributing (Year 1-6),State,Rotorua Office,Bay of Plenty/Waiariki,Bay of Plenty Region,Western Bay of Plenty District
2024,1885,Pāpāmoa Primary School,43.0,35.2869,Contributing (Year 1-6),State,Rotorua Office,Bay of Plenty/Waiariki,Bay of Plenty Region,Tauranga City
2024,1886,Pārāwai School,17.0,13.6922,Full Primary (Year 1-8),State,Hamilton Office,Waikato,Waikato Region,Thames-Coromandel District
2024,1888,Te Kura o Te Paroa,19.0,18.4913,Full Primary (Year 1-8),State,Rotorua Office,Bay of Plenty/Waiariki,Bay of Plenty Region,Whakatane District
2024,1889,Paterangi School,10.0,7.4007,Full Primary (Year 1-8),State,Hamilton Office,Waikato,Waikato Region,Waipa District
2024,1891,Patricia Avenue School,55.0,47.9987,Specialist School,State,Hamilton Office,Waikato,Waikato Region,Hamilton City
2024,1892,Peachgrove Intermediate,39.0,35.488600000000005,Intermediate (Year 7 & 8),State,Hamilton Office,Waikato,Waikato Region,Hamilton City
2024,1893,Pekapekarau School,24.0,19.0437,Contributing (Year 1-6),State,Hamilton Office,Waikato,Waikato Region,Waipa District
2024,1894,Pillans Point School,35.0,28.3482,Contributing (Year 1-6),State,Rotorua Office,Bay of Plenty/Waiariki,Bay of Plenty Region,Tauranga City
2024,1895,Piopio Primary School,13.0,9.9727,Contributing (Year 1-6),State,Hamilton Office,Waikato,Waikato Region,Waitomo District
2024,1896,Piripiri School,2.0,1.6251000000000002,Full Primary (Year 1-8),State,Hamilton Office,Waikato,Waikato Region,Waitomo District
2024,1897,Pirongia School,30.0,24.4941,Full Primary (Year 1-8),State,Hamilton Office,Waikato,Waikato Region,Waipa District
2024,1898,Pokuru School,15.0,12.8786,Contributing (Year 1-6),State,Hamilton Office,Waikato,Waikato Region,Waipa District
2024,1899,Pongakawa School,23.0,19.3024,Full Primary (Year 1-8),State,Rotorua Office,Bay of Plenty/Waiariki,Bay of Plenty Region,Western Bay of Plenty District
2024,1902,Puahue School,10.0,9.0274,Contributing (Year 1-6),State,Hamilton Office,Waikato,Waikato Region,Waipa District
2024,1903,Pukeatua School,6.0,5.9312000000000005,Full Primary (Year 1-8),State,Hamilton Office,Waikato,Waikato Region,Waipa District
2024,1904,Pukehina School,3.0,2.1568,Full Primary (Year 1-8),State,Rotorua Office,Bay of Plenty/Waiariki,Bay of Plenty Region,Western Bay of Plenty District
2024,1906,Pukenui School (Te Kuiti),15.0,11.940899999999996,Full Primary (Year 1-8),State,Hamilton Office,Waikato,Waikato Region,Waitomo District
2024,1907,Puketaha School,21.0,17.6826,Full Primary (Year 1-8),State,Hamilton Office,Waikato,Waikato Region,Waikato District
2024,1908,Pukete School,33.0,28.6945,Contributing (Year 1-6),State,Hamilton Office,Waikato,Waikato Region,Hamilton City
2024,1911,Puriri School,1.0,0.9986,Full Primary (Year 1-8),State,Hamilton Office,Waikato,Waikato Region,Thames-Coromandel District
2024,1912,Te Puru School,12.0,11.7407,Full Primary (Year 1-8),State,Hamilton Office,Waikato,Waikato Region,Thames-Coromandel District
2024,1916,Pyes Pa Road School,18.0,13.9612,Full Primary (Year 1-8),State,Rotorua Office,Bay of Plenty/Waiariki,Bay of Plenty Region,Western Bay of Plenty District
2024,1917,Te Wharekura o Rākaumangamanga,38.0,35.5074,Composite (Year 1-15),State,Hamilton Office,Waikato,Waikato Region,Waikato District
2024,1919,Te Kura o Rangiriri,4.0,3.4139,Full Primary (Year 1-8),State,Hamilton Office,Waikato,Waikato Region,Waikato District
2024,1920,Rangitoto School,3.0,2.6199,Full Primary (Year 1-8),State,Hamilton Office,Waikato,Waikato Region,Waitomo District
2024,1921,Rangiuru School,7.0,5.136,Full Primary (Year 1-8),State,Rotorua Office,Bay of Plenty/Waiariki,Bay of Plenty Region,Western Bay of Plenty District
2024,1923,Reporoa School,8.0,7.4957,Contributing (Year 1-6),State,Rotorua Office,Bay of Plenty/Waiariki,Waikato Region,Rotorua District
2024,1924,Rhode Street School,17.0,13.7659,Full Primary (Year 1-8),State,Hamilton Office,Waikato,Waikato Region,Hamilton City
2024,1927,Roto-O-Rangi School,7.0,6.4971,Contributing (Year 1-6),State,Hamilton Office,Waikato,Waikato Region,Waipa District
2024,1929,TKKM o Rotoiti,3.0,3.0,Full Primary (Year 1-8),State,Rotorua Office,Bay of Plenty/Waiariki,Bay of Plenty Region,Rotorua District
2024,1930,Rotokauri School,12.0,11.5747,Full Primary (Year 1-8),State,Hamilton Office,Waikato,Waikato Region,Waikato District
2024,1931,Rotokawa School,12.0,10.493,Contributing (Year 1-6),State,Rotorua Office,Bay of Plenty/Waiariki,Bay of Plenty Region,Rotorua District
2024,1933,Rotorua Intermediate,45.0,39.5013,Intermediate (Year 7 & 8),State,Rotorua Office,Bay of Plenty/Waiariki,Bay of Plenty Region,Rotorua District
2024,1934,Rotorua School,33.0,29.3913,Full Primary (Year 1-8),State,Rotorua Office,Bay of Plenty/Waiariki,Bay of Plenty Region,Rotorua District
2024,1937,Ruawaro Combined School,4.0,3.0223,Full Primary (Year 1-8),State,Hamilton Office,Waikato,Waikato Region,Waikato District
2024,1938,Rukuhia School,8.0,7.0108,Full Primary (Year 1-8),State,Hamilton Office,Waikato,Waikato Region,Waipa District
2024,1939,Selwyn School,21.0,18.8745,Contributing (Year 1-6),State,Rotorua Office,Bay of Plenty/Waiariki,Bay of Plenty Region,Rotorua District
2024,1940,Silverdale Normal School,31.0,26.207000000000004,Contributing (Year 1-6),State,Hamilton Office,Waikato,Waikato Region,Hamilton City
2024,1941,Springdale School,6.0,4.6409,Full Primary (Year 1-8),State,Hamilton Office,Waikato,Waikato Region,Matamata-Piako District
2024,1942,St Andrews Middle School,13.0,12.0333,Restricted Composite (Year 7-10),State,Hamilton Office,Waikato,Waikato Region,Hamilton City
2024,1943,St Anthony's Catholic School (Huntly),6.0,5.3192,Full Primary (Year 1-8),State : Integrated,Hamilton Office,Waikato,Waikato Region,Waikato District
2024,1944,St Columba's Catholic School (Frankton),31.0,26.9919,Full Primary (Year 1-8),State : Integrated,Hamilton Office,Waikato,Waikato Region,Hamilton City
2024,1945,St Francis School (Thames),8.0,5.9517,Full Primary (Year 1-8),State : Integrated,Hamilton Office,Waikato,Waikato Region,Thames-Coromandel District
2024,1946,St Joseph's Catholic School (Fairfield),24.0,19.0687,Full Primary (Year 1-8),State : Integrated,Hamilton Office,Waikato,Waikato Region,Hamilton City
2024,1947,St Joseph's Catholic School (Matamata),6.0,3.7153,Full Primary (Year 1-8),State : Integrated,Hamilton Office,Waikato,Waikato Region,Matamata-Piako District
2024,1948,St Joseph's Catholic School (Matata),4.0,2.9526,Full Primary (Year 1-8),State : Integrated,Rotorua Office,Bay of Plenty/Waiariki,Bay of Plenty Region,Whakatane District
2024,1949,St Joseph's Catholic School (Morrinsville),14.0,11.7284,Full Primary (Year 1-8),State : Integrated,Hamilton Office,Waikato,Waikato Region,Matamata-Piako District
2024,1950,St Joseph's Catholic School (Opotiki),10.0,8.868699999999999,Full Primary (Year 1-8),State : Integrated,Rotorua Office,Bay of Plenty/Waiariki,Bay of Plenty Region,Ōpōtiki District
2024,1951,St Joseph's Catholic School (Paeroa),5.0,4.1627,Full Primary (Year 1-8),State : Integrated,Hamilton Office,Waikato,Waikato Region,Hauraki District
2024,1952,St Joseph's Catholic School (Te Aroha),5.0,4.9806,Full Primary (Year 1-8),State : Integrated,Hamilton Office,Waikato,Waikato Region,Matamata-Piako District
2024,1953,St Joseph's Catholic School (Te Kuiti),7.0,4.4494,Full Primary (Year 1-8),State : Integrated,Hamilton Office,Waikato,Waikato Region,Waitomo District
2024,1954,St Joseph's Catholic School (Waihi),4.0,3.322,Full Primary (Year 1-8),State : Integrated,Hamilton Office,Waikato,Waikato Region,Hauraki District
2024,1955,St Joseph's Catholic School (Whakatane),23.0,17.219900000000003,Full Primary (Year 1-8),State : Integrated,Rotorua Office,Bay of Plenty/Waiariki,Bay of Plenty Region,Whakatane District
2024,1957,St Mary's Catholic School (Putāruru),14.0,10.4575,Full Primary (Year 1-8),State : Integrated,Hamilton Office,Waikato,Waikato Region,South Waikato District
2024,1958,St Mary's Catholic School (Rotorua),30.0,25.3712,Contributing (Year 1-6),State : Integrated,Rotorua Office,Bay of Plenty/Waiariki,Bay of Plenty Region,Rotorua District
2024,1959,St Mary's Catholic School (Tauranga),35.0,27.0942,Contributing (Year 1-6),State : Integrated,Rotorua Office,Bay of Plenty/Waiariki,Bay of Plenty Region,Tauranga City
2024,1960,St Michael's Catholic School (Rotorua),9.0,7.5899,Contributing (Year 1-6),State : Integrated,Rotorua Office,Bay of Plenty/Waiariki,Bay of Plenty Region,Rotorua District
2024,1961,St Patrick's Catholic School (Taumarunui),8.0,4.6080000000000005,Full Primary (Year 1-8),State : Integrated,Hamilton Office,Waikato,Manawatū-Whanganui Region,Ruapehu District
2024,1962,St Patrick's Catholic School (Te Awamutu),17.0,14.2963,Full Primary (Year 1-8),State : Integrated,Hamilton Office,Waikato,Waikato Region,Waipa District
2024,1963,St Paul's Catholic School (Ngaruawahia),9.0,6.9637,Full Primary (Year 1-8),State : Integrated,Hamilton Office,Waikato,Waikato Region,Waikato District
2024,1964,St Peter Chanel Catholic School (Te Rapa),19.0,16.2789,Full Primary (Year 1-8),State : Integrated,Hamilton Office,Waikato,Waikato Region,Hamilton City
2024,1965,St Peter's Catholic School (Cambridge),14.0,11.7419,Full Primary (Year 1-8),State : Integrated,Hamilton Office,Waikato,Waikato Region,Waipa District
2024,1966,St Pius X Catholic School (Melville),14.0,12.2455,Full Primary (Year 1-8),State : Integrated,Hamilton Office,Waikato,Waikato Region,Hamilton City
2024,1967,Stanley Avenue School,19.0,15.793,Full Primary (Year 1-8),State,Hamilton Office,Waikato,Waikato Region,Matamata-Piako District
2024,1968,Strathmore School,9.0,8.556000000000001,Contributing (Year 1-6),State,Hamilton Office,Waikato,Waikato Region,South Waikato District
2024,1970,Sunset Primary School,13.0,10.6947,Contributing (Year 1-6),State,Rotorua Office,Bay of Plenty/Waiariki,Bay of Plenty Region,Rotorua District
2024,1971,Te Kura o Tahaaroa,3.0,3.0,Full Primary (Year 1-8),State,Hamilton Office,Waikato,Waikato Region,Waitomo District
2024,1972,Tahuna School,8.0,6.868,Contributing (Year 1-6),State,Hamilton Office,Waikato,Waikato Region,Matamata-Piako District
2024,1974,Tainui Full Primary School,26.0,22.121,Full Primary (Year 1-8),State,Hamilton Office,Waikato,Waikato Region,South Waikato District
2024,1975,Tairua School,12.0,10.5443,Full Primary (Year 1-8),State,Hamilton Office,Waikato,Waikato Region,Thames-Coromandel District
2024,1976,Tamahere Model Country School,27.0,23.2118,Contributing (Year 1-6),State,Hamilton Office,Waikato,Waikato Region,Waikato District
2024,1978,Taneatua School,12.0,10.8169,Full Primary (Year 1-8),State,Rotorua Office,Bay of Plenty/Waiariki,Bay of Plenty Region,Whakatane District
2024,1980,Tapu School,2.0,1.3845,Full Primary (Year 1-8),State,Hamilton Office,Waikato,Waikato Region,Thames-Coromandel District
2024,1982,Tarrangower School,5.0,3.3242000000000003,Full Primary (Year 1-8),State,Hamilton Office,Waikato,Manawatū-Whanganui Region,Ruapehu District
2024,1983,Tatuanui School,10.0,8.0217,Contributing (Year 1-6),State,Hamilton Office,Waikato,Waikato Region,Matamata-Piako District
2024,1984,Tauhara School,31.0,25.6413,Contributing (Year 1-6),State,Rotorua Office,Bay of Plenty/Waiariki,Waikato Region,Taupo District
2024,1985,Tauhei Combined School,5.0,4.1948,Contributing (Year 1-6),State,Hamilton Office,Waikato,Waikato Region,Matamata-Piako District
2024,1986,Taumarunui Primary School,15.0,10.9801,Full Primary (Year 1-8),State,Hamilton Office,Waikato,Manawatū-Whanganui Region,Ruapehu District
2024,1987,Taupiri School,8.0,7.1433,Full Primary (Year 1-8),State,Hamilton Office,Waikato,Waikato Region,Waikato District
2024,1988,Taupo Intermediate,38.0,30.4604,Intermediate (Year 7 & 8),State,Rotorua Office,Bay of Plenty/Waiariki,Waikato Region,Taupo District
2024,1989,Taupo School,36.0,27.2706,Contributing (Year 1-6),State,Rotorua Office,Bay of Plenty/Waiariki,Waikato Region,Taupo District
2024,1990,Tauranga Intermediate,71.0,64.0832,Intermediate (Year 7 & 8),State,Rotorua Office,Bay of Plenty/Waiariki,Bay of Plenty Region,Tauranga City
2024,1991,Tauranga Primary School,32.0,27.0411,Contributing (Year 1-6),State,Rotorua Office,Bay of Plenty/Waiariki,Bay of Plenty Region,Tauranga City
2024,1992,Gate Pa School,26.0,22.4346,Contributing (Year 1-6),State,Rotorua Office,Bay of Plenty/Waiariki,Bay of Plenty Region,Tauranga City
2024,1994,Tauriko School,18.0,13.1445,Full Primary (Year 1-8),State,Rotorua Office,Bay of Plenty/Waiariki,Bay of Plenty Region,Tauranga City
2024,1995,Tauwhare School,10.0,8.019,Contributing (Year 1-6),State,Hamilton Office,Waikato,Waikato Region,Waikato District
2024,1996,Tāwera Bilingual School,4.0,2.9494,Full Primary (Year 1-8),State,Rotorua Office,Bay of Plenty/Waiariki,Bay of Plenty Region,Whakatane District
2024,1998,Te Akau School,6.0,4.2059,Full Primary (Year 1-8),State,Hamilton Office,Waikato,Waikato Region,Waikato District
2024,1999,Te Aroha Primary School,16.0,12.5675,Full Primary (Year 1-8),State,Hamilton Office,Waikato,Waikato Region,Matamata-Piako District
2024,2001,Te Awamutu Intermediate,33.0,29.5266,Intermediate (Year 7 & 8),State,Hamilton Office,Waikato,Waikato Region,Waipa District
2024,2002,Te Awamutu Primary School,45.0,36.72539999999999,Contributing (Year 1-6),State,Hamilton Office,Waikato,Waikato Region,Waipa District
2024,2005,Te Kauwhata Primary School,27.0,19.435,Contributing (Year 1-6),State,Hamilton Office,Waikato,Waikato Region,Waikato District
2024,2007,Te Kowhai School,26.0,20.0613,Full Primary (Year 1-8),State,Hamilton Office,Waikato,Waikato Region,Waikato District
2024,2008,Te Kuiti Primary School,25.0,22.0652,Full Primary (Year 1-8),State,Hamilton Office,Waikato,Waikato Region,Waitomo District
2024,2009,Te Mahoe School,4.0,3.079,Full Primary (Year 1-8),State,Rotorua Office,Bay of Plenty/Waiariki,Bay of Plenty Region,Whakatane District
2024,2010,Te Mata School (Raglan),9.0,8.4043,Full Primary (Year 1-8),State,Hamilton Office,Waikato,Waikato Region,Waikato District
2024,2011,TKKM o Te Matai,5.0,4.1999,Full Primary (Year 1-8),State,Rotorua Office,Bay of Plenty/Waiariki,Bay of Plenty Region,Western Bay of Plenty District
2024,2012,Te Miro School,6.0,4.3463,Full Primary (Year 1-8),State,Hamilton Office,Waikato,Waikato Region,Waipa District
2024,2013,Te Pahu School,8.0,7.3158,Full Primary (Year 1-8),State,Hamilton Office,Waikato,Waikato Region,Waipa District
2024,2014,Te Poi School,10.0,6.5373,Contributing (Year 1-6),State,Hamilton Office,Waikato,Waikato Region,Matamata-Piako District
2024,2015,Te Puke Intermediate,30.0,28.4436,Intermediate (Year 7 & 8),State,Rotorua Office,Bay of Plenty/Waiariki,Bay of Plenty Region,Western Bay of Plenty District
2024,2016,Te Puke Primary School,26.0,21.472,Contributing (Year 1-6),State,Rotorua Office,Bay of Plenty/Waiariki,Bay of Plenty Region,Western Bay of Plenty District
2024,2017,Te Puna School,20.0,16.629,Full Primary (Year 1-8),State,Rotorua Office,Bay of Plenty/Waiariki,Bay of Plenty Region,Western Bay of Plenty District
2024,2019,Te Ranga School,10.0,8.854800000000001,Full Primary (Year 1-8),State,Rotorua Office,Bay of Plenty/Waiariki,Bay of Plenty Region,Western Bay of Plenty District
2024,2020,Te Rapa School,29.0,27.0209,Full Primary (Year 1-8),State,Hamilton Office,Waikato,Waikato Region,Hamilton City
2024,2021,Te Rerenga School,12.0,8.9131,Full Primary (Year 1-8),State,Hamilton Office,Waikato,Waikato Region,Thames-Coromandel District
2024,2023,Te Kura o Te Teko,10.0,8.6636,Full Primary (Year 1-8),State,Rotorua Office,Bay of Plenty/Waiariki,Bay of Plenty Region,Whakatane District
2024,2024,Te Uku School,17.0,10.1406,Full Primary (Year 1-8),State,Hamilton Office,Waikato,Waikato Region,Waikato District
2024,2025,Te Waotu School,8.0,6.2794,Full Primary (Year 1-8),State,Hamilton Office,Waikato,Waikato Region,South Waikato District
2024,2027,Thames South School,10.0,6.5586,Full Primary (Year 1-8),State,Hamilton Office,Waikato,Waikato Region,Thames-Coromandel District
2024,2028,Thornton School,7.0,6.4068000000000005,Full Primary (Year 1-8),State,Rotorua Office,Bay of Plenty/Waiariki,Bay of Plenty Region,Whakatane District
2024,2031,Tirau Primary School,10.0,8.6464,Contributing (Year 1-6),State,Hamilton Office,Waikato,Waikato Region,South Waikato District
2024,2032,Tirohanga School,3.0,2.6725,Full Primary (Year 1-8),State,Rotorua Office,Bay of Plenty/Waiariki,Waikato Region,Taupo District
2024,2033,Tirohia School,4.0,2.6071,Full Primary (Year 1-8),State,Hamilton Office,Waikato,Waikato Region,Hauraki District
2024,2035,Tokoroa Central School,14.0,11.6588,Contributing (Year 1-6),State,Hamilton Office,Waikato,Waikato Region,South Waikato District
2024,2037,Tokoroa Intermediate,28.0,23.4507,Intermediate (Year 7 & 8),State,Hamilton Office,Waikato,Waikato Region,South Waikato District
2024,2038,Tokoroa North School,34.0,26.9603,Contributing (Year 1-6),State,Hamilton Office,Waikato,Waikato Region,South Waikato District
2024,2040,Turaki School,16.0,12.046,Full Primary (Year 1-8),State,Hamilton Office,Waikato,Manawatū-Whanganui Region,Ruapehu District
2024,2043,Turua Primary School,9.0,7.672899999999999,Full Primary (Year 1-8),State,Hamilton Office,Waikato,Waikato Region,Hauraki District
2024,2044,Upper Atiamuri School,5.0,4.1666,Full Primary (Year 1-8),State,Rotorua Office,Bay of Plenty/Waiariki,Waikato Region,Rotorua District
2024,2045,Vardon School,23.0,20.0841,Contributing (Year 1-6),State,Hamilton Office,Waikato,Waikato Region,Hamilton City
2024,2046,Waerenga School,7.0,5.7461,Full Primary (Year 1-8),State,Hamilton Office,Waikato,Waikato Region,Waikato District
2024,2047,Te Kura o Waharoa,3.0,2.5546,Contributing (Year 1-6),State,Hamilton Office,Waikato,Waikato Region,Matamata-Piako District
2024,2048,Waihi Beach School,24.0,18.018700000000003,Contributing (Year 1-6),State,Hamilton Office,Waikato,Bay of Plenty Region,Western Bay of Plenty District
2024,2049,Waihi East School,17.0,12.9434,Contributing (Year 1-6),State,Hamilton Office,Waikato,Waikato Region,Hauraki District
2024,2050,Waihi Central School,11.0,8.5808,Contributing (Year 1-6),State,Hamilton Office,Waikato,Waikato Region,Hauraki District
2024,2052,Waikaretu School,4.0,3.2286,Full Primary (Year 1-8),State,Hamilton Office,Waikato,Waikato Region,Waikato District
2024,2054,Waikino School,8.0,5.8655,Contributing (Year 1-6),State,Hamilton Office,Waikato,Waikato Region,Hauraki District
2024,2055,Waikite Valley School,8.0,6.2473,Full Primary (Year 1-8),State,Rotorua Office,Bay of Plenty/Waiariki,Waikato Region,Rotorua District
2024,2057,Waimana School,4.0,2.145,Full Primary (Year 1-8),State,Rotorua Office,Bay of Plenty/Waiariki,Bay of Plenty Region,Whakatane District
2024,2058,Waimata School,8.0,5.9453,Contributing (Year 1-6),State,Hamilton Office,Waikato,Waikato Region,Hauraki District
2024,2060,Waingaro School,2.0,1.846,Full Primary (Year 1-8),State,Hamilton Office,Waikato,Waikato Region,Waikato District
2024,2061,Te Kura o Waioweka,4.0,3.9999,Full Primary (Year 1-8),State,Rotorua Office,Bay of Plenty/Waiariki,Bay of Plenty Region,Ōpōtiki District
2024,2062,Te Kura Māori ā Rohe o Waiohau,9.0,7.8819,Composite (Year 1-15),State,Rotorua Office,Bay of Plenty/Waiariki,Bay of Plenty Region,Whakatane District
2024,2063,Waiotahe Valley School,9.0,6.3176000000000005,Full Primary (Year 1-8),State,Rotorua Office,Bay of Plenty/Waiariki,Bay of Plenty Region,Ōpōtiki District
2024,2064,Waipa School,23.0,20.2841,Full Primary (Year 1-8),State,Hamilton Office,Waikato,Waikato Region,Waikato District
2024,2065,Waipahihi School,28.0,23.9932,Contributing (Year 1-6),State,Rotorua Office,Bay of Plenty/Waiariki,Waikato Region,Taupo District
2024,2066,Wairakei School,23.0,19.5662,Contributing (Year 1-6),State,Rotorua Office,Bay of Plenty/Waiariki,Waikato Region,Taupo District
2024,2068,Te Kura o Waitahanui,7.0,5.097300000000001,Composite (Year 1-15),State,Rotorua Office,Bay of Plenty/Waiariki,Waikato Region,Taupo District
2024,2069,Waitakaruru School,7.0,6.7692,Full Primary (Year 1-8),State,Hamilton Office,Waikato,Waikato Region,Hauraki District
2024,2071,Waitetuna School,4.0,3.8374,Full Primary (Year 1-8),State,Hamilton Office,Waikato,Waikato Region,Waikato District
2024,2073,Waitomo Caves School,3.0,2.6077,Full Primary (Year 1-8),State,Hamilton Office,Waikato,Waikato Region,Waitomo District
2024,2074,Walton School,9.0,7.513,Contributing (Year 1-6),State,Hamilton Office,Waikato,Waikato Region,Matamata-Piako District
2024,2075,Wairere School,6.0,4.831,Contributing (Year 1-6),State,Hamilton Office,Waikato,Waikato Region,Matamata-Piako District
2024,2076,Welcome Bay School,19.0,16.8574,Contributing (Year 1-6),State,Rotorua Office,Bay of Plenty/Waiariki,Bay of Plenty Region,Tauranga City
2024,2077,Westbrook School,39.0,30.241300000000003,Contributing (Year 1-6),State,Rotorua Office,Bay of Plenty/Waiariki,Bay of Plenty Region,Rotorua District
2024,2078,Western Heights Primary School (Rotorua),31.0,27.2877,Contributing (Year 1-6),State,Rotorua Office,Bay of Plenty/Waiariki,Bay of Plenty Region,Rotorua District
2024,2079,Whakamarama School,7.0,5.2275,Full Primary (Year 1-8),State,Rotorua Office,Bay of Plenty/Waiariki,Bay of Plenty Region,Western Bay of Plenty District
2024,2080,Whakamaru School,5.0,4.9834,Full Primary (Year 1-8),State,Rotorua Office,Bay of Plenty/Waiariki,Waikato Region,Taupo District
2024,2081,Whakarewarewa School,11.0,9.0754,Full Primary (Year 1-8),State,Rotorua Office,Bay of Plenty/Waiariki,Bay of Plenty Region,Rotorua District
2024,2082,Whakatane Intermediate,37.0,33.298199999999994,Intermediate (Year 7 & 8),State,Rotorua Office,Bay of Plenty/Waiariki,Bay of Plenty Region,Whakatane District
2024,2083,Whangamarino School,12.0,10.1505,Full Primary (Year 1-8),State,Rotorua Office,Bay of Plenty/Waiariki,Bay of Plenty Region,Rotorua District
2024,2084,Te Kura Mana Māori o Whangaparaoa,18.0,14.32,Composite (Year 1-15),State,Rotorua Office,Bay of Plenty/Waiariki,Bay of Plenty Region,Ōpōtiki District
2024,2086,Wharepapa South School,3.0,3.0357,Full Primary (Year 1-8),State,Hamilton Office,Waikato,Waikato Region,Waipa District
2024,2087,Whatawhata School,20.0,16.1101,Full Primary (Year 1-8),State,Hamilton Office,Waikato,Waikato Region,Waikato District
2024,2088,Whenuakite School,8.0,7.9474,Full Primary (Year 1-8),State,Hamilton Office,Waikato,Waikato Region,Thames-Coromandel District
2024,2090,Whitikahu School,8.0,6.0952,Full Primary (Year 1-8),State,Hamilton Office,Waikato,Waikato Region,Waikato District
2024,2091,Whitiora School,27.0,23.0365,Full Primary (Year 1-8),State,Hamilton Office,Waikato,Waikato Region,Hamilton City
2024,2092,Woodlands School (Opotiki),15.0,13.095199999999998,Full Primary (Year 1-8),State,Rotorua Office,Bay of Plenty/Waiariki,Bay of Plenty Region,Ōpōtiki District
2024,2093,Woodstock School,29.0,25.471300000000003,Contributing (Year 1-6),State,Hamilton Office,Waikato,Waikato Region,Hamilton City
2024,2094,Marian Catholic School (Hamilton),34.0,30.028,Full Primary (Year 1-8),State : Integrated,Hamilton Office,Waikato,Waikato Region,Hamilton City
2024,2095,Kaponga School,6.0,5.1602,Full Primary (Year 1-8),State,Whanganui Office,Taranaki/Whanganui/Manawatū,Taranaki Region,South Taranaki District
2024,2096,Crawshaw School,22.0,19.7444,Full Primary (Year 1-8),State,Hamilton Office,Waikato,Waikato Region,Hamilton City
2024,2097,Manaia School (Taranaki),6.0,4.7591,Full Primary (Year 1-8),State,Whanganui Office,Taranaki/Whanganui/Manawatū,Taranaki Region,South Taranaki District
2024,2098,Matapu School,12.0,9.13,Full Primary (Year 1-8),State,Whanganui Office,Taranaki/Whanganui/Manawatū,Taranaki Region,South Taranaki District
2024,2099,Trentham School,26.0,20.6743,Contributing (Year 1-6),State,Lower Hutt Office,Wellington,Wellington Region,Upper Hutt City
2024,2100,Koraunui School,15.0,13.1011,Contributing (Year 1-6),State,Lower Hutt Office,Wellington,Wellington Region,Lower Hutt City
2024,2101,Tautoro School,13.0,11.9576,Full Primary (Year 1-8),State,Whangarei Office,Tai Tokerau,Northland Region,Far North District
2024,2102,Maromaku School,3.0,2.8609,Full Primary (Year 1-8),State,Whangarei Office,Tai Tokerau,Northland Region,Far North District
2024,2103,Moerewa School,15.0,12.7552,Composite (Year 1-15),State,Whangarei Office,Tai Tokerau,Northland Region,Far North District
2024,2104,TKKM o Taumarere,15.0,13.229,Composite (Year 1-15),State,Whangarei Office,Tai Tokerau,Northland Region,Far North District
2024,2105,Awahono School - Grey Valley,8.0,7.3307,Full Primary (Year 1-8),State,Nelson Office,Nelson/Marlborough/West Coast,West Coast Region,Grey District
2024,2106,Paparoa Range School,8.0,6.103899999999999,Full Primary (Year 1-8),State,Nelson Office,Nelson/Marlborough/West Coast,West Coast Region,Grey District
2024,2107,Geraldine Primary School,19.0,15.9316,Contributing (Year 1-6),State,Christchurch Office,Canterbury/Chatham Islands,Canterbury Region,Timaru District
2024,2108,Winchester Rural School,12.0,9.5224,Contributing (Year 1-6),State,Christchurch Office,Canterbury/Chatham Islands,Canterbury Region,Timaru District
2024,2109,Temuka Primary School,16.0,14.0848,Contributing (Year 1-6),State,Christchurch Office,Canterbury/Chatham Islands,Canterbury Region,Timaru District
2024,2110,Oceanview Heights School,21.0,20.1841,Full Primary (Year 1-8),State,Christchurch Office,Canterbury/Chatham Islands,Canterbury Region,Timaru District
2024,2111,Grantlea Downs School,27.0,22.0895,Full Primary (Year 1-8),State,Christchurch Office,Canterbury/Chatham Islands,Canterbury Region,Timaru District
2024,2112,Barton Rural School,10.0,8.4712,Full Primary (Year 1-8),State,Christchurch Office,Canterbury/Chatham Islands,Canterbury Region,Timaru District
2024,2113,Bluestone School,42.0,35.5462,Full Primary (Year 1-8),State,Christchurch Office,Canterbury/Chatham Islands,Canterbury Region,Timaru District
2024,2114,Beaconsfield School,10.0,7.212,Full Primary (Year 1-8),State,Christchurch Office,Canterbury/Chatham Islands,Canterbury Region,Timaru District
2024,2115,Timaru South School,16.0,14.2403,Full Primary (Year 1-8),State,Christchurch Office,Canterbury/Chatham Islands,Canterbury Region,Timaru District
2024,2116,New River Primary,16.0,14.1404,Contributing (Year 1-6),State,Invercargill Office,Otago/Southland,Southland Region,Invercargill City
2024,2117,Fernworth Primary School,25.0,18.7076,Contributing (Year 1-6),State,Invercargill Office,Otago/Southland,Southland Region,Invercargill City
2024,2118,Newfield Park School,18.0,16.246,Contributing (Year 1-6),State,Invercargill Office,Otago/Southland,Southland Region,Invercargill City
2024,2119,Donovan Primary School,23.0,21.0739,Contributing (Year 1-6),State,Invercargill Office,Otago/Southland,Southland Region,Invercargill City
2024,2120,Bluff School,9.0,7.1395,Full Primary (Year 1-8),State,Invercargill Office,Otago/Southland,Southland Region,Invercargill City
2024,2123,Lake Brunner School,3.0,2.6193,Full Primary (Year 1-8),State,Nelson Office,Nelson/Marlborough/West Coast,West Coast Region,Grey District
2024,2150,Ahititi School,1.0,1.0,Full Primary (Year 1-8),State,Whanganui Office,Taranaki/Whanganui/Manawatū,Taranaki Region,New Plymouth District
2024,2152,Auroa School,15.0,11.6778,Full Primary (Year 1-8),State,Whanganui Office,Taranaki/Whanganui/Manawatū,Taranaki Region,South Taranaki District
2024,2153,Avon School,6.0,4.7545,Full Primary (Year 1-8),State,Whanganui Office,Taranaki/Whanganui/Manawatū,Taranaki Region,Stratford District
2024,2157,Bell Block School,28.0,24.0726,Full Primary (Year 1-8),State,Whanganui Office,Taranaki/Whanganui/Manawatū,Taranaki Region,New Plymouth District
2024,2160,Central School Te Kura Waenga O Ngāmotu,21.0,17.642200000000003,Contributing (Year 1-6),State,Whanganui Office,Taranaki/Whanganui/Manawatū,Taranaki Region,New Plymouth District
2024,2161,Devon Intermediate,27.0,22.1394,Intermediate (Year 7 & 8),State,Whanganui Office,Taranaki/Whanganui/Manawatū,Taranaki Region,New Plymouth District
2024,2164,Egmont Village School,16.0,11.0222,Full Primary (Year 1-8),State,Whanganui Office,Taranaki/Whanganui/Manawatū,Taranaki Region,New Plymouth District
2024,2165,Eltham School,12.0,10.4182,Full Primary (Year 1-8),State,Whanganui Office,Taranaki/Whanganui/Manawatū,Taranaki Region,South Taranaki District
2024,2167,Fitzroy School,30.0,24.6733,Contributing (Year 1-6),State,Whanganui Office,Taranaki/Whanganui/Manawatū,Taranaki Region,New Plymouth District
2024,2168,Frankley School,21.0,17.2719,Contributing (Year 1-6),State,Whanganui Office,Taranaki/Whanganui/Manawatū,Taranaki Region,New Plymouth District
2024,2171,Hāwera Primary School,15.0,12.1832,Contributing (Year 1-6),State,Whanganui Office,Taranaki/Whanganui/Manawatū,Taranaki Region,South Taranaki District
2024,2172,Highlands Intermediate,40.0,37.3674,Intermediate (Year 7 & 8),State,Whanganui Office,Taranaki/Whanganui/Manawatū,Taranaki Region,New Plymouth District
2024,2173,Huiakama School,3.0,2.2016,Full Primary (Year 1-8),State,Whanganui Office,Taranaki/Whanganui/Manawatū,Taranaki Region,Stratford District
2024,2175,Huirangi School,10.0,8.0504,Contributing (Year 1-6),State,Whanganui Office,Taranaki/Whanganui/Manawatū,Taranaki Region,New Plymouth District
2024,2177,Inglewood Primary School,29.0,23.1878,Full Primary (Year 1-8),State,Whanganui Office,Taranaki/Whanganui/Manawatū,Taranaki Region,New Plymouth District
2024,2178,Kaimata School,9.0,7.5299,Full Primary (Year 1-8),State,Whanganui Office,Taranaki/Whanganui/Manawatū,Taranaki Region,New Plymouth District
2024,2182,Lepperton School,9.0,8.9484,Contributing (Year 1-6),State,Whanganui Office,Taranaki/Whanganui/Manawatū,Taranaki Region,New Plymouth District
2024,2185,Makahu School,2.0,1.8999,Full Primary (Year 1-8),State,Whanganui Office,Taranaki/Whanganui/Manawatū,Taranaki Region,Stratford District
2024,2189,Mangorei School,23.0,17.0038,Full Primary (Year 1-8),State,Whanganui Office,Taranaki/Whanganui/Manawatū,Taranaki Region,New Plymouth District
2024,2190,Manukorihi Intermediate,18.0,14.8096,Intermediate (Year 7 & 8),State,Whanganui Office,Taranaki/Whanganui/Manawatū,Taranaki Region,New Plymouth District
2024,2191,Marco School,2.0,1.4827,Full Primary (Year 1-8),State,Whanganui Office,Taranaki/Whanganui/Manawatū,Manawatū-Whanganui Region,Stratford District
2024,2192,Marfell Community School,13.0,10.9578,Contributing (Year 1-6),State,Whanganui Office,Taranaki/Whanganui/Manawatū,Taranaki Region,New Plymouth District
2024,2195,Matiere School,5.0,3.128,Full Primary (Year 1-8),State,Hamilton Office,Waikato,Manawatū-Whanganui Region,Ruapehu District
2024,2197,Merrilands School,13.0,10.9531,Contributing (Year 1-6),State,Whanganui Office,Taranaki/Whanganui/Manawatū,Taranaki Region,New Plymouth District
2024,2198,Midhirst School,10.0,7.771299999999999,Full Primary (Year 1-8),State,Whanganui Office,Taranaki/Whanganui/Manawatū,Taranaki Region,Stratford District
2024,2199,Mimi School,6.0,3.6781,Contributing (Year 1-6),State,Whanganui Office,Taranaki/Whanganui/Manawatū,Taranaki Region,New Plymouth District
2024,2200,Mokau School,4.0,3.1892,Full Primary (Year 1-8),State,Whanganui Office,Taranaki/Whanganui/Manawatū,Waikato Region,Waitomo District
2024,2201,Mokoia School,5.0,3.3976,Contributing (Year 1-6),State,Whanganui Office,Taranaki/Whanganui/Manawatū,Taranaki Region,South Taranaki District
2024,2203,Moturoa School,11.0,9.3738,Contributing (Year 1-6),State,Whanganui Office,Taranaki/Whanganui/Manawatū,Taranaki Region,New Plymouth District
2024,2205,Ngaere School,9.0,8.8707,Full Primary (Year 1-8),State,Whanganui Office,Taranaki/Whanganui/Manawatū,Taranaki Region,Stratford District
2024,2206,Norfolk School,13.0,9.4129,Full Primary (Year 1-8),State,Whanganui Office,Taranaki/Whanganui/Manawatū,Taranaki Region,New Plymouth District
2024,2207,Normanby School,11.0,8.5426,Contributing (Year 1-6),State,Whanganui Office,Taranaki/Whanganui/Manawatū,Taranaki Region,South Taranaki District
2024,2208,Oakura School,28.0,20.2937,Full Primary (Year 1-8),State,Whanganui Office,Taranaki/Whanganui/Manawatū,Taranaki Region,New Plymouth District
2024,2214,Ōmata School,12.0,10.2931,Full Primary (Year 1-8),State,Whanganui Office,Taranaki/Whanganui/Manawatū,Taranaki Region,New Plymouth District
2024,2215,Ongarue School,2.0,2.0001,Full Primary (Year 1-8),State,Hamilton Office,Waikato,Manawatū-Whanganui Region,Ruapehu District
2024,2216,Opunake School,12.0,9.5208,Full Primary (Year 1-8),State,Whanganui Office,Taranaki/Whanganui/Manawatū,Taranaki Region,South Taranaki District
2024,2220,Pembroke School,6.0,5.2949,Full Primary (Year 1-8),State,Whanganui Office,Taranaki/Whanganui/Manawatū,Taranaki Region,Stratford District
2024,2223,Puketapu School (New Plymouth),28.0,23.9421,Full Primary (Year 1-8),State,Whanganui Office,Taranaki/Whanganui/Manawatū,Taranaki Region,New Plymouth District
2024,2226,Ramanui School,8.0,7.1425,Contributing (Year 1-6),State,Whanganui Office,Taranaki/Whanganui/Manawatū,Taranaki Region,South Taranaki District
2024,2227,Ratapiko School,4.0,3.0468,Full Primary (Year 1-8),State,Whanganui Office,Taranaki/Whanganui/Manawatū,Taranaki Region,New Plymouth District
2024,2228,Rawhitiroa School,5.0,3.6548,Full Primary (Year 1-8),State,Whanganui Office,Taranaki/Whanganui/Manawatū,Taranaki Region,South Taranaki District
2024,2232,Spotswood Primary School,18.0,16.425599999999996,Contributing (Year 1-6),State,Whanganui Office,Taranaki/Whanganui/Manawatū,Taranaki Region,New Plymouth District
2024,2233,St John Bosco School (New Plymouth),17.0,14.5765,Contributing (Year 1-6),State : Integrated,Whanganui Office,Taranaki/Whanganui/Manawatū,Taranaki Region,New Plymouth District
2024,2235,St Joseph's School (Hawera),12.0,10.4977,Full Primary (Year 1-8),State : Integrated,Whanganui Office,Taranaki/Whanganui/Manawatū,Taranaki Region,South Taranaki District
2024,2236,St Joseph's School (New Plymouth),21.0,16.4772,Contributing (Year 1-6),State : Integrated,Whanganui Office,Taranaki/Whanganui/Manawatū,Taranaki Region,New Plymouth District
2024,2237,St Joseph's School (Opunake),9.0,8.1273,Full Primary (Year 1-8),State : Integrated,Whanganui Office,Taranaki/Whanganui/Manawatū,Taranaki Region,South Taranaki District
2024,2238,St Joseph's School (Stratford),14.0,11.481699999999998,Full Primary (Year 1-8),State : Integrated,Whanganui Office,Taranaki/Whanganui/Manawatū,Taranaki Region,Stratford District
2024,2239,St Joseph's School (Waitara),9.0,6.1122,Full Primary (Year 1-8),State : Integrated,Whanganui Office,Taranaki/Whanganui/Manawatū,Taranaki Region,New Plymouth District
2024,2240,St Patrick's School (Kaponga),2.0,1.8678,Full Primary (Year 1-8),State : Integrated,Whanganui Office,Taranaki/Whanganui/Manawatū,Taranaki Region,South Taranaki District
2024,2241,St Patrick's School (Inglewood),6.0,4.2011,Full Primary (Year 1-8),State : Integrated,Whanganui Office,Taranaki/Whanganui/Manawatū,Taranaki Region,New Plymouth District
2024,2242,St Pius X School (New Plymouth),14.0,10.946099999999998,Contributing (Year 1-6),State : Integrated,Whanganui Office,Taranaki/Whanganui/Manawatū,Taranaki Region,New Plymouth District
2024,2244,Stratford Primary School,37.0,28.536,Full Primary (Year 1-8),State,Whanganui Office,Taranaki/Whanganui/Manawatū,Taranaki Region,Stratford District
2024,2248,Tawhiti School,20.0,16.956500000000002,Contributing (Year 1-6),State,Whanganui Office,Taranaki/Whanganui/Manawatū,Taranaki Region,South Taranaki District
2024,2251,Tikorangi School,11.0,9.965,Contributing (Year 1-6),State,Whanganui Office,Taranaki/Whanganui/Manawatū,Taranaki Region,New Plymouth District
2024,2253,Tokirima School,6.0,3.5718,Full Primary (Year 1-8),State,Hamilton Office,Waikato,Manawatū-Whanganui Region,Ruapehu District
2024,2254,Toko School,8.0,7.9462,Full Primary (Year 1-8),State,Whanganui Office,Taranaki/Whanganui/Manawatū,Taranaki Region,Stratford District
2024,2255,Turuturu School,20.0,17.875700000000002,Contributing (Year 1-6),State,Whanganui Office,Taranaki/Whanganui/Manawatū,Taranaki Region,South Taranaki District
2024,2256,Urenui School,8.0,7.365699999999999,Contributing (Year 1-6),State,Whanganui Office,Taranaki/Whanganui/Manawatū,Taranaki Region,New Plymouth District
2024,2257,Uruti School,2.0,1.2687,Full Primary (Year 1-8),State,Whanganui Office,Taranaki/Whanganui/Manawatū,Taranaki Region,New Plymouth District
2024,2258,Vogeltown School,27.0,20.7021,Contributing (Year 1-6),State,Whanganui Office,Taranaki/Whanganui/Manawatū,Taranaki Region,New Plymouth District
2024,2260,Waitara Central School,9.0,7.697799999999999,Contributing (Year 1-6),State,Whanganui Office,Taranaki/Whanganui/Manawatū,Taranaki Region,New Plymouth District
2024,2261,Waitara East School,20.0,17.173,Contributing (Year 1-6),State,Whanganui Office,Taranaki/Whanganui/Manawatū,Taranaki Region,New Plymouth District
2024,2262,Waitoriki School,5.0,4.4126,Full Primary (Year 1-8),State,Whanganui Office,Taranaki/Whanganui/Manawatū,Taranaki Region,New Plymouth District
2024,2264,Welbourn School,21.0,19.6457,Contributing (Year 1-6),State,Whanganui Office,Taranaki/Whanganui/Manawatū,Taranaki Region,New Plymouth District
2024,2265,West End Te Kura O Morere,23.0,17.3794,Contributing (Year 1-6),State,Whanganui Office,Taranaki/Whanganui/Manawatū,Taranaki Region,New Plymouth District
2024,2266,Westown School,11.0,9.5842,Contributing (Year 1-6),State,Whanganui Office,Taranaki/Whanganui/Manawatū,Taranaki Region,New Plymouth District
2024,2267,Whareorino School,2.0,1.3217,Full Primary (Year 1-8),State,Whanganui Office,Taranaki/Whanganui/Manawatū,Waikato Region,Waitomo District
2024,2268,Woodleigh School,27.0,22.0873,Contributing (Year 1-6),State,Whanganui Office,Taranaki/Whanganui/Manawatū,Taranaki Region,New Plymouth District
2024,2330,Aberfeldy School,1.0,1.0467,Full Primary (Year 1-8),State,Whanganui Office,Taranaki/Whanganui/Manawatū,Manawatū-Whanganui Region,Whanganui District
2024,2332,Aokautere School,11.0,10.2951,Contributing (Year 1-6),State,Whanganui Office,Taranaki/Whanganui/Manawatū,Manawatū-Whanganui Region,Palmerston North City
2024,2333,Apiti School,3.0,2.623,Full Primary (Year 1-8),State,Whanganui Office,Taranaki/Whanganui/Manawatū,Manawatū-Whanganui Region,Manawatu District
2024,2334,Arahunga School,72.0,55.1578,Specialist School,State,Whanganui Office,Taranaki/Whanganui/Manawatū,Manawatū-Whanganui Region,Whanganui District
2024,2336,Aranui School (Wanganui),6.0,5.337899999999999,Contributing (Year 1-6),State,Whanganui Office,Taranaki/Whanganui/Manawatū,Manawatū-Whanganui Region,Whanganui District
2024,2337,Ashhurst School,40.0,30.77649999999999,Full Primary (Year 1-8),State,Whanganui Office,Taranaki/Whanganui/Manawatū,Manawatū-Whanganui Region,Palmerston North City
2024,2338,Awahou School,3.0,2.7079,Full Primary (Year 1-8),State,Whanganui Office,Taranaki/Whanganui/Manawatū,Manawatū-Whanganui Region,Manawatu District
2024,2339,Awapuni School (P North),8.0,7.2359,Contributing (Year 1-6),State,Whanganui Office,Taranaki/Whanganui/Manawatū,Manawatū-Whanganui Region,Palmerston North City
2024,2341,Bainesse School,5.0,4.1405,Full Primary (Year 1-8),State,Whanganui Office,Taranaki/Whanganui/Manawatū,Manawatū-Whanganui Region,Manawatu District
2024,2342,Brunswick School,7.0,6.9549,Full Primary (Year 1-8),State,Whanganui Office,Taranaki/Whanganui/Manawatū,Manawatū-Whanganui Region,Whanganui District
2024,2343,Bulls School,12.0,9.4561,Full Primary (Year 1-8),State,Whanganui Office,Taranaki/Whanganui/Manawatū,Manawatū-Whanganui Region,Rangitikei District
2024,2344,Bunnythorpe School,4.0,2.748,Full Primary (Year 1-8),State,Whanganui Office,Taranaki/Whanganui/Manawatū,Manawatū-Whanganui Region,Palmerston North City
2024,2345,Carlton School,21.0,16.2165,Contributing (Year 1-6),State,Whanganui Office,Taranaki/Whanganui/Manawatū,Manawatū-Whanganui Region,Whanganui District
2024,2346,Castlecliff School,13.0,12.1943,Contributing (Year 1-6),State,Whanganui Office,Taranaki/Whanganui/Manawatū,Manawatū-Whanganui Region,Whanganui District
2024,2348,Churton School,12.0,10.3869,Contributing (Year 1-6),State,Whanganui Office,Taranaki/Whanganui/Manawatū,Manawatū-Whanganui Region,Whanganui District
2024,2349,Clifton School (Bulls),13.0,9.3636,Full Primary (Year 1-8),State,Whanganui Office,Taranaki/Whanganui/Manawatū,Manawatū-Whanganui Region,Rangitikei District
2024,2350,Cloverlea School,19.0,17.3158,Contributing (Year 1-6),State,Whanganui Office,Taranaki/Whanganui/Manawatū,Manawatū-Whanganui Region,Palmerston North City
2024,2351,TKKM o Otepoti,9.0,7.9498,Composite (Year 1-15),State,Dunedin Office,Otago/Southland,Otago Region,Dunedin City
2024,2352,Coley Street School,14.0,12.6144,Full Primary (Year 1-8),State,Lower Hutt Office,Wellington,Manawatū-Whanganui Region,Horowhenua District
2024,2353,College Street Normal School,39.0,33.4982,Contributing (Year 1-6),State,Whanganui Office,Taranaki/Whanganui/Manawatū,Manawatū-Whanganui Region,Palmerston North City
2024,2354,Colyton School,11.0,9.0131,Full Primary (Year 1-8),State,Whanganui Office,Taranaki/Whanganui/Manawatū,Manawatū-Whanganui Region,Manawatu District
2024,2355,Durie Hill School,14.0,12.6676,Contributing (Year 1-6),State,Whanganui Office,Taranaki/Whanganui/Manawatū,Manawatū-Whanganui Region,Whanganui District
2024,2356,Feilding Intermediate,29.0,24.8374,Intermediate (Year 7 & 8),State,Whanganui Office,Taranaki/Whanganui/Manawatū,Manawatū-Whanganui Region,Manawatu District
2024,2357,Fordell School,10.0,7.6314,Full Primary (Year 1-8),State,Whanganui Office,Taranaki/Whanganui/Manawatū,Manawatū-Whanganui Region,Whanganui District
2024,2358,Foxton Beach School,10.0,9.6153,Full Primary (Year 1-8),State,Lower Hutt Office,Wellington,Manawatū-Whanganui Region,Horowhenua District
2024,2359,Foxton School,6.0,5.8766,Full Primary (Year 1-8),State,Lower Hutt Office,Wellington,Manawatū-Whanganui Region,Horowhenua District
2024,2360,Glen Oroua School,6.0,5.1861,Full Primary (Year 1-8),State,Whanganui Office,Taranaki/Whanganui/Manawatū,Manawatū-Whanganui Region,Manawatu District
2024,2361,Gonville School,19.0,15.250800000000002,Contributing (Year 1-6),State,Whanganui Office,Taranaki/Whanganui/Manawatū,Manawatū-Whanganui Region,Whanganui District
2024,2362,Halcombe Primary School,14.0,10.592,Full Primary (Year 1-8),State,Whanganui Office,Taranaki/Whanganui/Manawatū,Manawatū-Whanganui Region,Manawatu District
2024,2363,Te Kura o Wairau,13.0,11.7947,Contributing (Year 1-6),State,Whanganui Office,Taranaki/Whanganui/Manawatū,Manawatū-Whanganui Region,Palmerston North City
2024,2364,Hiwinui School,10.0,7.7644,Full Primary (Year 1-8),State,Whanganui Office,Taranaki/Whanganui/Manawatū,Manawatū-Whanganui Region,Manawatu District
2024,2365,Hokowhitu School,27.0,23.341800000000003,Contributing (Year 1-6),State,Whanganui Office,Taranaki/Whanganui/Manawatū,Manawatū-Whanganui Region,Palmerston North City
2024,2366,Hunterville Consolidated School,10.0,7.1867,Full Primary (Year 1-8),State,Whanganui Office,Taranaki/Whanganui/Manawatū,Manawatū-Whanganui Region,Rangitikei District
2024,2368,James Cook School,12.0,10.3494,Full Primary (Year 1-8),State,Whanganui Office,Taranaki/Whanganui/Manawatū,Manawatū-Whanganui Region,Rangitikei District
2024,2369,Kai Iwi School,6.0,6.0,Full Primary (Year 1-8),State,Whanganui Office,Taranaki/Whanganui/Manawatū,Manawatū-Whanganui Region,Whanganui District
2024,2370,Kairanga School,11.0,9.5297,Full Primary (Year 1-8),State,Whanganui Office,Taranaki/Whanganui/Manawatū,Manawatū-Whanganui Region,Palmerston North City
2024,2371,Kaitieke School,2.0,1.6847,Full Primary (Year 1-8),State,Hamilton Office,Waikato,Manawatū-Whanganui Region,Ruapehu District
2024,2372,Kaitoke School (Wanganui),8.0,5.7894,Full Primary (Year 1-8),State,Whanganui Office,Taranaki/Whanganui/Manawatū,Manawatū-Whanganui Region,Whanganui District
2024,2374,Kakaramea School,5.0,3.8829,Contributing (Year 1-6),State,Whanganui Office,Taranaki/Whanganui/Manawatū,Taranaki Region,South Taranaki District
2024,2375,Kakatahi School,2.0,1.7752,Full Primary (Year 1-8),State,Whanganui Office,Taranaki/Whanganui/Manawatū,Manawatū-Whanganui Region,Whanganui District
2024,2377,TKKM o Tupoho,18.0,15.1766,Composite (Year 1-15),State,Whanganui Office,Taranaki/Whanganui/Manawatū,Manawatū-Whanganui Region,Whanganui District
2024,2378,Keith Street School,13.0,10.8232,Contributing (Year 1-6),State,Whanganui Office,Taranaki/Whanganui/Manawatū,Manawatū-Whanganui Region,Whanganui District
2024,2379,Kimbolton School,4.0,3.8697,Full Primary (Year 1-8),State,Whanganui Office,Taranaki/Whanganui/Manawatū,Manawatū-Whanganui Region,Manawatu District
2024,2382,Kiwitea School,5.0,4.7778,Full Primary (Year 1-8),State,Whanganui Office,Taranaki/Whanganui/Manawatū,Manawatū-Whanganui Region,Manawatu District
2024,2383,TKKM o Ngati Ruanui,9.0,8.7335,Composite (Year 1-15),State,Whanganui Office,Taranaki/Whanganui/Manawatū,Taranaki Region,South Taranaki District
2024,2384,Te Kura o Kokohuia,19.0,17.6482,Composite (Year 1-15),State,Whanganui Office,Taranaki/Whanganui/Manawatū,Manawatū-Whanganui Region,Whanganui District
2024,2385,Kopane School,6.0,3.769600000000001,Full Primary (Year 1-8),State,Whanganui Office,Taranaki/Whanganui/Manawatū,Manawatū-Whanganui Region,Manawatu District
2024,2386,Linton Camp School,12.0,9.9135,Full Primary (Year 1-8),State,Whanganui Office,Taranaki/Whanganui/Manawatū,Manawatū-Whanganui Region,Palmerston North City
2024,2388,Longburn School,8.0,7.0719,Full Primary (Year 1-8),State,Whanganui Office,Taranaki/Whanganui/Manawatū,Manawatū-Whanganui Region,Palmerston North City
2024,2389,Lytton Street School,43.0,37.635200000000005,Contributing (Year 1-6),State,Whanganui Office,Taranaki/Whanganui/Manawatū,Manawatū-Whanganui Region,Manawatu District
2024,2390,Manchester Street School,28.0,24.2379,Contributing (Year 1-6),State,Whanganui Office,Taranaki/Whanganui/Manawatū,Manawatū-Whanganui Region,Manawatu District
2024,2391,Mangamahu Primary School,2.0,1.4412,Full Primary (Year 1-8),State,Whanganui Office,Taranaki/Whanganui/Manawatū,Manawatū-Whanganui Region,Whanganui District
2024,2392,Mangaweka School,3.0,2.7555,Full Primary (Year 1-8),State,Whanganui Office,Taranaki/Whanganui/Manawatū,Manawatū-Whanganui Region,Rangitikei District
2024,2393,Manunui School,10.0,8.3148,Full Primary (Year 1-8),State,Hamilton Office,Waikato,Manawatū-Whanganui Region,Ruapehu District
2024,2395,St Marcellin School (Wanganui),3.0,2.8059,Full Primary (Year 1-8),State : Integrated,Whanganui Office,Taranaki/Whanganui/Manawatū,Manawatū-Whanganui Region,Whanganui District
2024,2396,Marton Junction School,9.0,8.3064,Full Primary (Year 1-8),State,Whanganui Office,Taranaki/Whanganui/Manawatū,Manawatū-Whanganui Region,Rangitikei District
2024,2397,Marton School,17.0,14.2905,Full Primary (Year 1-8),State,Whanganui Office,Taranaki/Whanganui/Manawatū,Manawatū-Whanganui Region,Rangitikei District
2024,2398,Mataroa School,4.0,3.739,Full Primary (Year 1-8),State,Whanganui Office,Taranaki/Whanganui/Manawatū,Manawatū-Whanganui Region,Rangitikei District
2024,2400,Milson School,24.0,20.7517,Contributing (Year 1-6),State,Whanganui Office,Taranaki/Whanganui/Manawatū,Manawatū-Whanganui Region,Palmerston North City
2024,2401,Moawhango School,2.0,1.5462,Full Primary (Year 1-8),State,Whanganui Office,Taranaki/Whanganui/Manawatū,Manawatū-Whanganui Region,Rangitikei District
2024,2402,Monrad - Te Kura Waenga o Tirohanga,30.0,28.8224,Intermediate (Year 7 & 8),State,Whanganui Office,Taranaki/Whanganui/Manawatū,Manawatū-Whanganui Region,Palmerston North City
2024,2403,Mosston School,10.0,9.4845,Contributing (Year 1-6),State,Whanganui Office,Taranaki/Whanganui/Manawatū,Manawatū-Whanganui Region,Whanganui District
2024,2404,Mount Biggs School,8.0,6.381,Full Primary (Year 1-8),State,Whanganui Office,Taranaki/Whanganui/Manawatū,Manawatū-Whanganui Region,Manawatu District
2024,2405,National Park School,4.0,2.5453,Full Primary (Year 1-8),State,Whanganui Office,Taranaki/Whanganui/Manawatū,Manawatū-Whanganui Region,Ruapehu District
2024,2406,Newbury School,12.0,11.3,Full Primary (Year 1-8),State,Whanganui Office,Taranaki/Whanganui/Manawatū,Manawatū-Whanganui Region,Manawatu District
2024,2407,Ngamatapouri School,2.0,1.3601,Full Primary (Year 1-8),State,Whanganui Office,Taranaki/Whanganui/Manawatū,Taranaki Region,South Taranaki District
2024,2409,North Street School,30.0,27.0262,Full Primary (Year 1-8),State,Whanganui Office,Taranaki/Whanganui/Manawatū,Manawatū-Whanganui Region,Manawatu District
2024,2410,Ohakune School,23.0,18.8404,Full Primary (Year 1-8),State,Whanganui Office,Taranaki/Whanganui/Manawatū,Manawatū-Whanganui Region,Ruapehu District
2024,2412,Okoia School,5.0,4.6715,Full Primary (Year 1-8),State,Whanganui Office,Taranaki/Whanganui/Manawatū,Manawatū-Whanganui Region,Whanganui District
2024,2413,Orautoha School,5.0,4.507,Full Primary (Year 1-8),State,Whanganui Office,Taranaki/Whanganui/Manawatū,Manawatū-Whanganui Region,Ruapehu District
2024,2414,Oroua Downs School,7.0,5.8641,Full Primary (Year 1-8),State,Whanganui Office,Taranaki/Whanganui/Manawatū,Manawatū-Whanganui Region,Manawatu District
2024,2416,Our Lady of Lourdes School (P North),13.0,8.867600000000001,Contributing (Year 1-6),State : Integrated,Whanganui Office,Taranaki/Whanganui/Manawatū,Manawatū-Whanganui Region,Palmerston North City
2024,2417,Ōwhango School,7.0,5.1513,Full Primary (Year 1-8),State,Hamilton Office,Waikato,Manawatū-Whanganui Region,Ruapehu District
2024,2418,Central Normal School,47.0,36.4277,Contributing (Year 1-6),State,Whanganui Office,Taranaki/Whanganui/Manawatū,Manawatū-Whanganui Region,Palmerston North City
2024,2419,Palmerston North Intermediate,41.0,37.3941,Intermediate (Year 7 & 8),State,Whanganui Office,Taranaki/Whanganui/Manawatū,Manawatū-Whanganui Region,Palmerston North City
2024,2420,Papanui Junction School,2.0,1.3736,Full Primary (Year 1-8),State,Whanganui Office,Taranaki/Whanganui/Manawatū,Manawatū-Whanganui Region,Rangitikei District
2024,2424,Parkland School (P North),20.0,18.5886,Contributing (Year 1-6),State,Whanganui Office,Taranaki/Whanganui/Manawatū,Manawatū-Whanganui Region,Palmerston North City
2024,2428,Pukeokahu School,2.0,1.3411,Full Primary (Year 1-8),State,Whanganui Office,Taranaki/Whanganui/Manawatū,Manawatū-Whanganui Region,Rangitikei District
2024,2429,Raetihi Primary School,10.0,8.2906,Full Primary (Year 1-8),State,Whanganui Office,Taranaki/Whanganui/Manawatū,Manawatū-Whanganui Region,Ruapehu District
2024,2436,Whare Kura Morehu ō Ratana,6.0,4.0068,Full Primary (Year 1-8),State,Whanganui Office,Taranaki/Whanganui/Manawatū,Manawatū-Whanganui Region,Rangitikei District
2024,2437,Riverdale School (P North),24.0,20.8237,Contributing (Year 1-6),State,Whanganui Office,Taranaki/Whanganui/Manawatū,Manawatū-Whanganui Region,Palmerston North City
2024,2438,Rongotea School,10.0,8.4647,Full Primary (Year 1-8),State,Whanganui Office,Taranaki/Whanganui/Manawatū,Manawatū-Whanganui Region,Manawatu District
2024,2439,Roslyn School,24.0,22.424100000000003,Full Primary (Year 1-8),State,Whanganui Office,Taranaki/Whanganui/Manawatū,Manawatū-Whanganui Region,Palmerston North City
2024,2440,Ross Intermediate,38.0,32.7149,Intermediate (Year 7 & 8),State,Whanganui Office,Taranaki/Whanganui/Manawatū,Manawatū-Whanganui Region,Palmerston North City
2024,2441,Russell Street School,28.0,21.4236,Contributing (Year 1-6),State,Whanganui Office,Taranaki/Whanganui/Manawatū,Manawatū-Whanganui Region,Palmerston North City
2024,2442,Rutherford Junior High School,13.0,10.1931,Intermediate (Year 7 & 8),State,Whanganui Office,Taranaki/Whanganui/Manawatū,Manawatū-Whanganui Region,Whanganui District
2024,2443,Sanson School,4.0,1.7356,Full Primary (Year 1-8),State,Whanganui Office,Taranaki/Whanganui/Manawatū,Manawatū-Whanganui Region,Manawatu District
2024,2445,TKKM o Ngati Kahungunu Ki Heretaunga,23.0,22.1378,Composite (Year 1-15),State,Napier Office,Hawke's Bay/Tairāwhiti,Hawke's Bay Region,Hastings District
2024,2446,South Makirikiri School,11.0,8.1057,Full Primary (Year 1-8),State,Whanganui Office,Taranaki/Whanganui/Manawatū,Manawatū-Whanganui Region,Rangitikei District
2024,2447,St Anne's School (Wanganui),15.0,11.8199,Full Primary (Year 1-8),State : Integrated,Whanganui Office,Taranaki/Whanganui/Manawatū,Manawatū-Whanganui Region,Whanganui District
2024,2449,St James’ Catholic School Te Kura Katorika o Hato Heemi,11.0,8.733600000000001,Contributing (Year 1-6),State : Integrated,Whanganui Office,Taranaki/Whanganui/Manawatū,Manawatū-Whanganui Region,Palmerston North City
2024,2450,St Johns Hill School,26.0,22.6417,Contributing (Year 1-6),State,Whanganui Office,Taranaki/Whanganui/Manawatū,Manawatū-Whanganui Region,Whanganui District
2024,2451,St Joseph's School (Feilding),9.0,6.1264,Full Primary (Year 1-8),State : Integrated,Whanganui Office,Taranaki/Whanganui/Manawatū,Manawatū-Whanganui Region,Manawatu District
2024,2452,St Joseph's School (Patea),2.0,1.2841,Contributing (Year 1-6),State : Integrated,Whanganui Office,Taranaki/Whanganui/Manawatū,Taranaki Region,South Taranaki District
2024,2453,St Joseph's School (Taihape),10.0,7.0293,Full Primary (Year 1-8),State : Integrated,Whanganui Office,Taranaki/Whanganui/Manawatū,Manawatū-Whanganui Region,Rangitikei District
2024,2454,St Mary's School (Wanganui),14.0,13.1394,Full Primary (Year 1-8),State : Integrated,Whanganui Office,Taranaki/Whanganui/Manawatū,Manawatū-Whanganui Region,Whanganui District
2024,2455,St Mary's School (Foxton),3.0,2.1436,Full Primary (Year 1-8),State : Integrated,Lower Hutt Office,Wellington,Manawatū-Whanganui Region,Horowhenua District
2024,2456,St Matthew's School (Marton),4.0,3.3829,Full Primary (Year 1-8),State : Integrated,Whanganui Office,Taranaki/Whanganui/Manawatū,Manawatū-Whanganui Region,Rangitikei District
2024,2457,St Mary's School (P North),16.0,12.5348,Contributing (Year 1-6),State : Integrated,Whanganui Office,Taranaki/Whanganui/Manawatū,Manawatū-Whanganui Region,Palmerston North City
2024,2460,Takaro School,17.0,15.5741,Full Primary (Year 1-8),State,Whanganui Office,Taranaki/Whanganui/Manawatū,Manawatū-Whanganui Region,Palmerston North City
2024,2461,Tangimoana School,3.0,2.4651,Full Primary (Year 1-8),State,Whanganui Office,Taranaki/Whanganui/Manawatū,Manawatū-Whanganui Region,Manawatu District
2024,2462,Taonui School,9.0,8.139,Full Primary (Year 1-8),State,Whanganui Office,Taranaki/Whanganui/Manawatū,Manawatū-Whanganui Region,Manawatu District
2024,2463,Taoroa School,4.0,3.3094,Full Primary (Year 1-8),State,Whanganui Office,Taranaki/Whanganui/Manawatū,Manawatū-Whanganui Region,Rangitikei District
2024,2465,Tawhero School,38.0,32.900499999999994,Contributing (Year 1-6),State,Whanganui Office,Taranaki/Whanganui/Manawatū,Manawatū-Whanganui Region,Whanganui District
2024,2466,Terrace End School,16.0,14.5134,Contributing (Year 1-6),State,Whanganui Office,Taranaki/Whanganui/Manawatū,Manawatū-Whanganui Region,Palmerston North City
2024,2467,Turitea School,10.0,9.171399999999998,Contributing (Year 1-6),State,Whanganui Office,Taranaki/Whanganui/Manawatū,Manawatū-Whanganui Region,Palmerston North City
2024,2468,Turakina School,3.0,2.4899,Full Primary (Year 1-8),State,Whanganui Office,Taranaki/Whanganui/Manawatū,Manawatū-Whanganui Region,Rangitikei District
2024,2469,Upokongaro School,8.0,7.4275,Full Primary (Year 1-8),State,Whanganui Office,Taranaki/Whanganui/Manawatū,Manawatū-Whanganui Region,Whanganui District
2024,2472,Waiouru School,11.0,7.053000000000001,Full Primary (Year 1-8),State,Whanganui Office,Taranaki/Whanganui/Manawatū,Manawatū-Whanganui Region,Ruapehu District
2024,2474,Waitotara School,4.0,3.1982,Full Primary (Year 1-8),State,Whanganui Office,Taranaki/Whanganui/Manawatū,Taranaki Region,South Taranaki District
2024,2475,Waituna West School,4.0,3.8651,Full Primary (Year 1-8),State,Whanganui Office,Taranaki/Whanganui/Manawatū,Manawatū-Whanganui Region,Manawatu District
2024,2476,Whanganui East School,14.0,12.7114,Contributing (Year 1-6),State,Whanganui Office,Taranaki/Whanganui/Manawatū,Manawatū-Whanganui Region,Whanganui District
2024,2477,Whanganui Intermediate,33.0,30.636000000000003,Intermediate (Year 7 & 8),State,Whanganui Office,Taranaki/Whanganui/Manawatū,Manawatū-Whanganui Region,Whanganui District
2024,2478,Waverley Primary School,10.0,8.520800000000001,Full Primary (Year 1-8),State,Whanganui Office,Taranaki/Whanganui/Manawatū,Taranaki Region,South Taranaki District
2024,2479,West End School (P North),24.0,19.9236,Contributing (Year 1-6),State,Whanganui Office,Taranaki/Whanganui/Manawatū,Manawatū-Whanganui Region,Palmerston North City
2024,2480,Westmere School (Wanganui),16.0,13.1383,Full Primary (Year 1-8),State,Whanganui Office,Taranaki/Whanganui/Manawatū,Manawatū-Whanganui Region,Whanganui District
2024,2481,Whakarongo School,31.0,28.931800000000003,Full Primary (Year 1-8),State,Whanganui Office,Taranaki/Whanganui/Manawatū,Manawatū-Whanganui Region,Palmerston North City
2024,2482,Whangaehu School,3.0,2.5054,Full Primary (Year 1-8),State,Whanganui Office,Taranaki/Whanganui/Manawatū,Manawatū-Whanganui Region,Rangitikei District
2024,2483,Whenuakura School,4.0,2.9431,Contributing (Year 1-6),State,Whanganui Office,Taranaki/Whanganui/Manawatū,Taranaki Region,South Taranaki District
2024,2484,Winchester School (P North),23.0,20.0846,Contributing (Year 1-6),State,Whanganui Office,Taranaki/Whanganui/Manawatū,Manawatū-Whanganui Region,Palmerston North City
2024,2542,Argyll East School,6.0,5.023,Full Primary (Year 1-8),State,Napier Office,Hawke's Bay/Tairāwhiti,Hawke's Bay Region,Central Hawke's Bay District
2024,2543,Arthur Miller School,25.0,20.237700000000004,Contributing (Year 1-6),State,Napier Office,Hawke's Bay/Tairāwhiti,Hawke's Bay Region,Napier City
2024,2544,Awapuni School (Gisborne),23.0,18.9779,Contributing (Year 1-6),State,Napier Office,Hawke's Bay/Tairāwhiti,Gisborne Region,Gisborne District
2024,2546,Bledisloe School,22.0,17.8386,Contributing (Year 1-6),State,Napier Office,Hawke's Bay/Tairāwhiti,Hawke's Bay Region,Napier City
2024,2547,Bridge Pa School,5.0,4.9944,Full Primary (Year 1-8),State,Napier Office,Hawke's Bay/Tairāwhiti,Hawke's Bay Region,Hastings District
2024,2548,Camberley School,9.0,7.047300000000001,Contributing (Year 1-6),State,Napier Office,Hawke's Bay/Tairāwhiti,Hawke's Bay Region,Hastings District
2024,2549,Clive School,15.0,12.8844,Contributing (Year 1-6),State,Napier Office,Hawke's Bay/Tairāwhiti,Hawke's Bay Region,Hastings District
2024,2553,Dannevirke South School,20.0,18.1787,Full Primary (Year 1-8),State,Lower Hutt Office,Wellington,Manawatū-Whanganui Region,Tararua District
2024,2554,Ebbett Park School,13.0,11.1312,Contributing (Year 1-6),State,Napier Office,Hawke's Bay/Tairāwhiti,Hawke's Bay Region,Hastings District
2024,2555,Elgin School,7.0,4.5809,Contributing (Year 1-6),State,Napier Office,Hawke's Bay/Tairāwhiti,Gisborne Region,Gisborne District
2024,2556,Elsthorpe School,5.0,3.8564,Full Primary (Year 1-8),State,Napier Office,Hawke's Bay/Tairāwhiti,Hawke's Bay Region,Central Hawke's Bay District
2024,2557,Eskdale School,21.0,17.813299999999998,Full Primary (Year 1-8),State,Napier Office,Hawke's Bay/Tairāwhiti,Hawke's Bay Region,Napier City
2024,2558,Fairhaven School (Napier),27.0,20.7567,Specialist School,State,Napier Office,Hawke's Bay/Tairāwhiti,Hawke's Bay Region,Napier City
2024,2560,Flaxmere Primary School,33.0,30.0837,Full Primary (Year 1-8),State,Napier Office,Hawke's Bay/Tairāwhiti,Hawke's Bay Region,Hastings District
2024,2561,Flemington School (Waipukurau),10.0,5.6987,Full Primary (Year 1-8),State,Napier Office,Hawke's Bay/Tairāwhiti,Hawke's Bay Region,Central Hawke's Bay District
2024,2562,Frasertown School,10.0,8.1918,Contributing (Year 1-6),State,Napier Office,Hawke's Bay/Tairāwhiti,Hawke's Bay Region,Wairoa District
2024,2563,Frimley School,66.0,57.67269999999999,Contributing (Year 1-6),State,Napier Office,Hawke's Bay/Tairāwhiti,Hawke's Bay Region,Hastings District
2024,2564,Gisborne Central School,24.0,22.0543,Contributing (Year 1-6),State,Napier Office,Hawke's Bay/Tairāwhiti,Gisborne Region,Gisborne District
2024,2566,Gisborne Intermediate,47.0,40.5338,Intermediate (Year 7 & 8),State,Napier Office,Hawke's Bay/Tairāwhiti,Gisborne Region,Gisborne District
2024,2567,Greenmeadows School,31.0,25.7583,Contributing (Year 1-6),State,Napier Office,Hawke's Bay/Tairāwhiti,Hawke's Bay Region,Napier City
2024,2569,Hastings Central School,14.0,13.6931,Contributing (Year 1-6),State,Napier Office,Hawke's Bay/Tairāwhiti,Hawke's Bay Region,Hastings District
2024,2570,Hastings Intermediate,25.0,22.6011,Intermediate (Year 7 & 8),State,Napier Office,Hawke's Bay/Tairāwhiti,Hawke's Bay Region,Hastings District
2024,2571,Haumoana School,14.0,9.4687,Contributing (Year 1-6),State,Napier Office,Hawke's Bay/Tairāwhiti,Hawke's Bay Region,Hastings District
2024,2572,Havelock North Intermediate,35.0,30.041600000000003,Intermediate (Year 7 & 8),State,Napier Office,Hawke's Bay/Tairāwhiti,Hawke's Bay Region,Hastings District
2024,2573,Havelock North Primary School,38.0,29.9384,Contributing (Year 1-6),State,Napier Office,Hawke's Bay/Tairāwhiti,Hawke's Bay Region,Hastings District
2024,2574,Henry Hill School,20.0,18.7823,Contributing (Year 1-6),State,Napier Office,Hawke's Bay/Tairāwhiti,Hawke's Bay Region,Napier City
2024,2575,Heretaunga Intermediate,23.0,21.8384,Intermediate (Year 7 & 8),State,Napier Office,Hawke's Bay/Tairāwhiti,Hawke's Bay Region,Hastings District
2024,2578,Hiruharama School,14.0,13.4222,Full Primary (Year 1-8),State,Napier Office,Hawke's Bay/Tairāwhiti,Gisborne Region,Gisborne District
2024,2581,Ilminster Intermediate,20.0,19.3139,Intermediate (Year 7 & 8),State,Napier Office,Hawke's Bay/Tairāwhiti,Gisborne Region,Gisborne District
2024,2582,Irongate School,20.0,19.5286,Full Primary (Year 1-8),State,Napier Office,Hawke's Bay/Tairāwhiti,Hawke's Bay Region,Hastings District
2024,2584,Kaiti School,30.0,27.2498,Contributing (Year 1-6),State,Napier Office,Hawke's Bay/Tairāwhiti,Gisborne Region,Gisborne District
2024,2585,Kereru School,4.0,3.1064000000000003,Full Primary (Year 1-8),State,Napier Office,Hawke's Bay/Tairāwhiti,Hawke's Bay Region,Hastings District
2024,2587,Kotemaori School,2.0,1.1237,Full Primary (Year 1-8),State,Napier Office,Hawke's Bay/Tairāwhiti,Hawke's Bay Region,Wairoa District
2024,2588,Kōwhai School,38.0,31.4931,Specialist School,State,Napier Office,Hawke's Bay/Tairāwhiti,Hawke's Bay Region,Hastings District
2024,2590,Lucknow School,23.0,19.1303,Contributing (Year 1-6),State,Napier Office,Hawke's Bay/Tairāwhiti,Hawke's Bay Region,Hastings District
2024,2592,Mahora School,26.0,21.3398,Contributing (Year 1-6),State,Napier Office,Hawke's Bay/Tairāwhiti,Hawke's Bay Region,Hastings District
2024,2593,Makaraka School,8.0,6.8906,Contributing (Year 1-6),State,Napier Office,Hawke's Bay/Tairāwhiti,Gisborne Region,Gisborne District
2024,2594,Makarika School,4.0,2.9224,Full Primary (Year 1-8),State,Napier Office,Hawke's Bay/Tairāwhiti,Gisborne Region,Gisborne District
2024,2595,Makauri School,17.0,11.751600000000002,Contributing (Year 1-6),State,Napier Office,Hawke's Bay/Tairāwhiti,Gisborne Region,Gisborne District
2024,2597,Mangapapa School,28.0,26.5679,Contributing (Year 1-6),State,Napier Office,Hawke's Bay/Tairāwhiti,Gisborne Region,Gisborne District
2024,2599,Mangateretere School,3.0,2.9571,Full Primary (Year 1-8),State,Napier Office,Hawke's Bay/Tairāwhiti,Hawke's Bay Region,Hastings District
2024,2600,TKKM o Mangatuna,3.0,1.3838,Full Primary (Year 1-8),State,Napier Office,Hawke's Bay/Tairāwhiti,Gisborne Region,Gisborne District
2024,2602,Manutuke School,22.0,17.0458,Composite (Year 1-15),State,Napier Office,Hawke's Bay/Tairāwhiti,Gisborne Region,Gisborne District
2024,2604,Maraenui Bilingual School (Napier),15.0,11.9358,Full Primary (Year 1-8),State,Napier Office,Hawke's Bay/Tairāwhiti,Hawke's Bay Region,Napier City
2024,2606,Marewa School,19.0,14.5926,Contributing (Year 1-6),State,Napier Office,Hawke's Bay/Tairāwhiti,Hawke's Bay Region,Napier City
2024,2609,Te Kura o Mata,2.0,1.9901,Full Primary (Year 1-8),State,Napier Office,Hawke's Bay/Tairāwhiti,Gisborne Region,Gisborne District
2024,2611,Matawai School,5.0,3.7551,Full Primary (Year 1-8),State,Napier Office,Hawke's Bay/Tairāwhiti,Gisborne Region,Gisborne District
2024,2612,Mayfair School,20.0,15.6118,Contributing (Year 1-6),State,Napier Office,Hawke's Bay/Tairāwhiti,Hawke's Bay Region,Hastings District
2024,2613,Meeanee School,7.0,6.321700000000001,Full Primary (Year 1-8),State,Napier Office,Hawke's Bay/Tairāwhiti,Hawke's Bay Region,Napier City
2024,2616,Motu School,4.0,1.9968,Full Primary (Year 1-8),State,Napier Office,Hawke's Bay/Tairāwhiti,Gisborne Region,Gisborne District
2024,2617,Muriwai School,4.0,3.9834,Full Primary (Year 1-8),State,Napier Office,Hawke's Bay/Tairāwhiti,Gisborne Region,Gisborne District
2024,2618,Napier Central School,15.0,13.621700000000002,Contributing (Year 1-6),State,Napier Office,Hawke's Bay/Tairāwhiti,Hawke's Bay Region,Napier City
2024,2619,Napier Intermediate,24.0,19.4656,Intermediate (Year 7 & 8),State,Napier Office,Hawke's Bay/Tairāwhiti,Hawke's Bay Region,Napier City
2024,2620,Nelson Park School,27.0,21.4544,Contributing (Year 1-6),State,Napier Office,Hawke's Bay/Tairāwhiti,Hawke's Bay Region,Napier City
2024,2621,Ngatapa School,3.0,1.9802,Full Primary (Year 1-8),State,Napier Office,Hawke's Bay/Tairāwhiti,Gisborne Region,Gisborne District
2024,2622,Norsewood and Districts School,6.0,4.4642,Full Primary (Year 1-8),State,Lower Hutt Office,Wellington,Manawatū-Whanganui Region,Tararua District
2024,2624,Nuhaka School,9.0,6.961,Full Primary (Year 1-8),State,Napier Office,Hawke's Bay/Tairāwhiti,Hawke's Bay Region,Wairoa District
2024,2625,Ohuka School,3.0,2.4111,Full Primary (Year 1-8),State,Napier Office,Hawke's Bay/Tairāwhiti,Hawke's Bay Region,Wairoa District
2024,2626,Omahu School,6.0,3.9068,Full Primary (Year 1-8),State,Napier Office,Hawke's Bay/Tairāwhiti,Hawke's Bay Region,Hastings District
2024,2627,Omakere School,6.0,5.2799,Full Primary (Year 1-8),State,Napier Office,Hawke's Bay/Tairāwhiti,Hawke's Bay Region,Central Hawke's Bay District
2024,2628,Onekawa School,22.0,20.179,Contributing (Year 1-6),State,Napier Office,Hawke's Bay/Tairāwhiti,Hawke's Bay Region,Napier City
2024,2629,Ongaonga School,5.0,3.933,Full Primary (Year 1-8),State,Napier Office,Hawke's Bay/Tairāwhiti,Hawke's Bay Region,Central Hawke's Bay District
2024,2631,Ormond School,8.0,6.6604,Contributing (Year 1-6),State,Napier Office,Hawke's Bay/Tairāwhiti,Gisborne Region,Gisborne District
2024,2634,Otane School,6.0,5.6298,Full Primary (Year 1-8),State,Napier Office,Hawke's Bay/Tairāwhiti,Hawke's Bay Region,Central Hawke's Bay District
2024,2637,Te Kura o Pakipaki,4.0,2.3448,Full Primary (Year 1-8),State,Napier Office,Hawke's Bay/Tairāwhiti,Hawke's Bay Region,Hastings District
2024,2638,Pakowhai School,4.0,2.7575000000000003,Contributing (Year 1-6),State,Napier Office,Hawke's Bay/Tairāwhiti,Hawke's Bay Region,Hastings District
2024,2641,Parkvale School,37.0,29.1177,Contributing (Year 1-6),State,Napier Office,Hawke's Bay/Tairāwhiti,Hawke's Bay Region,Hastings District
2024,2642,Patoka School,6.0,4.525600000000001,Full Primary (Year 1-8),State,Napier Office,Hawke's Bay/Tairāwhiti,Hawke's Bay Region,Hastings District
2024,2643,Patutahi School,7.0,5.147399999999999,Full Primary (Year 1-8),State,Napier Office,Hawke's Bay/Tairāwhiti,Gisborne Region,Gisborne District
2024,2644,Te Whai Hiringa,35.0,31.5125,Full Primary (Year 1-8),State,Napier Office,Hawke's Bay/Tairāwhiti,Hawke's Bay Region,Hastings District
2024,2647,Porritt School,23.0,19.4818,Contributing (Year 1-6),State,Napier Office,Hawke's Bay/Tairāwhiti,Hawke's Bay Region,Napier City
2024,2648,Port Ahuriri School,18.0,15.4627,Contributing (Year 1-6),State,Napier Office,Hawke's Bay/Tairāwhiti,Hawke's Bay Region,Napier City
2024,2649,Potaka School,4.0,3.9917,Full Primary (Year 1-8),State,Napier Office,Hawke's Bay/Tairāwhiti,Gisborne Region,Gisborne District
2024,2650,Poukawa School,7.0,5.9128,Full Primary (Year 1-8),State,Napier Office,Hawke's Bay/Tairāwhiti,Hawke's Bay Region,Hastings District
2024,2651,Pukehamoamoa School,5.0,4.692,Full Primary (Year 1-8),State,Napier Office,Hawke's Bay/Tairāwhiti,Hawke's Bay Region,Hastings District
2024,2652,Pukehou School,5.0,4.4937,Full Primary (Year 1-8),State,Napier Office,Hawke's Bay/Tairāwhiti,Hawke's Bay Region,Central Hawke's Bay District
2024,2654,Puketapu School (Hawkes Bay),16.0,12.895,Full Primary (Year 1-8),State,Napier Office,Hawke's Bay/Tairāwhiti,Hawke's Bay Region,Hastings District
2024,2657,Putere School,3.0,2.1035,Full Primary (Year 1-8),State,Napier Office,Hawke's Bay/Tairāwhiti,Hawke's Bay Region,Wairoa District
2024,2658,Putorino School,2.0,1.4149,Full Primary (Year 1-8),State,Napier Office,Hawke's Bay/Tairāwhiti,Hawke's Bay Region,Hastings District
2024,2659,TKKM o Tapere-Nui-A-Whatonga,3.0,2.3761,Full Primary (Year 1-8),State,Napier Office,Hawke's Bay/Tairāwhiti,Gisborne Region,Gisborne District
2024,2662,Raureka School,25.0,19.1477,Contributing (Year 1-6),State,Napier Office,Hawke's Bay/Tairāwhiti,Hawke's Bay Region,Hastings District
2024,2663,Reignier Catholic School,11.0,9.6373,Full Primary (Year 1-8),State : Integrated,Napier Office,Hawke's Bay/Tairāwhiti,Hawke's Bay Region,Napier City
2024,2664,Rere School,4.0,3.1834,Full Primary (Year 1-8),State,Napier Office,Hawke's Bay/Tairāwhiti,Gisborne Region,Gisborne District
2024,2665,Richmond School (Napier),7.0,5.0036,Contributing (Year 1-6),State,Napier Office,Hawke's Bay/Tairāwhiti,Hawke's Bay Region,Napier City
2024,2667,Riverdale School (Gisborne),25.0,16.571599999999997,Contributing (Year 1-6),State,Napier Office,Hawke's Bay/Tairāwhiti,Gisborne Region,Gisborne District
2024,2669,Ruahine School,12.0,10.5389,Full Primary (Year 1-8),State,Lower Hutt Office,Wellington,Manawatū-Whanganui Region,Tararua District
2024,2672,Sherenden and Districts School,5.0,3.9572,Full Primary (Year 1-8),State,Napier Office,Hawke's Bay/Tairāwhiti,Hawke's Bay Region,Hastings District
2024,2673,Sherwood School (Hawkes Bay),4.0,2.8857,Full Primary (Year 1-8),State,Napier Office,Hawke's Bay/Tairāwhiti,Hawke's Bay Region,Central Hawke's Bay District
2024,2676,St Joseph's School (Dannevirke),9.0,7.9089,Full Primary (Year 1-8),State : Integrated,Lower Hutt Office,Wellington,Manawatū-Whanganui Region,Tararua District
2024,2677,St Joseph's School (Hastings),16.0,15.0295,Full Primary (Year 1-8),State : Integrated,Napier Office,Hawke's Bay/Tairāwhiti,Hawke's Bay Region,Hastings District
2024,2678,St Joseph’s School (Central Hawke's Bay),7.0,6.2327,Full Primary (Year 1-8),State : Integrated,Napier Office,Hawke's Bay/Tairāwhiti,Hawke's Bay Region,Central Hawke's Bay District
2024,2679,St Joseph's School (Wairoa),6.0,6.0031,Full Primary (Year 1-8),State : Integrated,Napier Office,Hawke's Bay/Tairāwhiti,Hawke's Bay Region,Wairoa District
2024,2680,St Mary's Catholic School (Gisborne),19.0,14.4928,Contributing (Year 1-6),State : Integrated,Napier Office,Hawke's Bay/Tairāwhiti,Gisborne Region,Gisborne District
2024,2681,St Mary's Catholic School (Hastings),15.0,13.9851,Full Primary (Year 1-8),State : Integrated,Napier Office,Hawke's Bay/Tairāwhiti,Hawke's Bay Region,Hastings District
2024,2684,Takapau School,10.0,8.265699999999999,Full Primary (Year 1-8),State,Napier Office,Hawke's Bay/Tairāwhiti,Hawke's Bay Region,Central Hawke's Bay District
2024,2685,Tamatea Intermediate,28.0,24.9268,Intermediate (Year 7 & 8),State,Napier Office,Hawke's Bay/Tairāwhiti,Hawke's Bay Region,Napier City
2024,2686,Tamatea School,12.0,9.3556,Contributing (Year 1-6),State,Napier Office,Hawke's Bay/Tairāwhiti,Hawke's Bay Region,Napier City
2024,2687,Taradale Intermediate,54.0,49.30480000000001,Intermediate (Year 7 & 8),State,Napier Office,Hawke's Bay/Tairāwhiti,Hawke's Bay Region,Napier City
2024,2688,Taradale School,30.0,25.2998,Contributing (Year 1-6),State,Napier Office,Hawke's Bay/Tairāwhiti,Hawke's Bay Region,Napier City
2024,2691,Te Awa School,16.0,11.7779,Contributing (Year 1-6),State,Napier Office,Hawke's Bay/Tairāwhiti,Hawke's Bay Region,Napier City
2024,2692,Te Hapara School,20.0,14.8189,Contributing (Year 1-6),State,Napier Office,Hawke's Bay/Tairāwhiti,Gisborne Region,Gisborne District
2024,2697,Te Mata School (Havelock North),39.0,31.372200000000003,Contributing (Year 1-6),State,Napier Office,Hawke's Bay/Tairāwhiti,Hawke's Bay Region,Hastings District
2024,2698,Te Pohue School,2.0,1.717,Full Primary (Year 1-8),State,Napier Office,Hawke's Bay/Tairāwhiti,Hawke's Bay Region,Hastings District
2024,2701,Te Wharau School (Gisborne),29.0,24.1821,Contributing (Year 1-6),State,Napier Office,Hawke's Bay/Tairāwhiti,Gisborne Region,Gisborne District
2024,2702,The Terrace School (Waipukurau),16.0,13.2084,Full Primary (Year 1-8),State,Napier Office,Hawke's Bay/Tairāwhiti,Hawke's Bay Region,Central Hawke's Bay District
2024,2703,Tikitiki School,4.0,2.5246,Full Primary (Year 1-8),State,Napier Office,Hawke's Bay/Tairāwhiti,Gisborne Region,Gisborne District
2024,2704,Tikokino School,5.0,4.8028,Full Primary (Year 1-8),State,Napier Office,Hawke's Bay/Tairāwhiti,Hawke's Bay Region,Central Hawke's Bay District
2024,2705,Tiniroto School,3.0,2.0404,Full Primary (Year 1-8),State,Napier Office,Hawke's Bay/Tairāwhiti,Gisborne Region,Gisborne District
2024,2706,Hatea-A-Rangi,3.0,2.9505,Full Primary (Year 1-8),State,Napier Office,Hawke's Bay/Tairāwhiti,Gisborne Region,Gisborne District
2024,2710,Tutira School,5.0,2.4633,Full Primary (Year 1-8),State,Napier Office,Hawke's Bay/Tairāwhiti,Hawke's Bay Region,Hastings District
2024,2711,Twyford School,12.0,11.1779,Full Primary (Year 1-8),State,Napier Office,Hawke's Bay/Tairāwhiti,Hawke's Bay Region,Hastings District
2024,2712,Waerenga-O-Kuri School,3.0,2.9176,Full Primary (Year 1-8),State,Napier Office,Hawke's Bay/Tairāwhiti,Gisborne Region,Gisborne District
2024,2715,Waikirikiri School,15.0,14.119599999999998,Full Primary (Year 1-8),State,Napier Office,Hawke's Bay/Tairāwhiti,Gisborne Region,Gisborne District
2024,2718,Waimarama School,5.0,3.1696,Contributing (Year 1-6),State,Napier Office,Hawke's Bay/Tairāwhiti,Hawke's Bay Region,Hastings District
2024,2721,Wainui Beach School,20.0,14.9012,Contributing (Year 1-6),State,Napier Office,Hawke's Bay/Tairāwhiti,Gisborne Region,Gisborne District
2024,2723,Waipawa School,25.0,22.6235,Full Primary (Year 1-8),State,Napier Office,Hawke's Bay/Tairāwhiti,Hawke's Bay Region,Central Hawke's Bay District
2024,2725,Waipukurau School,26.0,20.4298,Full Primary (Year 1-8),State,Napier Office,Hawke's Bay/Tairāwhiti,Hawke's Bay Region,Central Hawke's Bay District
2024,2732,Weber School,4.0,2.8486,Full Primary (Year 1-8),State,Lower Hutt Office,Wellington,Manawatū-Whanganui Region,Tararua District
2024,2733,Westshore School,8.0,7.6702,Contributing (Year 1-6),State,Napier Office,Hawke's Bay/Tairāwhiti,Hawke's Bay Region,Napier City
2024,2736,Whangara School,9.0,7.5601,Full Primary (Year 1-8),State,Napier Office,Hawke's Bay/Tairāwhiti,Gisborne Region,Gisborne District
2024,2739,Te Kura Kaupapa Maori o Whatatutu,4.0,3.0099,Full Primary (Year 1-8),State,Napier Office,Hawke's Bay/Tairāwhiti,Gisborne Region,Gisborne District
2024,2742,Woodville School,13.0,8.776,Full Primary (Year 1-8),State,Lower Hutt Office,Wellington,Manawatū-Whanganui Region,Tararua District
2024,2745,St Patrick's School (Napier),22.0,18.8992,Full Primary (Year 1-8),State : Integrated,Napier Office,Hawke's Bay/Tairāwhiti,Hawke's Bay Region,Napier City
2024,2746,Te Kura o Kimi Ora,10.0,8.7781,Full Primary (Year 1-8),State,Napier Office,Hawke's Bay/Tairāwhiti,Hawke's Bay Region,Hastings District
2024,2801,Alfredton School,4.0,2.6157,Full Primary (Year 1-8),State,Lower Hutt Office,Wellington,Manawatū-Whanganui Region,Tararua District
2024,2802,Arakura School,12.0,9.6283,Contributing (Year 1-6),State,Lower Hutt Office,Wellington,Wellington Region,Lower Hutt City
2024,2803,Avalon School,22.0,15.1977,Contributing (Year 1-6),State,Lower Hutt Office,Wellington,Wellington Region,Lower Hutt City
2024,2805,Ballance School,2.0,1.9251,Full Primary (Year 1-8),State,Lower Hutt Office,Wellington,Manawatū-Whanganui Region,Tararua District
2024,2806,Bellevue School (Newlands),19.0,17.4786,Contributing (Year 1-6),State,Lower Hutt Office,Wellington,Wellington Region,Wellington City
2024,2807,Belmont School (Lower Hutt),26.0,21.2996,Contributing (Year 1-6),State,Lower Hutt Office,Wellington,Wellington Region,Lower Hutt City
2024,2808,Berhampore School,21.0,17.757,Contributing (Year 1-6),State,Lower Hutt Office,Wellington,Wellington Region,Wellington City
2024,2810,Birchville School,12.0,7.5143,Contributing (Year 1-6),State,Lower Hutt Office,Wellington,Wellington Region,Upper Hutt City
2024,2811,Blenheim School,13.0,11.8842,Contributing (Year 1-6),State,Nelson Office,Nelson/Marlborough/West Coast,Marlborough Region,Marlborough District
2024,2812,Bohally Intermediate,38.0,35.0352,Intermediate (Year 7 & 8),State,Nelson Office,Nelson/Marlborough/West Coast,Marlborough Region,Marlborough District
2024,2813,Boulcott School,23.0,19.605500000000006,Contributing (Year 1-6),State,Lower Hutt Office,Wellington,Wellington Region,Lower Hutt City
2024,2814,Brandon Intermediate,19.0,15.7093,Intermediate (Year 7 & 8),State,Lower Hutt Office,Wellington,Wellington Region,Porirua City
2024,2816,Brooklyn School (Wellington),29.0,23.5529,Full Primary (Year 1-8),State,Lower Hutt Office,Wellington,Wellington Region,Wellington City
2024,2818,Cannons Creek School,11.0,9.2869,Contributing (Year 1-6),State,Lower Hutt Office,Wellington,Wellington Region,Porirua City
2024,2820,Carterton School,19.0,16.0074,Full Primary (Year 1-8),State,Lower Hutt Office,Wellington,Wellington Region,Carterton District
2024,2821,Cashmere Avenue School,23.0,18.2089,Contributing (Year 1-6),State,Lower Hutt Office,Wellington,Wellington Region,Wellington City
2024,2823,Crofton Downs Primary School,12.0,10.0736,Contributing (Year 1-6),State,Lower Hutt Office,Wellington,Wellington Region,Wellington City
2024,2824,Churton Park School,26.0,21.218000000000004,Contributing (Year 1-6),State,Lower Hutt Office,Wellington,Wellington Region,Wellington City
2024,2826,Clifton Terrace Model School,6.0,4.7917000000000005,Full Primary (Year 1-8),State,Lower Hutt Office,Wellington,Wellington Region,Wellington City
2024,2827,Clyde Quay School,14.0,11.355000000000002,Full Primary (Year 1-8),State,Lower Hutt Office,Wellington,Wellington Region,Wellington City
2024,2828,Corinna School,14.0,12.1535,Full Primary (Year 1-8),State,Lower Hutt Office,Wellington,Wellington Region,Porirua City
2024,2831,Dalefield School,8.0,5.7164,Full Primary (Year 1-8),State,Lower Hutt Office,Wellington,Wellington Region,Carterton District
2024,2832,Discovery School,30.0,25.2015,Full Primary (Year 1-8),State,Lower Hutt Office,Wellington,Wellington Region,Porirua City
2024,2833,Dyer Street School,13.0,11.9899,Contributing (Year 1-6),State,Lower Hutt Office,Wellington,Wellington Region,Lower Hutt City
2024,2834,Eastern Hutt School,47.0,36.2208,Contributing (Year 1-6),State,Lower Hutt Office,Wellington,Wellington Region,Lower Hutt City
2024,2835,Eketāhuna School,9.0,7.3059,Full Primary (Year 1-8),State,Lower Hutt Office,Wellington,Manawatū-Whanganui Region,Tararua District
2024,2836,Epuni School,14.0,11.6673,Contributing (Year 1-6),State,Lower Hutt Office,Wellington,Wellington Region,Lower Hutt City
2024,2837,Evans Bay Intermediate,22.0,19.7261,Intermediate (Year 7 & 8),State,Lower Hutt Office,Wellington,Wellington Region,Wellington City
2024,2838,Fairfield School (Levin),23.0,20.2331,Full Primary (Year 1-8),State,Lower Hutt Office,Wellington,Manawatū-Whanganui Region,Horowhenua District
2024,2839,Fairhall School,14.0,10.2304,Full Primary (Year 1-8),State,Nelson Office,Nelson/Marlborough/West Coast,Marlborough Region,Marlborough District
2024,2840,Featherston School Te Kura o Paetūmokai,13.0,9.3887,Full Primary (Year 1-8),State,Lower Hutt Office,Wellington,Wellington Region,South Wairarapa District
2024,2841,Fergusson Intermediate (Trentham),21.0,19.5437,Intermediate (Year 7 & 8),State,Lower Hutt Office,Wellington,Wellington Region,Upper Hutt City
2024,2842,Fernlea School,17.0,13.089,Contributing (Year 1-6),State,Lower Hutt Office,Wellington,Wellington Region,Lower Hutt City
2024,2843,Fernridge School,23.0,14.872,Contributing (Year 1-6),State,Lower Hutt Office,Wellington,Wellington Region,Masterton District
2024,2844,Fraser Crescent School,19.0,16.0343,Contributing (Year 1-6),State,Lower Hutt Office,Wellington,Wellington Region,Upper Hutt City
2024,2845,Gladstone School (Masterton),12.0,9.5537,Full Primary (Year 1-8),State,Lower Hutt Office,Wellington,Wellington Region,Carterton District
2024,2846,Pukeatua Primary School (Wainuiomata),9.0,8.4942,Full Primary (Year 1-8),State,Lower Hutt Office,Wellington,Wellington Region,Lower Hutt City
2024,2847,Glenview School (Porirua East),8.0,7.0396,Contributing (Year 1-6),State,Lower Hutt Office,Wellington,Wellington Region,Porirua City
2024,2848,Gracefield School,16.0,13.0328,Contributing (Year 1-6),State,Lower Hutt Office,Wellington,Wellington Region,Lower Hutt City
2024,2849,Greenacres School,11.0,10.4338,Contributing (Year 1-6),State,Lower Hutt Office,Wellington,Wellington Region,Wellington City
2024,2850,Greytown School,22.0,18.826,Full Primary (Year 1-8),State,Lower Hutt Office,Wellington,Wellington Region,South Wairarapa District
2024,2851,Grovetown School,7.0,5.8985,Contributing (Year 1-6),State,Nelson Office,Nelson/Marlborough/West Coast,Marlborough Region,Marlborough District
2024,2852,Hampton Hill School,11.0,9.2575,Contributing (Year 1-6),State,Lower Hutt Office,Wellington,Wellington Region,Wellington City
2024,2854,Hataitai School,15.0,11.8261,Full Primary (Year 1-8),State,Lower Hutt Office,Wellington,Wellington Region,Wellington City
2024,2855,Havelock School,6.0,4.581300000000001,Full Primary (Year 1-8),State,Nelson Office,Nelson/Marlborough/West Coast,Marlborough Region,Marlborough District
2024,2859,Holy Family School (Porirua),15.0,13.09,Contributing (Year 1-6),State : Integrated,Lower Hutt Office,Wellington,Wellington Region,Porirua City
2024,2861,Houghton Valley School,11.0,9.7825,Contributing (Year 1-6),State,Lower Hutt Office,Wellington,Wellington Region,Wellington City
2024,2862,Hutt Central School,47.0,37.988800000000005,Contributing (Year 1-6),State,Lower Hutt Office,Wellington,Wellington Region,Lower Hutt City
2024,2863,Hutt Intermediate,36.0,33.31,Intermediate (Year 7 & 8),State,Lower Hutt Office,Wellington,Wellington Region,Lower Hutt City
2024,2865,Island Bay School,26.0,19.8201,Contributing (Year 1-6),State,Lower Hutt Office,Wellington,Wellington Region,Wellington City
2024,2866,Johnsonville School,27.0,21.3567,Contributing (Year 1-6),State,Lower Hutt Office,Wellington,Wellington Region,Wellington City
2024,2867,West Park School,22.0,17.752799999999997,Contributing (Year 1-6),State,Lower Hutt Office,Wellington,Wellington Region,Wellington City
2024,2868,Kahutara School,8.0,6.2602,Full Primary (Year 1-8),State,Lower Hutt Office,Wellington,Wellington Region,South Wairarapa District
2024,2871,Kapakapanui School,36.0,29.461500000000004,Full Primary (Year 1-8),State,Lower Hutt Office,Wellington,Wellington Region,Kapiti Coast District
2024,2872,Mahinawa Specialist School and Resource Centre,47.0,32.0998,Specialist School,State,Lower Hutt Office,Wellington,Wellington Region,Porirua City
2024,2873,Kapiti School,7.0,5.8483,Full Primary (Year 1-8),State,Lower Hutt Office,Wellington,Wellington Region,Kapiti Coast District
2024,2874,Karori Normal School,42.0,36.3076,Full Primary (Year 1-8),State,Lower Hutt Office,Wellington,Wellington Region,Wellington City
2024,2875,Karori West Normal School,43.0,33.3928,Full Primary (Year 1-8),State,Lower Hutt Office,Wellington,Wellington Region,Wellington City
2024,2876,Kelburn Normal School,20.0,15.7818,Full Primary (Year 1-8),State,Lower Hutt Office,Wellington,Wellington Region,Wellington City
2024,2877,Kelson School,19.0,16.5091,Contributing (Year 1-6),State,Lower Hutt Office,Wellington,Wellington Region,Lower Hutt City
2024,2878,Kenakena School,39.0,32.3646,Full Primary (Year 1-8),State,Lower Hutt Office,Wellington,Wellington Region,Kapiti Coast District
2024,2879,Khandallah School,24.0,19.8634,Contributing (Year 1-6),State,Lower Hutt Office,Wellington,Wellington Region,Wellington City
2024,2880,Kilbirnie School,15.0,11.6149,Contributing (Year 1-6),State,Lower Hutt Office,Wellington,Wellington Region,Wellington City
2024,2882,Koputaroa School,12.0,9.785,Full Primary (Year 1-8),State,Lower Hutt Office,Wellington,Manawatū-Whanganui Region,Horowhenua District
2024,2883,Korokoro School,13.0,10.8188,Full Primary (Year 1-8),State,Lower Hutt Office,Wellington,Wellington Region,Lower Hutt City
2024,2886,Levin East School,32.0,25.5578,Contributing (Year 1-6),State,Lower Hutt Office,Wellington,Manawatū-Whanganui Region,Horowhenua District
2024,2887,Levin Intermediate,21.0,18.7235,Intermediate (Year 7 & 8),State,Lower Hutt Office,Wellington,Manawatū-Whanganui Region,Horowhenua District
2024,2888,Levin North School,22.0,18.5987,Contributing (Year 1-6),State,Lower Hutt Office,Wellington,Manawatū-Whanganui Region,Horowhenua District
2024,2889,Levin School,20.0,16.8278,Contributing (Year 1-6),State,Lower Hutt Office,Wellington,Manawatū-Whanganui Region,Horowhenua District
2024,2890,Linden School,9.0,8.5146,Contributing (Year 1-6),State,Lower Hutt Office,Wellington,Wellington Region,Wellington City
2024,2891,Linkwater School,5.0,2.7004,Full Primary (Year 1-8),State,Nelson Office,Nelson/Marlborough/West Coast,Marlborough Region,Marlborough District
2024,2892,Lyall Bay School,27.0,20.0548,Contributing (Year 1-6),State,Lower Hutt Office,Wellington,Wellington Region,Wellington City
2024,2893,Maidstone Intermediate,35.0,28.1457,Intermediate (Year 7 & 8),State,Lower Hutt Office,Wellington,Wellington Region,Upper Hutt City
2024,2894,Makara Model School,6.0,6.0164,Full Primary (Year 1-8),State,Lower Hutt Office,Wellington,Wellington Region,Wellington City
2024,2895,Makuri School,2.0,1.5618,Full Primary (Year 1-8),State,Lower Hutt Office,Wellington,Manawatū-Whanganui Region,Tararua District
2024,2896,Manakau School,7.0,6.917,Full Primary (Year 1-8),State,Lower Hutt Office,Wellington,Manawatū-Whanganui Region,Horowhenua District
2024,2899,Mangaroa School,9.0,7.2633,Contributing (Year 1-6),State,Lower Hutt Office,Wellington,Wellington Region,Upper Hutt City
2024,2900,Mangatainoka School,5.0,4.489800000000001,Full Primary (Year 1-8),State,Lower Hutt Office,Wellington,Manawatū-Whanganui Region,Tararua District
2024,2902,Te Kura o Hau Karetu,26.0,24.2752,Contributing (Year 1-6),State,Lower Hutt Office,Wellington,Wellington Region,Upper Hutt City
2024,2903,Maraeroa School,14.0,10.7069,Contributing (Year 1-6),State,Lower Hutt Office,Wellington,Wellington Region,Porirua City
2024,2904,Holy Cross School (Miramar),15.0,12.0664,Full Primary (Year 1-8),State : Integrated,Lower Hutt Office,Wellington,Wellington Region,Wellington City
2024,2906,Martinborough School,15.0,14.2992,Full Primary (Year 1-8),State,Lower Hutt Office,Wellington,Wellington Region,South Wairarapa District
2024,2909,Masterton Intermediate,27.0,23.7234,Intermediate (Year 7 & 8),State,Lower Hutt Office,Wellington,Wellington Region,Masterton District
2024,2911,Mauriceville School,2.0,1.5798,Full Primary (Year 1-8),State,Lower Hutt Office,Wellington,Wellington Region,Masterton District
2024,2912,Mayfield School (Blenheim),7.0,6.1266,Contributing (Year 1-6),State,Nelson Office,Nelson/Marlborough/West Coast,Marlborough Region,Marlborough District
2024,2915,Miramar Central School,14.0,11.3061,Contributing (Year 1-6),State,Lower Hutt Office,Wellington,Wellington Region,Wellington City
2024,2916,Miramar North School,17.0,15.4582,Contributing (Year 1-6),State,Lower Hutt Office,Wellington,Wellington Region,Wellington City
2024,2918,Mt Cook School (Wellington),21.0,19.7067,Full Primary (Year 1-8),State,Lower Hutt Office,Wellington,Wellington Region,Wellington City
2024,2920,Muritai School,26.0,22.185,Full Primary (Year 1-8),State,Lower Hutt Office,Wellington,Wellington Region,Lower Hutt City
2024,2921,Naenae Intermediate,28.0,24.3,Intermediate (Year 7 & 8),State,Lower Hutt Office,Wellington,Wellington Region,Lower Hutt City
2024,2922,Naenae School,27.0,23.3608,Contributing (Year 1-6),State,Lower Hutt Office,Wellington,Wellington Region,Lower Hutt City
2024,2923,Natone Park School,8.0,7.1715,Contributing (Year 1-6),State,Lower Hutt Office,Wellington,Wellington Region,Porirua City
2024,2924,Newlands Intermediate,33.0,30.877300000000005,Intermediate (Year 7 & 8),State,Lower Hutt Office,Wellington,Wellington Region,Wellington City
2024,2925,Newlands School,26.0,20.4733,Contributing (Year 1-6),State,Lower Hutt Office,Wellington,Wellington Region,Wellington City
2024,2926,Newtown School,32.0,28.5654,Contributing (Year 1-6),State,Lower Hutt Office,Wellington,Wellington Region,Wellington City
2024,2927,Ngaio School,23.0,18.9292,Contributing (Year 1-6),State,Lower Hutt Office,Wellington,Wellington Region,Wellington City
2024,2928,Ngati Toa School,13.0,9.1211,Contributing (Year 1-6),State,Lower Hutt Office,Wellington,Wellington Region,Porirua City
2024,2930,Normandale School,14.0,11.399500000000002,Contributing (Year 1-6),State,Lower Hutt Office,Wellington,Wellington Region,Lower Hutt City
2024,2931,Northland School,19.0,14.852799999999998,Full Primary (Year 1-8),State,Lower Hutt Office,Wellington,Wellington Region,Wellington City
2024,2933,Ohau School,10.0,9.4268,Full Primary (Year 1-8),State,Lower Hutt Office,Wellington,Manawatū-Whanganui Region,Horowhenua District
2024,2936,Ōpaki School,11.0,10.2976,Full Primary (Year 1-8),State,Lower Hutt Office,Wellington,Wellington Region,Masterton District
2024,2937,Opiki School,11.0,9.2999,Full Primary (Year 1-8),State,Whanganui Office,Taranaki/Whanganui/Manawatū,Manawatū-Whanganui Region,Horowhenua District
2024,2939,Otaki School,14.0,13.0406,Contributing (Year 1-6),State,Lower Hutt Office,Wellington,Wellington Region,Kapiti Coast District
2024,2941,Our Lady of the Rosary School (Waiwhetu),17.0,14.9943,Full Primary (Year 1-8),State : Integrated,Lower Hutt Office,Wellington,Wellington Region,Lower Hutt City
2024,2942,Owhiro Bay School,9.0,7.0600000000000005,Contributing (Year 1-6),State,Lower Hutt Office,Wellington,Wellington Region,Wellington City
2024,2943,Oxford Crescent School,25.0,20.1185,Contributing (Year 1-6),State,Lower Hutt Office,Wellington,Wellington Region,Upper Hutt City
2024,2944,Paekākāriki School,12.0,8.1303,Full Primary (Year 1-8),State,Lower Hutt Office,Wellington,Wellington Region,Kapiti Coast District
2024,2945,Pahiatua School,29.0,23.1923,Full Primary (Year 1-8),State,Lower Hutt Office,Wellington,Manawatū-Whanganui Region,Tararua District
2024,2946,Papakowhai School,33.0,28.9931,Full Primary (Year 1-8),State,Lower Hutt Office,Wellington,Wellington Region,Porirua City
2024,2947,Paparangi School,21.0,16.857999999999997,Contributing (Year 1-6),State,Lower Hutt Office,Wellington,Wellington Region,Wellington City
2024,2948,Paraparaumu Beach School,29.0,27.0127,Full Primary (Year 1-8),State,Lower Hutt Office,Wellington,Wellington Region,Kapiti Coast District
2024,2949,Paraparaumu School,21.0,18.2371,Full Primary (Year 1-8),State,Lower Hutt Office,Wellington,Wellington Region,Kapiti Coast District
2024,2950,Paremata School,27.0,20.5765,Full Primary (Year 1-8),State,Lower Hutt Office,Wellington,Wellington Region,Porirua City
2024,2953,Pauatahanui School,17.0,12.628699999999998,Full Primary (Year 1-8),State,Lower Hutt Office,Wellington,Wellington Region,Porirua City
2024,2955,Petone Central School,11.0,10.2172,Full Primary (Year 1-8),State,Lower Hutt Office,Wellington,Wellington Region,Lower Hutt City
2024,2956,Picton School,11.0,7.976199999999999,Contributing (Year 1-6),State,Nelson Office,Nelson/Marlborough/West Coast,Marlborough Region,Marlborough District
2024,2957,Pinehaven School,13.0,11.2823,Contributing (Year 1-6),State,Lower Hutt Office,Wellington,Wellington Region,Upper Hutt City
2024,2958,Pirinoa School,6.0,3.8426,Full Primary (Year 1-8),State,Lower Hutt Office,Wellington,Wellington Region,South Wairarapa District
2024,2959,Plateau School,11.0,9.0403,Contributing (Year 1-6),State,Lower Hutt Office,Wellington,Wellington Region,Upper Hutt City
2024,2960,Plimmerton School,33.0,29.802,Full Primary (Year 1-8),State,Lower Hutt Office,Wellington,Wellington Region,Porirua City
2024,2961,Pomare School,8.0,6.888700000000001,Contributing (Year 1-6),State,Lower Hutt Office,Wellington,Wellington Region,Lower Hutt City
2024,2962,Pongaroa School,7.0,4.9458,Full Primary (Year 1-8),State,Lower Hutt Office,Wellington,Manawatū-Whanganui Region,Tararua District
2024,2963,Porirua East School,11.0,8.9525,Contributing (Year 1-6),State,Lower Hutt Office,Wellington,Wellington Region,Porirua City
2024,2964,Porirua School,15.0,12.766700000000002,Contributing (Year 1-6),State,Lower Hutt Office,Wellington,Wellington Region,Porirua City
2024,2965,Poroutawhao School,7.0,6.306,Full Primary (Year 1-8),State,Lower Hutt Office,Wellington,Manawatū-Whanganui Region,Horowhenua District
2024,2966,Postgate School,21.0,17.0092,Full Primary (Year 1-8),State,Lower Hutt Office,Wellington,Wellington Region,Porirua City
2024,2967,Pukerua Bay School,10.0,9.6389,Full Primary (Year 1-8),State,Lower Hutt Office,Wellington,Wellington Region,Porirua City
2024,2968,Maungaraki School,27.0,21.4611,Full Primary (Year 1-8),State,Lower Hutt Office,Wellington,Wellington Region,Lower Hutt City
2024,2969,Randwick School,12.0,8.561399999999999,Full Primary (Year 1-8),State,Lower Hutt Office,Wellington,Wellington Region,Lower Hutt City
2024,2970,Rangikura School,22.0,20.7737,Full Primary (Year 1-8),State,Lower Hutt Office,Wellington,Wellington Region,Porirua City
2024,2971,Rapaura School,9.0,8.0566,Full Primary (Year 1-8),State,Nelson Office,Nelson/Marlborough/West Coast,Marlborough Region,Marlborough District
2024,2972,Raroa Normal Intermediate,43.0,35.69040000000001,Intermediate (Year 7 & 8),State,Lower Hutt Office,Wellington,Wellington Region,Wellington City
2024,2973,Rata Street School,21.0,18.8093,Contributing (Year 1-6),State,Lower Hutt Office,Wellington,Wellington Region,Lower Hutt City
2024,2974,Raumati Beach School,49.0,41.5264,Full Primary (Year 1-8),State,Lower Hutt Office,Wellington,Wellington Region,Kapiti Coast District
2024,2975,Raumati South School,23.0,20.5415,Full Primary (Year 1-8),State,Lower Hutt Office,Wellington,Wellington Region,Kapiti Coast District
2024,2976,Redwood School (Tawa),24.0,21.2098,Contributing (Year 1-6),State,Lower Hutt Office,Wellington,Wellington Region,Wellington City
2024,2977,Redwoodtown School,23.0,19.140500000000003,Full Primary (Year 1-8),State,Nelson Office,Nelson/Marlborough/West Coast,Marlborough Region,Marlborough District
2024,2978,Renwick School,46.0,38.1477,Full Primary (Year 1-8),State,Nelson Office,Nelson/Marlborough/West Coast,Marlborough Region,Marlborough District
2024,2979,Rewa Rewa School,11.0,8.7296,Contributing (Year 1-6),State,Lower Hutt Office,Wellington,Wellington Region,Wellington City
2024,2980,Te Kura o Tawatawa - Ridgway School,17.0,13.0057,Full Primary (Year 1-8),State,Lower Hutt Office,Wellington,Wellington Region,Wellington City
2024,2981,Riverlands School,18.0,13.0306,Full Primary (Year 1-8),State,Nelson Office,Nelson/Marlborough/West Coast,Marlborough Region,Marlborough District
2024,2982,Roseneath School,6.0,5.7306,Full Primary (Year 1-8),State,Lower Hutt Office,Wellington,Wellington Region,Wellington City
2024,2983,Russell School (Porirua East),9.0,8.6557,Contributing (Year 1-6),State,Lower Hutt Office,Wellington,Wellington Region,Porirua City
2024,2984,Sacred Heart School (Petone),13.0,10.331,Full Primary (Year 1-8),State : Integrated,Lower Hutt Office,Wellington,Wellington Region,Lower Hutt City
2024,2985,Sacred Heart Cathedral School,15.0,12.5083,Full Primary (Year 1-8),State : Integrated,Lower Hutt Office,Wellington,Wellington Region,Wellington City
2024,2987,Seatoun School,27.0,23.3187,Full Primary (Year 1-8),State,Lower Hutt Office,Wellington,Wellington Region,Wellington City
2024,2988,Seddon School,10.0,8.318800000000001,Full Primary (Year 1-8),State,Nelson Office,Nelson/Marlborough/West Coast,Marlborough Region,Marlborough District
2024,2989,Shannon School,7.0,6.5173000000000005,Full Primary (Year 1-8),State,Lower Hutt Office,Wellington,Manawatū-Whanganui Region,Horowhenua District
2024,2990,Silverstream School,39.0,31.5467,Contributing (Year 1-6),State,Lower Hutt Office,Wellington,Wellington Region,Upper Hutt City
2024,2991,Solway School,19.0,15.9343,Contributing (Year 1-6),State,Lower Hutt Office,Wellington,Wellington Region,Masterton District
2024,2992,South End School,18.0,13.092200000000002,Full Primary (Year 1-8),State,Lower Hutt Office,Wellington,Wellington Region,Carterton District
2024,2993,South Featherston School,6.0,4.6544,Full Primary (Year 1-8),State,Lower Hutt Office,Wellington,Wellington Region,South Wairarapa District
2024,2994,South Wellington Intermediate,24.0,22.2903,Intermediate (Year 7 & 8),State,Lower Hutt Office,Wellington,Wellington Region,Wellington City
2024,2995,Spring Creek School,5.0,3.3339,Contributing (Year 1-6),State,Nelson Office,Nelson/Marlborough/West Coast,Marlborough Region,Marlborough District
2024,2996,Springlands School,29.0,22.155,Contributing (Year 1-6),State,Nelson Office,Nelson/Marlborough/West Coast,Marlborough Region,Marlborough District
2024,2997,St Annes School (Newtown),12.0,10.0646,Full Primary (Year 1-8),State : Integrated,Lower Hutt Office,Wellington,Wellington Region,Wellington City
2024,2998,St Anthony's School (Pahiatua),9.0,7.473800000000001,Full Primary (Year 1-8),State : Integrated,Lower Hutt Office,Wellington,Manawatū-Whanganui Region,Tararua District
2024,2999,St Anthony's School (Seatoun),5.0,3.8692,Full Primary (Year 1-8),State : Integrated,Lower Hutt Office,Wellington,Wellington Region,Wellington City
2024,3000,St Benedict's School (Khandallah),16.0,13.7664,Full Primary (Year 1-8),State : Integrated,Lower Hutt Office,Wellington,Wellington Region,Wellington City
2024,3001,St Bernadette's School (Naenae),6.0,5.6672,Full Primary (Year 1-8),State : Integrated,Lower Hutt Office,Wellington,Wellington Region,Lower Hutt City
2024,3004,St Brendan's School (Heretaunga),19.0,15.437800000000005,Full Primary (Year 1-8),State : Integrated,Lower Hutt Office,Wellington,Wellington Region,Upper Hutt City
2024,3005,St Brigids School (Johnsonville),25.0,18.419,Full Primary (Year 1-8),State : Integrated,Lower Hutt Office,Wellington,Wellington Region,Wellington City
2024,3006,St Francis De Sales School (Is Bay),18.0,13.2345,Full Primary (Year 1-8),State : Integrated,Lower Hutt Office,Wellington,Wellington Region,Wellington City
2024,3007,St Francis Xavier School (Tawa),11.0,9.1615,Contributing (Year 1-6),State : Integrated,Lower Hutt Office,Wellington,Wellington Region,Wellington City
2024,3008,St Joseph's School (Levin),12.0,9.8965,Full Primary (Year 1-8),State : Integrated,Lower Hutt Office,Wellington,Manawatū-Whanganui Region,Horowhenua District
2024,3011,St Joseph's School (Upper Hutt),35.0,30.4197,Full Primary (Year 1-8),State : Integrated,Lower Hutt Office,Wellington,Wellington Region,Upper Hutt City
2024,3012,St Mary's School (Blenheim),12.0,8.9806,Full Primary (Year 1-8),State : Integrated,Nelson Office,Nelson/Marlborough/West Coast,Marlborough Region,Marlborough District
2024,3013,St Mary's School (Carterton),10.0,8.4858,Full Primary (Year 1-8),State : Integrated,Lower Hutt Office,Wellington,Wellington Region,Carterton District
2024,3015,St Michael's School (Taita),10.0,8.1143,Full Primary (Year 1-8),State : Integrated,Lower Hutt Office,Wellington,Wellington Region,Lower Hutt City
2024,3016,St Patrick's School (Masterton),19.0,16.017,Contributing (Year 1-6),State : Integrated,Lower Hutt Office,Wellington,Wellington Region,Masterton District
2024,3017,Our Lady of Kapiti School,18.0,14.39,Full Primary (Year 1-8),State : Integrated,Lower Hutt Office,Wellington,Wellington Region,Kapiti Coast District
2024,3018,St Claudine Thevenet School,16.0,12.4557,Full Primary (Year 1-8),State : Integrated,Lower Hutt Office,Wellington,Wellington Region,Lower Hutt City
2024,3019,St Patrick's School (Kilbirnie),7.0,5.2933,Full Primary (Year 1-8),State : Integrated,Lower Hutt Office,Wellington,Wellington Region,Wellington City
2024,3020,St Peter Chanel School (Otaki),3.0,2.1676,Full Primary (Year 1-8),State : Integrated,Lower Hutt Office,Wellington,Wellington Region,Kapiti Coast District
2024,3021,Sts Peter and Paul School (L Hutt),32.0,25.1866,Full Primary (Year 1-8),State : Integrated,Lower Hutt Office,Wellington,Wellington Region,Lower Hutt City
2024,3022,St Pius X School (Titahi Bay),4.0,3.8254,Contributing (Year 1-6),State : Integrated,Lower Hutt Office,Wellington,Wellington Region,Porirua City
2024,3023,St Teresa's School (Featherston),7.0,6.9171,Full Primary (Year 1-8),State : Integrated,Lower Hutt Office,Wellington,Wellington Region,South Wairarapa District
2024,3024,St Teresa's School (Karori),11.0,7.8317,Full Primary (Year 1-8),State : Integrated,Lower Hutt Office,Wellington,Wellington Region,Wellington City
2024,3025,St Theresa's School (Plimmerton),15.0,12.8129,Contributing (Year 1-6),State : Integrated,Lower Hutt Office,Wellington,Wellington Region,Porirua City
2024,3029,Tairangi School,56.0,50.9423,Full Primary (Year 1-8),State,Lower Hutt Office,Wellington,Wellington Region,Porirua City
2024,3030,Taita Central School,14.0,9.6145,Contributing (Year 1-6),State,Lower Hutt Office,Wellington,Wellington Region,Lower Hutt City
2024,3031,Avalon Intermediate,21.0,18.091800000000003,Intermediate (Year 7 & 8),State,Lower Hutt Office,Wellington,Wellington Region,Lower Hutt City
2024,3032,Taitoko School,13.0,12.5989,Full Primary (Year 1-8),State,Lower Hutt Office,Wellington,Manawatū-Whanganui Region,Horowhenua District
2024,3034,Tawa Intermediate,34.0,28.3059,Intermediate (Year 7 & 8),State,Lower Hutt Office,Wellington,Wellington Region,Wellington City
2024,3035,Tawa School,25.0,21.5148,Full Primary (Year 1-8),State,Lower Hutt Office,Wellington,Wellington Region,Wellington City
2024,3036,Tawhai School,23.0,19.8936,Contributing (Year 1-6),State,Lower Hutt Office,Wellington,Wellington Region,Lower Hutt City
2024,3037,Te Aro School,19.0,14.4532,Full Primary (Year 1-8),State,Lower Hutt Office,Wellington,Wellington Region,Wellington City
2024,3038,Te Horo School (Otaki),16.0,12.836399999999998,Full Primary (Year 1-8),State,Lower Hutt Office,Wellington,Wellington Region,Kapiti Coast District
2024,3040,Thorndon School,23.0,18.0798,Full Primary (Year 1-8),State,Lower Hutt Office,Wellington,Wellington Region,Wellington City
2024,3041,Tinui School,4.0,3.1151,Full Primary (Year 1-8),State,Lower Hutt Office,Wellington,Wellington Region,Masterton District
2024,3043,Titahi Bay Intermediate,13.0,10.6061,Intermediate (Year 7 & 8),State,Lower Hutt Office,Wellington,Wellington Region,Porirua City
2024,3044,Titahi Bay North School,11.0,9.1264,Full Primary (Year 1-8),State,Lower Hutt Office,Wellington,Wellington Region,Porirua City
2024,3045,Titahi Bay School,27.0,21.931400000000004,Contributing (Year 1-6),State,Lower Hutt Office,Wellington,Wellington Region,Porirua City
2024,3046,Tokomaru School,7.0,6.1755,Full Primary (Year 1-8),State,Whanganui Office,Taranaki/Whanganui/Manawatū,Manawatū-Whanganui Region,Horowhenua District
2024,3048,Totara Park School,15.0,13.4621,Contributing (Year 1-6),State,Lower Hutt Office,Wellington,Wellington Region,Upper Hutt City
2024,3050,Tua Marina School,9.0,6.9026,Full Primary (Year 1-8),State,Nelson Office,Nelson/Marlborough/West Coast,Marlborough Region,Marlborough District
2024,3051,Tui Glen School,14.0,11.835,Full Primary (Year 1-8),State,Lower Hutt Office,Wellington,Wellington Region,Lower Hutt City
2024,3053,Upper Hutt School,32.0,27.2317,Contributing (Year 1-6),State,Lower Hutt Office,Wellington,Wellington Region,Upper Hutt City
2024,3055,Wadestown School,17.0,15.157999999999998,Full Primary (Year 1-8),State,Lower Hutt Office,Wellington,Wellington Region,Wellington City
2024,3056,Waikanae School,40.0,30.761800000000004,Full Primary (Year 1-8),State,Lower Hutt Office,Wellington,Wellington Region,Kapiti Coast District
2024,3057,Waikawa Bay School,12.0,9.7558,Contributing (Year 1-6),State,Nelson Office,Nelson/Marlborough/West Coast,Marlborough Region,Marlborough District
2024,3059,Wainuiomata Primary School,17.0,13.925,Contributing (Year 1-6),State,Lower Hutt Office,Wellington,Wellington Region,Lower Hutt City
2024,3060,Wainuioru School,7.0,4.9255,Full Primary (Year 1-8),State,Lower Hutt Office,Wellington,Wellington Region,Masterton District
2024,3062,Wairau Valley School (Blenheim),3.0,2.3937,Full Primary (Year 1-8),State,Nelson Office,Nelson/Marlborough/West Coast,Marlborough Region,Marlborough District
2024,3064,Waitaria Bay School,3.0,1.3016,Full Primary (Year 1-8),State,Nelson Office,Nelson/Marlborough/West Coast,Marlborough Region,Marlborough District
2024,3065,Waitohu School,16.0,14.0142,Contributing (Year 1-6),State,Lower Hutt Office,Wellington,Wellington Region,Kapiti Coast District
2024,3067,Ward School,6.0,4.5818,Full Primary (Year 1-8),State,Nelson Office,Nelson/Marlborough/West Coast,Marlborough Region,Marlborough District
2024,3068,Waterloo School,30.0,26.3302,Contributing (Year 1-6),State,Lower Hutt Office,Wellington,Wellington Region,Lower Hutt City
2024,3070,Whareama School,6.0,4.2549,Full Primary (Year 1-8),State,Lower Hutt Office,Wellington,Wellington Region,Masterton District
2024,3071,Whitney Street School,26.0,21.1667,Contributing (Year 1-6),State,Nelson Office,Nelson/Marlborough/West Coast,Marlborough Region,Marlborough District
2024,3072,Wilford School,15.0,13.2351,Full Primary (Year 1-8),State,Lower Hutt Office,Wellington,Wellington Region,Lower Hutt City
2024,3073,Ōtari School,18.0,13.7421,Full Primary (Year 1-8),State,Lower Hutt Office,Wellington,Wellington Region,Wellington City
2024,3074,Windley School,14.0,13.6111,Full Primary (Year 1-8),State,Lower Hutt Office,Wellington,Wellington Region,Porirua City
2024,3075,Witherlea School,27.0,21.0872,Contributing (Year 1-6),State,Nelson Office,Nelson/Marlborough/West Coast,Marlborough Region,Marlborough District
2024,3077,Worser Bay School,8.0,7.8055,Contributing (Year 1-6),State,Lower Hutt Office,Wellington,Wellington Region,Wellington City
2024,3100,TKKM o Te Hiringa,15.0,13.1078,Composite (Year 1-15),State,Hamilton Office,Waikato,Waikato Region,South Waikato District
2024,3101,Te Kura ā Iwi o Whakatupuranga Rua Mano,20.0,18.8957,Composite (Year 1-15),State,Lower Hutt Office,Wellington,Wellington Region,Kapiti Coast District
2024,3102,TKKM o Waiuku,1.0,0.8745,Full Primary (Year 1-8),State,Auckland Office,Tāmaki Herenga Waka,Auckland Region,Auckland
2024,3103,TKKM o Hurungaterangi,11.0,9.3994,Composite (Year 1-15),State,Rotorua Office,Bay of Plenty/Waiariki,Bay of Plenty Region,Rotorua District
2024,3104,TKKM o Te Kotuku,17.0,13.4233,Full Primary (Year 1-8),State,Auckland Office,Tāmaki Herenga Tāngata,Auckland Region,Auckland
2024,3106,TKKM o Whangaroa,10.0,8.2327,Composite (Year 1-15),State,Whangarei Office,Tai Tokerau,Northland Region,Far North District
2024,3107,TKKM o Te Ara Hou,27.0,23.2892,Composite (Year 1-15),State,Napier Office,Hawke's Bay/Tairāwhiti,Hawke's Bay Region,Napier City
2024,3113,Te Wharekura o Manurewa,9.0,7.8521,Secondary (Year 9-15),State,Auckland Office,Tāmaki Herenga Waka,Auckland Region,Auckland
2024,3114,TKKM o Pukemiro,19.0,14.3846,Composite (Year 1-15),State,Whangarei Office,Tai Tokerau,Northland Region,Far North District
2024,3115,Te Wharekura o Te Rau Aroha,13.0,11.7892,Composite (Year 1-15),State,Hamilton Office,Waikato,Waikato Region,Matamata-Piako District
2024,3117,Te Kura Kaupapa Māori o Hokianga,22.0,16.8955,Composite (Year 1-15),State,Whangarei Office,Tai Tokerau,Northland Region,Far North District
2024,3118,Te Kura Kaupapa Maori o Taumarunui,4.0,3.4477,Full Primary (Year 1-8),State,Hamilton Office,Waikato,Manawatū-Whanganui Region,Ruapehu District
2024,3119,TKKM o Kawakawa mai Tawhiti,26.0,21.1734,Composite (Year 1-15),State,Napier Office,Hawke's Bay/Tairāwhiti,Gisborne Region,Gisborne District
2024,3180,Appleby School,8.0,6.5139000000000005,Full Primary (Year 1-8),State,Nelson Office,Nelson/Marlborough/West Coast,Tasman Region,Tasman District
2024,3181,Auckland Point School,9.0,7.8988,Contributing (Year 1-6),State,Nelson Office,Nelson/Marlborough/West Coast,Nelson Region,Nelson City
2024,3182,Birchwood School,19.0,15.305099999999998,Contributing (Year 1-6),State,Nelson Office,Nelson/Marlborough/West Coast,Nelson Region,Nelson City
2024,3183,Brightwater School,23.0,17.0364,Contributing (Year 1-6),State,Nelson Office,Nelson/Marlborough/West Coast,Tasman Region,Tasman District
2024,3184,Broadgreen Intermediate,40.0,30.7419,Intermediate (Year 7 & 8),State,Nelson Office,Nelson/Marlborough/West Coast,Nelson Region,Nelson City
2024,3185,Brooklyn School (Motueka),9.0,8.151299999999999,Full Primary (Year 1-8),State,Nelson Office,Nelson/Marlborough/West Coast,Tasman Region,Tasman District
2024,3186,Canvastown School,7.0,4.1604,Full Primary (Year 1-8),State,Nelson Office,Nelson/Marlborough/West Coast,Marlborough Region,Marlborough District
2024,3187,Clifton Terrace School,18.0,15.1379,Contributing (Year 1-6),State,Nelson Office,Nelson/Marlborough/West Coast,Nelson Region,Nelson City
2024,3188,Dovedale School,3.0,2.7214,Full Primary (Year 1-8),State,Nelson Office,Nelson/Marlborough/West Coast,Tasman Region,Tasman District
2024,3189,Enner Glynn School,24.0,18.704699999999995,Contributing (Year 1-6),State,Nelson Office,Nelson/Marlborough/West Coast,Nelson Region,Nelson City
2024,3192,Granity School,4.0,2.8531000000000004,Full Primary (Year 1-8),State,Nelson Office,Nelson/Marlborough/West Coast,West Coast Region,Buller District
2024,3193,Hampden Street School,36.0,26.885900000000003,Contributing (Year 1-6),State,Nelson Office,Nelson/Marlborough/West Coast,Nelson Region,Nelson City
2024,3194,Henley School (Nelson),32.0,27.554,Contributing (Year 1-6),State,Nelson Office,Nelson/Marlborough/West Coast,Tasman Region,Tasman District
2024,3195,Hira School,4.0,3.77,Contributing (Year 1-6),State,Nelson Office,Nelson/Marlborough/West Coast,Nelson Region,Nelson City
2024,3196,Hope School,7.0,6.1206,Contributing (Year 1-6),State,Nelson Office,Nelson/Marlborough/West Coast,Tasman Region,Tasman District
2024,3199,Lake Rotoiti School,2.0,2.0,Full Primary (Year 1-8),State,Nelson Office,Nelson/Marlborough/West Coast,Tasman Region,Tasman District
2024,3200,Lower Moutere School,22.0,14.0032,Full Primary (Year 1-8),State,Nelson Office,Nelson/Marlborough/West Coast,Tasman Region,Tasman District
2024,3201,Mahana School,6.0,4.7349,Full Primary (Year 1-8),State,Nelson Office,Nelson/Marlborough/West Coast,Tasman Region,Tasman District
2024,3202,Maitai School,27.0,19.4232,Specialist School,State,Nelson Office,Nelson/Marlborough/West Coast,Nelson Region,Nelson City
2024,3203,Mapua School,20.0,15.525499999999996,Full Primary (Year 1-8),State,Nelson Office,Nelson/Marlborough/West Coast,Tasman Region,Tasman District
2024,3204,Maruia School,3.0,2.2655,Full Primary (Year 1-8),State,Nelson Office,Nelson/Marlborough/West Coast,West Coast Region,Buller District
2024,3206,Motueka South School,18.0,15.6172,Full Primary (Year 1-8),State,Nelson Office,Nelson/Marlborough/West Coast,Tasman Region,Tasman District
2024,3207,Motupipi School,8.0,5.3699,Contributing (Year 1-6),State,Nelson Office,Nelson/Marlborough/West Coast,Tasman Region,Tasman District
2024,3208,Nayland Primary School,27.0,22.6421,Contributing (Year 1-6),State,Nelson Office,Nelson/Marlborough/West Coast,Nelson Region,Nelson City
2024,3209,Nelson Central School,56.0,48.38120000000001,Contributing (Year 1-6),State,Nelson Office,Nelson/Marlborough/West Coast,Nelson Region,Nelson City
2024,3210,Nelson Intermediate,33.0,28.505199999999995,Intermediate (Year 7 & 8),State,Nelson Office,Nelson/Marlborough/West Coast,Nelson Region,Nelson City
2024,3212,Ngatimoti School,6.0,5.582,Full Primary (Year 1-8),State,Nelson Office,Nelson/Marlborough/West Coast,Tasman Region,Tasman District
2024,3213,Parklands School (Motueka),23.0,19.6279,Full Primary (Year 1-8),State,Nelson Office,Nelson/Marlborough/West Coast,Tasman Region,Tasman District
2024,3214,Ranzau School,10.0,8.4068,Contributing (Year 1-6),State,Nelson Office,Nelson/Marlborough/West Coast,Tasman Region,Tasman District
2024,3216,Richmond School (Nelson),34.0,28.378000000000004,Contributing (Year 1-6),State,Nelson Office,Nelson/Marlborough/West Coast,Tasman Region,Tasman District
2024,3217,Riwaka School,13.0,11.1457,Full Primary (Year 1-8),State,Nelson Office,Nelson/Marlborough/West Coast,Tasman Region,Tasman District
2024,3219,Sacred Heart School (Reefton),5.0,2.8533,Full Primary (Year 1-8),State : Integrated,Nelson Office,Nelson/Marlborough/West Coast,West Coast Region,Buller District
2024,3220,St Canice's School (Westport),11.0,8.331199999999999,Full Primary (Year 1-8),State : Integrated,Nelson Office,Nelson/Marlborough/West Coast,West Coast Region,Buller District
2024,3221,St Joseph's School (Nelson),23.0,19.5849,Full Primary (Year 1-8),State : Integrated,Nelson Office,Nelson/Marlborough/West Coast,Nelson Region,Nelson City
2024,3222,St Peter Chanel School (Motueka),5.0,4.3758,Full Primary (Year 1-8),State : Integrated,Nelson Office,Nelson/Marlborough/West Coast,Tasman Region,Tasman District
2024,3223,Stoke School,15.0,12.7433,Contributing (Year 1-6),State,Nelson Office,Nelson/Marlborough/West Coast,Nelson Region,Nelson City
2024,3224,Tahunanui School,19.0,15.0893,Contributing (Year 1-6),State,Nelson Office,Nelson/Marlborough/West Coast,Nelson Region,Nelson City
2024,3225,Central Takaka School,4.0,3.0301,Contributing (Year 1-6),State,Nelson Office,Nelson/Marlborough/West Coast,Tasman Region,Tasman District
2024,3226,Takaka Primary School,12.0,8.977,Contributing (Year 1-6),State,Nelson Office,Nelson/Marlborough/West Coast,Tasman Region,Tasman District
2024,3228,Tasman School,8.0,6.4014,Full Primary (Year 1-8),State,Nelson Office,Nelson/Marlborough/West Coast,Tasman Region,Tasman District
2024,3229,Upper Moutere School,8.0,6.1353,Full Primary (Year 1-8),State,Nelson Office,Nelson/Marlborough/West Coast,Tasman Region,Tasman District
2024,3231,Victory Primary School,29.0,23.015,Contributing (Year 1-6),State,Nelson Office,Nelson/Marlborough/West Coast,Nelson Region,Nelson City
2024,3233,Waimea Intermediate,39.0,35.371100000000006,Intermediate (Year 7 & 8),State,Nelson Office,Nelson/Marlborough/West Coast,Tasman Region,Tasman District
2024,3234,Wakefield School,17.0,14.6556,Full Primary (Year 1-8),State,Nelson Office,Nelson/Marlborough/West Coast,Tasman Region,Tasman District
2024,3235,Westport North School,21.0,14.8472,Full Primary (Year 1-8),State,Nelson Office,Nelson/Marlborough/West Coast,West Coast Region,Buller District
2024,3236,Westport South School,17.0,13.6766,Full Primary (Year 1-8),State,Nelson Office,Nelson/Marlborough/West Coast,West Coast Region,Buller District
2024,3270,Sacred Heart School (Christchurch),12.0,10.9537,Full Primary (Year 1-8),State : Integrated,Christchurch Office,Canterbury/Chatham Islands,Canterbury Region,Christchurch City
2024,3271,Addington Te Kura Taumatua,31.0,23.9473,Contributing (Year 1-6),State,Christchurch Office,Canterbury/Chatham Islands,Canterbury Region,Christchurch City
2024,3273,Albury School,4.0,3.0283,Contributing (Year 1-6),State,Christchurch Office,Canterbury/Chatham Islands,Canterbury Region,Mackenzie District
2024,3274,Allenton School,30.0,24.2128,Contributing (Year 1-6),State,Christchurch Office,Canterbury/Chatham Islands,Canterbury Region,Ashburton District
2024,3275,Pītau-Allenvale School,47.0,40.78360000000001,Specialist School,State,Christchurch Office,Canterbury/Chatham Islands,Canterbury Region,Christchurch City
2024,3276,Amberley School,18.0,13.6436,Full Primary (Year 1-8),State,Christchurch Office,Canterbury/Chatham Islands,Canterbury Region,Hurunui District
2024,3280,Arowhenua Maori School,4.0,3.5127,Full Primary (Year 1-8),State,Christchurch Office,Canterbury/Chatham Islands,Canterbury Region,Timaru District
2024,3281,Ashburton Borough School,22.0,17.1232,Full Primary (Year 1-8),State,Christchurch Office,Canterbury/Chatham Islands,Canterbury Region,Ashburton District
2024,3282,Ashburton Intermediate,29.0,27.0967,Intermediate (Year 7 & 8),State,Christchurch Office,Canterbury/Chatham Islands,Canterbury Region,Ashburton District
2024,3283,Ashburton Netherby School,18.0,12.5366,Contributing (Year 1-6),State,Christchurch Office,Canterbury/Chatham Islands,Canterbury Region,Ashburton District
2024,3284,Tūtira Ashgrove School,30.0,23.1571,Full Primary (Year 1-8),State,Christchurch Office,Canterbury/Chatham Islands,Canterbury Region,Waimakariri District
2024,3285,Ashley Rakahuri School,12.0,10.0595,Full Primary (Year 1-8),State,Christchurch Office,Canterbury/Chatham Islands,Canterbury Region,Waimakariri District
2024,3287,Avonhead School - Rakipaoa,40.0,31.649799999999995,Full Primary (Year 1-8),State,Christchurch Office,Canterbury/Chatham Islands,Canterbury Region,Christchurch City
2024,3288,Ngutuawa School,12.0,9.8767,Full Primary (Year 1-8),State,Christchurch Office,Canterbury/Chatham Islands,Canterbury Region,Christchurch City
2024,3289,Pareawa Banks Avenue School,26.0,22.3178,Contributing (Year 1-6),State,Christchurch Office,Canterbury/Chatham Islands,Canterbury Region,Christchurch City
2024,3290,Barrytown School,5.0,3.4626,Full Primary (Year 1-8),State,Nelson Office,Nelson/Marlborough/West Coast,West Coast Region,Grey District
2024,3291,Beckenham Te Kura o Pūroto,33.0,28.17,Full Primary (Year 1-8),State,Christchurch Office,Canterbury/Chatham Islands,Canterbury Region,Christchurch City
2024,3292,Pūtahi Belfast School,35.0,28.138500000000004,Full Primary (Year 1-8),State,Christchurch Office,Canterbury/Chatham Islands,Canterbury Region,Christchurch City
2024,3293,Bishopdale School Te Kura o Papakōhatu,13.0,10.5894,Contributing (Year 1-6),State,Christchurch Office,Canterbury/Chatham Islands,Canterbury Region,Christchurch City
2024,3295,Blaketown School,7.0,5.3889,Full Primary (Year 1-8),State,Nelson Office,Nelson/Marlborough/West Coast,West Coast Region,Grey District
2024,3299,Breens Intermediate,24.0,20.5452,Intermediate (Year 7 & 8),State,Christchurch Office,Canterbury/Chatham Islands,Canterbury Region,Christchurch City
2024,3301,Broadfield School,11.0,9.0548,Full Primary (Year 1-8),State,Christchurch Office,Canterbury/Chatham Islands,Canterbury Region,Selwyn District
2024,3302,Bromley School,29.0,24.1064,Contributing (Year 1-6),State,Christchurch Office,Canterbury/Chatham Islands,Canterbury Region,Christchurch City
2024,3303,Broomfield School,10.0,6.860399999999999,Full Primary (Year 1-8),State,Christchurch Office,Canterbury/Chatham Islands,Canterbury Region,Hurunui District
2024,3304,Burnham School - Te Kura o Tiori,16.0,12.8801,Full Primary (Year 1-8),State,Christchurch Office,Canterbury/Chatham Islands,Canterbury Region,Selwyn District
2024,3305,Tuia Burnside Primary School,30.0,22.6782,Contributing (Year 1-6),State,Christchurch Office,Canterbury/Chatham Islands,Canterbury Region,Christchurch City
2024,3307,Cannington School,2.0,1.6259,Full Primary (Year 1-8),State,Christchurch Office,Canterbury/Chatham Islands,Canterbury Region,Mackenzie District
2024,3308,Carew Peel Forest School,6.0,5.1337,Contributing (Year 1-6),State,Christchurch Office,Canterbury/Chatham Islands,Canterbury Region,Ashburton District
2024,3309,Casebrook Intermediate,65.0,56.93530000000001,Intermediate (Year 7 & 8),State,Christchurch Office,Canterbury/Chatham Islands,Canterbury Region,Christchurch City
2024,3310,Cashmere Primary Te Pae Kererū,28.0,21.2994,Full Primary (Year 1-8),State,Christchurch Office,Canterbury/Chatham Islands,Canterbury Region,Christchurch City
2024,3313,Chertsey School,4.0,3.9117,Contributing (Year 1-6),State,Christchurch Office,Canterbury/Chatham Islands,Canterbury Region,Ashburton District
2024,3314,Chisnallwood Intermediate,39.0,33.49829999999999,Intermediate (Year 7 & 8),State,Christchurch Office,Canterbury/Chatham Islands,Canterbury Region,Christchurch City
2024,3316,Christ The King School (Burnside),21.0,17.0876,Full Primary (Year 1-8),State : Integrated,Christchurch Office,Canterbury/Chatham Islands,Canterbury Region,Christchurch City
2024,3317,Christchurch East School,30.0,25.4925,Full Primary (Year 1-8),State,Christchurch Office,Canterbury/Chatham Islands,Canterbury Region,Christchurch City
2024,3318,Christchurch South Karamata Intermediate School,30.0,26.8327,Intermediate (Year 7 & 8),State,Christchurch Office,Canterbury/Chatham Islands,Canterbury Region,Christchurch City
2024,3321,Clarkville Te Kura ki Waimātao,15.0,12.0429,Full Primary (Year 1-8),State,Christchurch Office,Canterbury/Chatham Islands,Canterbury Region,Waimakariri District
2024,3322,Cobden School,19.0,18.3591,Full Primary (Year 1-8),State,Nelson Office,Nelson/Marlborough/West Coast,West Coast Region,Grey District
2024,3323,Wairarapa Cobham Intermediate,39.0,33.7219,Intermediate (Year 7 & 8),State,Christchurch Office,Canterbury/Chatham Islands,Canterbury Region,Christchurch City
2024,3324,Cotswold Mātāhae School,37.0,29.401000000000003,Contributing (Year 1-6),State,Christchurch Office,Canterbury/Chatham Islands,Canterbury Region,Christchurch City
2024,3325,Cust School,15.0,8.715900000000001,Full Primary (Year 1-8),State,Christchurch Office,Canterbury/Chatham Islands,Canterbury Region,Waimakariri District
2024,3326,Darfield School,19.0,16.3223,Contributing (Year 1-6),State,Christchurch Office,Canterbury/Chatham Islands,Canterbury Region,Selwyn District
2024,3327,Diamond Harbour School,9.0,8.0249,Full Primary (Year 1-8),State,Christchurch Office,Canterbury/Chatham Islands,Canterbury Region,Christchurch City
2024,3329,Dorie School,6.0,4.8906,Full Primary (Year 1-8),State,Christchurch Office,Canterbury/Chatham Islands,Canterbury Region,Ashburton District
2024,3331,Dunsandel School,9.0,7.3721,Contributing (Year 1-6),State,Christchurch Office,Canterbury/Chatham Islands,Canterbury Region,Selwyn District
2024,3332,Duvauchelle School,4.0,3.3258,Contributing (Year 1-6),State,Christchurch Office,Canterbury/Chatham Islands,Canterbury Region,Christchurch City
2024,3334,Elmwood Normal School,35.0,29.3543,Contributing (Year 1-6),State,Christchurch Office,Canterbury/Chatham Islands,Canterbury Region,Christchurch City
2024,3335,Fairlie School,11.0,8.2544,Contributing (Year 1-6),State,Christchurch Office,Canterbury/Chatham Islands,Canterbury Region,Mackenzie District
2024,3336,Fairton School,3.0,2.643,Contributing (Year 1-6),State,Christchurch Office,Canterbury/Chatham Islands,Canterbury Region,Ashburton District
2024,3338,Tūora Fendalton School,26.0,21.574100000000005,Contributing (Year 1-6),State,Christchurch Office,Canterbury/Chatham Islands,Canterbury Region,Christchurch City
2024,3339,Ferndale Te Ahu,44.0,38.043,Specialist School,State,Christchurch Office,Canterbury/Chatham Islands,Canterbury Region,Christchurch City
2024,3340,Fernside School,22.0,16.669600000000003,Full Primary (Year 1-8),State,Christchurch Office,Canterbury/Chatham Islands,Canterbury Region,Waimakariri District
2024,3342,Fox Glacier School,3.0,2.5,Full Primary (Year 1-8),State,Nelson Office,Nelson/Marlborough/West Coast,West Coast Region,Westland District
2024,3343,Franz Josef Glacier School,4.0,3.3279,Full Primary (Year 1-8),State,Nelson Office,Nelson/Marlborough/West Coast,West Coast Region,Westland District
2024,3346,Gilberthorpe School,18.0,14.9339,Contributing (Year 1-6),State,Christchurch Office,Canterbury/Chatham Islands,Canterbury Region,Christchurch City
2024,3347,Gleniti School,30.0,23.096899999999994,Full Primary (Year 1-8),State,Christchurch Office,Canterbury/Chatham Islands,Canterbury Region,Timaru District
2024,3348,Glenavy School,9.0,8.0849,Full Primary (Year 1-8),State,Christchurch Office,Canterbury/Chatham Islands,Canterbury Region,Waimate District
2024,3352,Glentunnel School,10.0,6.814299999999999,Contributing (Year 1-6),State,Christchurch Office,Canterbury/Chatham Islands,Canterbury Region,Selwyn District
2024,3354,Te Kura o Ōhinetahi - Governors Bay,8.0,6.6303,Full Primary (Year 1-8),State,Christchurch Office,Canterbury/Chatham Islands,Canterbury Region,Christchurch City
2024,3357,Greendale School,3.0,2.7947,Contributing (Year 1-6),State,Christchurch Office,Canterbury/Chatham Islands,Canterbury Region,Selwyn District
2024,3359,Greta Valley School,5.0,3.6738,Full Primary (Year 1-8),State,Christchurch Office,Canterbury/Chatham Islands,Canterbury Region,Hurunui District
2024,3361,Greymouth Main School,22.0,17.6487,Full Primary (Year 1-8),State,Nelson Office,Nelson/Marlborough/West Coast,West Coast Region,Grey District
2024,3363,Haast School,2.0,1.6505,Full Primary (Year 1-8),State,Nelson Office,Nelson/Marlborough/West Coast,West Coast Region,Westland District
2024,3366,Te Kura o te Tauawa Halswell School,47.0,38.05819999999999,Full Primary (Year 1-8),State,Christchurch Office,Canterbury/Chatham Islands,Canterbury Region,Christchurch City
2024,3367,Hampstead School,24.0,20.0504,Contributing (Year 1-6),State,Christchurch Office,Canterbury/Chatham Islands,Canterbury Region,Ashburton District
2024,3368,Hanmer Springs School,9.0,6.627000000000001,Full Primary (Year 1-8),State,Christchurch Office,Canterbury/Chatham Islands,Canterbury Region,Hurunui District
2024,3369,Hāpuku School,4.0,2.4779,Full Primary (Year 1-8),State,Nelson Office,Nelson/Marlborough/West Coast,Canterbury Region,Kaikoura District
2024,3370,Harewood School,12.0,10.6721,Contributing (Year 1-6),State,Christchurch Office,Canterbury/Chatham Islands,Canterbury Region,Christchurch City
2024,3371,Heathcote Valley School,13.0,11.4707,Full Primary (Year 1-8),State,Christchurch Office,Canterbury/Chatham Islands,Canterbury Region,Christchurch City
2024,3372,He Tīwai Mātauranga Heaton Normal Intermediate,36.0,30.6085,Intermediate (Year 7 & 8),State,Christchurch Office,Canterbury/Chatham Islands,Canterbury Region,Christchurch City
2024,3373,Highfield School,21.0,18.9525,Full Primary (Year 1-8),State,Christchurch Office,Canterbury/Chatham Islands,Canterbury Region,Timaru District
2024,3375,Hinds School,17.0,13.4504,Full Primary (Year 1-8),State,Christchurch Office,Canterbury/Chatham Islands,Canterbury Region,Ashburton District
2024,3376,Hokitika Primary School,22.0,17.089,Contributing (Year 1-6),State,Nelson Office,Nelson/Marlborough/West Coast,West Coast Region,Westland District
2024,3379,Hoon Hay Te Kura Kōaka,33.0,25.231,Contributing (Year 1-6),State,Christchurch Office,Canterbury/Chatham Islands,Canterbury Region,Christchurch City
2024,3380,Hornby Primary School,20.0,15.7394,Contributing (Year 1-6),State,Christchurch Office,Canterbury/Chatham Islands,Canterbury Region,Christchurch City
2024,3381,Hororata School,6.0,5.5941,Contributing (Year 1-6),State,Christchurch Office,Canterbury/Chatham Islands,Canterbury Region,Selwyn District
2024,3384,Ilam School,29.0,22.9119,Contributing (Year 1-6),State,Christchurch Office,Canterbury/Chatham Islands,Canterbury Region,Christchurch City
2024,3385,Te Kura o Te Mātāpuna Isleworth School,18.0,14.5977,Contributing (Year 1-6),State,Christchurch Office,Canterbury/Chatham Islands,Canterbury Region,Christchurch City
2024,3387,Kaingaroa School (Chatham Islands),2.0,1.3196,Full Primary (Year 1-8),State,Christchurch Office,Canterbury/Chatham Islands,Area Outside Region,Chatham Islands Territory
2024,3388,Kaiapoi Borough School,36.0,28.3319,Full Primary (Year 1-8),State,Christchurch Office,Canterbury/Chatham Islands,Canterbury Region,Waimakariri District
2024,3389,Kaiapoi North School,50.0,43.2809,Full Primary (Year 1-8),State,Christchurch Office,Canterbury/Chatham Islands,Canterbury Region,Waimakariri District
2024,3391,Kaikōura Primary School,10.0,8.8157,Contributing (Year 1-6),State,Nelson Office,Nelson/Marlborough/West Coast,Canterbury Region,Kaikoura District
2024,3392,Kaikōura Suburban School,4.0,3.7353,Contributing (Year 1-6),State,Nelson Office,Nelson/Marlborough/West Coast,Canterbury Region,Kaikoura District
2024,3393,Kaniere School,9.0,7.842300000000001,Contributing (Year 1-6),State,Nelson Office,Nelson/Marlborough/West Coast,West Coast Region,Westland District
2024,3394,Karoro School,11.0,9.4064,Full Primary (Year 1-8),State,Nelson Office,Nelson/Marlborough/West Coast,West Coast Region,Grey District
2024,3396,Kahikatea Kirkwood Intermediate,31.0,22.685800000000004,Intermediate (Year 7 & 8),State,Christchurch Office,Canterbury/Chatham Islands,Canterbury Region,Christchurch City
2024,3397,Kirwee Model School,13.0,9.8217,Contributing (Year 1-6),State,Christchurch Office,Canterbury/Chatham Islands,Canterbury Region,Selwyn District
2024,3398,Kokatahi-Kowhitirangi School,3.0,2.9539,Contributing (Year 1-6),State,Nelson Office,Nelson/Marlborough/West Coast,West Coast Region,Westland District
2024,3401,Kumara School,4.0,3.4466,Full Primary (Year 1-8),State,Nelson Office,Nelson/Marlborough/West Coast,West Coast Region,Westland District
2024,3402,Ladbrooks School,9.0,7.375500000000001,Full Primary (Year 1-8),State,Christchurch Office,Canterbury/Chatham Islands,Canterbury Region,Selwyn District
2024,3406,Lake Tekapo School,4.0,3.0892,Contributing (Year 1-6),State,Christchurch Office,Canterbury/Chatham Islands,Canterbury Region,Mackenzie District
2024,3407,Lauriston School,7.0,6.5243,Contributing (Year 1-6),State,Christchurch Office,Canterbury/Chatham Islands,Canterbury Region,Ashburton District
2024,3410,Leeston School,42.0,36.3947,Contributing (Year 1-6),State,Christchurch Office,Canterbury/Chatham Islands,Canterbury Region,Selwyn District
2024,3411,Leithfield School Te Kura o Kōwai,10.0,7.7957,Full Primary (Year 1-8),State,Christchurch Office,Canterbury/Chatham Islands,Canterbury Region,Hurunui District
2024,3412,Lincoln Primary School,61.0,49.8115,Full Primary (Year 1-8),State,Christchurch Office,Canterbury/Chatham Islands,Canterbury Region,Selwyn District
2024,3413,Te Huarahi Linwood Avenue School,25.0,23.4568,Contributing (Year 1-6),State,Christchurch Office,Canterbury/Chatham Islands,Canterbury Region,Christchurch City
2024,3415,Whītau School,26.0,20.4459,Contributing (Year 1-6),State,Christchurch Office,Canterbury/Chatham Islands,Canterbury Region,Christchurch City
2024,3418,Little River School,5.0,3.9964,Full Primary (Year 1-8),State,Christchurch Office,Canterbury/Chatham Islands,Canterbury Region,Christchurch City
2024,3419,Loburn School,13.0,9.3075,Full Primary (Year 1-8),State,Christchurch Office,Canterbury/Chatham Islands,Canterbury Region,Waimakariri District
2024,3425,Mairehau Primary School,66.0,56.21319999999999,Full Primary (Year 1-8),State,Christchurch Office,Canterbury/Chatham Islands,Canterbury Region,Christchurch City
2024,3426,Makikihi School,4.0,3.3555,Full Primary (Year 1-8),State,Christchurch Office,Canterbury/Chatham Islands,Canterbury Region,Waimate District
2024,3429,Marshland School,36.0,31.4466,Full Primary (Year 1-8),State,Christchurch Office,Canterbury/Chatham Islands,Canterbury Region,Christchurch City
2024,3432,Mayfield School (Mid-Canterbury),7.0,6.3205,Full Primary (Year 1-8),State,Christchurch Office,Canterbury/Chatham Islands,Canterbury Region,Ashburton District
2024,3434,Merrin School Ngā Whetū Kohara,32.0,25.7618,Full Primary (Year 1-8),State,Christchurch Office,Canterbury/Chatham Islands,Canterbury Region,Christchurch City
2024,3436,Methven School,23.0,16.297600000000003,Contributing (Year 1-6),State,Christchurch Office,Canterbury/Chatham Islands,Canterbury Region,Ashburton District
2024,3441,Mt Somers Springburn School,8.0,6.580299999999999,Full Primary (Year 1-8),State,Christchurch Office,Canterbury/Chatham Islands,Canterbury Region,Ashburton District
2024,3442,Aoraki Mount Cook School,3.0,2.6393,Full Primary (Year 1-8),State,Christchurch Office,Canterbury/Chatham Islands,Canterbury Region,Mackenzie District
2024,3443,Mt Pleasant School,22.0,19.2302,Full Primary (Year 1-8),State,Christchurch Office,Canterbury/Chatham Islands,Canterbury Region,Christchurch City
2024,3445,New Brighton Catholic School (Chch),15.0,11.4003,Full Primary (Year 1-8),State : Integrated,Christchurch Office,Canterbury/Chatham Islands,Canterbury Region,Christchurch City
2024,3447,North Loburn School,7.0,5.7208,Full Primary (Year 1-8),State,Christchurch Office,Canterbury/Chatham Islands,Canterbury Region,Waimakariri District
2024,3449,Te Kura o Matarangi - Northcote School,14.0,10.6355,Contributing (Year 1-6),State,Christchurch Office,Canterbury/Chatham Islands,Canterbury Region,Christchurch City
2024,3450,Oaklands Te Kura o Ōwaka,45.0,35.319399999999995,Full Primary (Year 1-8),State,Christchurch Office,Canterbury/Chatham Islands,Canterbury Region,Christchurch City
2024,3451,Ōhoka School,15.0,12.323600000000004,Full Primary (Year 1-8),State,Christchurch Office,Canterbury/Chatham Islands,Canterbury Region,Waimakariri District
2024,3452,Okains Bay School,3.0,1.8965,Full Primary (Year 1-8),State,Christchurch Office,Canterbury/Chatham Islands,Canterbury Region,Christchurch City
2024,3454,Omihi School,7.0,4.4115,Full Primary (Year 1-8),State,Christchurch Office,Canterbury/Chatham Islands,Canterbury Region,Hurunui District
2024,3455,Te Kura o Ōpāwaho – Opawa School,27.0,20.2769,Full Primary (Year 1-8),State,Christchurch Office,Canterbury/Chatham Islands,Canterbury Region,Christchurch City
2024,3461,Our Lady of the Assumption School (Chch),21.0,17.1426,Full Primary (Year 1-8),State : Integrated,Christchurch Office,Canterbury/Chatham Islands,Canterbury Region,Christchurch City
2024,3462,Our Lady of the Snows School (Methven),3.0,2.3514,Full Primary (Year 1-8),State : Integrated,Christchurch Office,Canterbury/Chatham Islands,Canterbury Region,Ashburton District
2024,3463,Our Lady of Victories,16.0,14.3849,Full Primary (Year 1-8),State : Integrated,Christchurch Office,Canterbury/Chatham Islands,Canterbury Region,Christchurch City
2024,3464,Ōuruhia Model School,5.0,4.3933,Full Primary (Year 1-8),State,Christchurch Office,Canterbury/Chatham Islands,Canterbury Region,Christchurch City
2024,3466,Papanui Primary School,17.0,14.6366,Contributing (Year 1-6),State,Christchurch Office,Canterbury/Chatham Islands,Canterbury Region,Christchurch City
2024,3467,Paparoa Street School,32.0,24.0606,Contributing (Year 1-6),State,Christchurch Office,Canterbury/Chatham Islands,Canterbury Region,Christchurch City
2024,3470,Parkview Pārua,25.0,22.0266,Full Primary (Year 1-8),State,Christchurch Office,Canterbury/Chatham Islands,Canterbury Region,Christchurch City
2024,3472,Paroa School (Greymouth),15.0,11.653,Full Primary (Year 1-8),State,Nelson Office,Nelson/Marlborough/West Coast,West Coast Region,Grey District
2024,3476,Pitt Island School,2.0,1.4171,Full Primary (Year 1-8),State,Christchurch Office,Canterbury/Chatham Islands,Area Outside Region,Chatham Islands Territory
2024,3477,Pleasant Point Primary School,18.0,15.3084,Full Primary (Year 1-8),State,Christchurch Office,Canterbury/Chatham Islands,Canterbury Region,Timaru District
2024,3478,Prebbleton School,32.0,29.0882,Full Primary (Year 1-8),State,Christchurch Office,Canterbury/Chatham Islands,Canterbury Region,Selwyn District
2024,3479,Queenspark Te Hua Mānuka,37.0,27.742000000000004,Full Primary (Year 1-8),State,Christchurch Office,Canterbury/Chatham Islands,Canterbury Region,Christchurch City
2024,3480,Rakaia School,12.0,10.2184,Full Primary (Year 1-8),State,Christchurch Office,Canterbury/Chatham Islands,Canterbury Region,Ashburton District
2024,3481,Rangiora Borough School,30.0,26.1608,Full Primary (Year 1-8),State,Christchurch Office,Canterbury/Chatham Islands,Canterbury Region,Waimakariri District
2024,3483,Te Raekura Redcliffs School,15.0,13.2733,Full Primary (Year 1-8),State,Christchurch Office,Canterbury/Chatham Islands,Canterbury Region,Christchurch City
2024,3484,Redwood School (Christchurch),21.0,16.715,Contributing (Year 1-6),State,Christchurch Office,Canterbury/Chatham Islands,Canterbury Region,Christchurch City
2024,3485,Te Kāpehu Riccarton School,23.0,18.8606,Full Primary (Year 1-8),State,Christchurch Office,Canterbury/Chatham Islands,Canterbury Region,Christchurch City
2024,3488,Rolleston School,45.0,39.916,Full Primary (Year 1-8),State,Christchurch Office,Canterbury/Chatham Islands,Canterbury Region,Selwyn District
2024,3489,Ross School,2.0,1.5478,Contributing (Year 1-6),State,Nelson Office,Nelson/Marlborough/West Coast,West Coast Region,Westland District
2024,3490,Rotherham School,4.0,3.4031,Contributing (Year 1-6),State,Christchurch Office,Canterbury/Chatham Islands,Canterbury Region,Hurunui District
2024,3492,Te Kōmanawa Rowley School,15.0,12.6656,Contributing (Year 1-6),State,Christchurch Office,Canterbury/Chatham Islands,Canterbury Region,Christchurch City
2024,3493,Te Ara Maurea Roydvale School,19.0,15.350500000000002,Contributing (Year 1-6),State,Christchurch Office,Canterbury/Chatham Islands,Canterbury Region,Christchurch City
2024,3495,Runanga School,4.0,2.4094,Full Primary (Year 1-8),State,Nelson Office,Nelson/Marlborough/West Coast,West Coast Region,Grey District
2024,3496,Te Parito Kōwhai Russley School,26.0,22.6871,Full Primary (Year 1-8),State,Christchurch Office,Canterbury/Chatham Islands,Canterbury Region,Christchurch City
2024,3498,Sacred Heart School (Timaru),17.0,13.1433,Full Primary (Year 1-8),State : Integrated,Christchurch Office,Canterbury/Chatham Islands,Canterbury Region,Timaru District
2024,3501,Te Waitai Sefton School,10.0,8.1688,Full Primary (Year 1-8),State,Christchurch Office,Canterbury/Chatham Islands,Canterbury Region,Waimakariri District
2024,3502,Sheffield Contributing School,6.0,6.0274,Contributing (Year 1-6),State,Christchurch Office,Canterbury/Chatham Islands,Canterbury Region,Selwyn District
2024,3503,Te Oraka,14.0,12.9667,Intermediate (Year 7 & 8),State,Christchurch Office,Canterbury/Chatham Islands,Canterbury Region,Christchurch City
2024,3504,Te Hiwa Shirley Primary School,31.0,23.8251,Contributing (Year 1-6),State,Christchurch Office,Canterbury/Chatham Islands,Canterbury Region,Christchurch City
2024,3505,Wigram Primary School - Te Piki Kāhu,36.0,28.0058,Contributing (Year 1-6),State,Christchurch Office,Canterbury/Chatham Islands,Canterbury Region,Christchurch City
2024,3506,Somerfield Te Kura Wairepo,33.0,26.8534,Contributing (Year 1-6),State,Christchurch Office,Canterbury/Chatham Islands,Canterbury Region,Christchurch City
2024,3507,Te Manu Tukutuku South Hornby School,27.0,22.4767,Contributing (Year 1-6),State,Christchurch Office,Canterbury/Chatham Islands,Canterbury Region,Christchurch City
2024,3508,South New Brighton School,29.0,25.4052,Full Primary (Year 1-8),State,Christchurch Office,Canterbury/Chatham Islands,Canterbury Region,Christchurch City
2024,3509,Southbridge School,10.0,7.879599999999999,Contributing (Year 1-6),State,Christchurch Office,Canterbury/Chatham Islands,Canterbury Region,Selwyn District
2024,3510,Southbrook School,17.0,14.2419,Full Primary (Year 1-8),State,Christchurch Office,Canterbury/Chatham Islands,Canterbury Region,Waimakariri District
2024,3512,Te Kura o Mōkihi Spreydon School,18.0,15.7451,Contributing (Year 1-6),State,Christchurch Office,Canterbury/Chatham Islands,Canterbury Region,Christchurch City
2024,3515,Springfield School,4.0,2.6276,Contributing (Year 1-6),State,Christchurch Office,Canterbury/Chatham Islands,Canterbury Region,Selwyn District
2024,3516,Springston School,19.0,14.2368,Full Primary (Year 1-8),State,Christchurch Office,Canterbury/Chatham Islands,Canterbury Region,Selwyn District
2024,3517,St Albans Catholic School (Christchurch),7.0,5.9813,Contributing (Year 1-6),State : Integrated,Christchurch Office,Canterbury/Chatham Islands,Canterbury Region,Christchurch City
2024,3518,St Albans School,44.0,35.051,Contributing (Year 1-6),State,Christchurch Office,Canterbury/Chatham Islands,Canterbury Region,Christchurch City
2024,3519,St Andrew's School (Timaru),8.0,6.5583,Full Primary (Year 1-8),State,Christchurch Office,Canterbury/Chatham Islands,Canterbury Region,Waimate District
2024,3520,St Anne's School (Woolston),14.0,12.0254,Full Primary (Year 1-8),State : Integrated,Christchurch Office,Canterbury/Chatham Islands,Canterbury Region,Christchurch City
2024,3521,St Bernadette's School (Hornby),9.0,7.8825,Full Primary (Year 1-8),State : Integrated,Christchurch Office,Canterbury/Chatham Islands,Canterbury Region,Christchurch City
2024,3523,St James School (Aranui),10.0,7.5223,Contributing (Year 1-6),State : Integrated,Christchurch Office,Canterbury/Chatham Islands,Canterbury Region,Christchurch City
2024,3527,St Joseph's School (Ashburton),19.0,15.2592,Full Primary (Year 1-8),State : Integrated,Christchurch Office,Canterbury/Chatham Islands,Canterbury Region,Ashburton District
2024,3528,St Joseph's School (Pleasant Point),6.0,4.2189,Full Primary (Year 1-8),State : Integrated,Christchurch Office,Canterbury/Chatham Islands,Canterbury Region,Timaru District
2024,3529,St Joseph's School (Fairlie),2.0,1.8,Full Primary (Year 1-8),State : Integrated,Christchurch Office,Canterbury/Chatham Islands,Canterbury Region,Mackenzie District
2024,3530,St Joseph’s School (Kaikōura),7.0,6.1018,Full Primary (Year 1-8),State : Integrated,Nelson Office,Nelson/Marlborough/West Coast,Canterbury Region,Kaikoura District
2024,3531,St Joseph's School (Papanui),32.0,25.6583,Full Primary (Year 1-8),State : Integrated,Christchurch Office,Canterbury/Chatham Islands,Canterbury Region,Christchurch City
2024,3532,St Joseph's School (Temuka),8.0,7.658,Full Primary (Year 1-8),State : Integrated,Christchurch Office,Canterbury/Chatham Islands,Canterbury Region,Timaru District
2024,3533,St Joseph's School (Timaru),19.0,13.9006,Full Primary (Year 1-8),State : Integrated,Christchurch Office,Canterbury/Chatham Islands,Canterbury Region,Timaru District
2024,3534,St Martins School,33.0,26.582199999999997,Full Primary (Year 1-8),State,Christchurch Office,Canterbury/Chatham Islands,Canterbury Region,Christchurch City
2024,3535,St Mary's School (Christchurch),7.0,6.7597000000000005,Full Primary (Year 1-8),State : Integrated,Christchurch Office,Canterbury/Chatham Islands,Canterbury Region,Christchurch City
2024,3536,St Mary's School (Hokitika),9.0,8.0003,Full Primary (Year 1-8),State : Integrated,Nelson Office,Nelson/Marlborough/West Coast,West Coast Region,Westland District
2024,3537,St Patrick's School (Bryndwr),14.0,10.9578,Full Primary (Year 1-8),State : Integrated,Christchurch Office,Canterbury/Chatham Islands,Canterbury Region,Christchurch City
2024,3538,St Patrick's School (Greymouth),12.0,11.1383,Full Primary (Year 1-8),State : Integrated,Nelson Office,Nelson/Marlborough/West Coast,West Coast Region,Grey District
2024,3539,St Patrick's School (Waimate),3.0,1.9957,Full Primary (Year 1-8),State : Integrated,Christchurch Office,Canterbury/Chatham Islands,Canterbury Region,Waimate District
2024,3540,St Patrick's School (Kaiapoi),15.0,10.5207,Full Primary (Year 1-8),State : Integrated,Christchurch Office,Canterbury/Chatham Islands,Canterbury Region,Waimakariri District
2024,3542,St Peter’s School Te Kura Haoika,10.0,8.3903,Full Primary (Year 1-8),State : Integrated,Christchurch Office,Canterbury/Chatham Islands,Canterbury Region,Christchurch City
2024,3543,St Teresa's School (Riccarton),13.0,10.711299999999998,Full Primary (Year 1-8),State : Integrated,Christchurch Office,Canterbury/Chatham Islands,Canterbury Region,Christchurch City
2024,3544,Our Lady Star of the Sea School (Christchurch),7.0,5.3578,Full Primary (Year 1-8),State : Integrated,Christchurch Office,Canterbury/Chatham Islands,Canterbury Region,Christchurch City
2024,3546,Sumner School,26.0,19.7954,Full Primary (Year 1-8),State,Christchurch Office,Canterbury/Chatham Islands,Canterbury Region,Christchurch City
2024,3547,Swannanoa School,22.0,18.4598,Full Primary (Year 1-8),State,Christchurch Office,Canterbury/Chatham Islands,Canterbury Region,Waimakariri District
2024,3549,Tai Tapu School,19.0,14.3278,Full Primary (Year 1-8),State,Christchurch Office,Canterbury/Chatham Islands,Canterbury Region,Selwyn District
2024,3553,Te One School,4.0,4.0,Full Primary (Year 1-8),State,Christchurch Office,Canterbury/Chatham Islands,Area Outside Region,Chatham Islands Territory
2024,3554,Waitaha School,50.0,42.2646,Specialist School,State,Christchurch Office,Canterbury/Chatham Islands,Canterbury Region,Selwyn District
2024,3555,Templeton School,25.0,19.8295,Full Primary (Year 1-8),State,Christchurch Office,Canterbury/Chatham Islands,Canterbury Region,Christchurch City
2024,3557,Te Kura o Huriawa Thorrington,34.0,24.1308,Contributing (Year 1-6),State,Christchurch Office,Canterbury/Chatham Islands,Canterbury Region,Christchurch City
2024,3561,Tinwald School,22.0,18.2942,Contributing (Year 1-6),State,Christchurch Office,Canterbury/Chatham Islands,Canterbury Region,Ashburton District
2024,3563,Te Kura o Tuahiwi,19.0,14.8203,Full Primary (Year 1-8),State,Christchurch Office,Canterbury/Chatham Islands,Canterbury Region,Waimakariri District
2024,3565,View Hill School,6.0,4.9186,Full Primary (Year 1-8),State,Christchurch Office,Canterbury/Chatham Islands,Canterbury Region,Waimakariri District
2024,3566,Waiau School,4.0,3.2729000000000004,Contributing (Year 1-6),State,Christchurch Office,Canterbury/Chatham Islands,Canterbury Region,Hurunui District
2024,3567,Waihao Downs School,7.0,4.6075,Full Primary (Year 1-8),State,Christchurch Office,Canterbury/Chatham Islands,Canterbury Region,Waimate District
2024,3569,Waikari School,4.0,2.9544,Full Primary (Year 1-8),State,Christchurch Office,Canterbury/Chatham Islands,Canterbury Region,Hurunui District
2024,3570,Pegasus Bay School,26.0,24.5572,Full Primary (Year 1-8),State,Christchurch Office,Canterbury/Chatham Islands,Canterbury Region,Waimakariri District
2024,3571,Waimairi School,26.0,20.3941,Contributing (Year 1-6),State,Christchurch Office,Canterbury/Chatham Islands,Canterbury Region,Christchurch City
2024,3572,Waimataitai School,34.0,26.5933,Full Primary (Year 1-8),State,Christchurch Office,Canterbury/Chatham Islands,Canterbury Region,Timaru District
2024,3573,Waimate Centennial School,11.0,8.9447,Contributing (Year 1-6),State,Christchurch Office,Canterbury/Chatham Islands,Canterbury Region,Waimate District
2024,3574,Waimate Main School,7.0,6.6756,Contributing (Year 1-6),State,Christchurch Office,Canterbury/Chatham Islands,Canterbury Region,Waimate District
2024,3576,Waipara School,6.0,4.5058,Full Primary (Year 1-8),State,Christchurch Office,Canterbury/Chatham Islands,Canterbury Region,Hurunui District
2024,3577,Wairakei School (Christchurch),17.0,12.3773,Contributing (Year 1-6),State,Christchurch Office,Canterbury/Chatham Islands,Canterbury Region,Christchurch City
2024,3579,Waituna Creek School,3.0,2.272,Full Primary (Year 1-8),State,Christchurch Office,Canterbury/Chatham Islands,Canterbury Region,Waimate District
2024,3580,Wakanui School,10.0,9.1244,Full Primary (Year 1-8),State,Christchurch Office,Canterbury/Chatham Islands,Canterbury Region,Ashburton District
2024,3581,Waltham School,20.0,16.428500000000003,Full Primary (Year 1-8),State,Christchurch Office,Canterbury/Chatham Islands,Canterbury Region,Christchurch City
2024,3585,Weedons School,12.0,9.2103,Full Primary (Year 1-8),State,Christchurch Office,Canterbury/Chatham Islands,Canterbury Region,Selwyn District
2024,3586,West Eyreton School,15.0,12.5665,Full Primary (Year 1-8),State,Christchurch Office,Canterbury/Chatham Islands,Canterbury Region,Waimakariri District
2024,3587,West Melton School,33.0,26.076,Full Primary (Year 1-8),State,Christchurch Office,Canterbury/Chatham Islands,Canterbury Region,Selwyn District
2024,3588,Te Ara Koropiko West Spreydon School,24.0,17.566,Contributing (Year 1-6),State,Christchurch Office,Canterbury/Chatham Islands,Canterbury Region,Christchurch City
2024,3589,Westburn Te Kura O Hereora,31.0,25.6643,Full Primary (Year 1-8),State,Christchurch Office,Canterbury/Chatham Islands,Canterbury Region,Christchurch City
2024,3591,Wharenui School,29.0,24.612399999999997,Full Primary (Year 1-8),State,Christchurch Office,Canterbury/Chatham Islands,Canterbury Region,Christchurch City
2024,3592,Whataroa School,5.0,3.3206,Full Primary (Year 1-8),State,Nelson Office,Nelson/Marlborough/West Coast,West Coast Region,Westland District
2024,3594,Longbeach School,14.0,8.637400000000001,Full Primary (Year 1-8),State,Christchurch Office,Canterbury/Chatham Islands,Canterbury Region,Ashburton District
2024,3597,Windwhistle School,4.0,2.5659,Contributing (Year 1-6),State,Christchurch Office,Canterbury/Chatham Islands,Canterbury Region,Selwyn District
2024,3599,Woodbury School,10.0,7.7684,Contributing (Year 1-6),State,Christchurch Office,Canterbury/Chatham Islands,Canterbury Region,Timaru District
2024,3600,Woodend School,34.0,27.2152,Full Primary (Year 1-8),State,Christchurch Office,Canterbury/Chatham Islands,Canterbury Region,Waimakariri District
2024,3602,Yaldhurst School – Tōtara Tūkaha,9.0,6.857,Full Primary (Year 1-8),State,Christchurch Office,Canterbury/Chatham Islands,Canterbury Region,Christchurch City
2024,3612,Mangakōtukutuku College,76.0,67.2696,Secondary (Year 7-15),State,Hamilton Office,Waikato,Waikato Region,Hamilton City
2024,3618,Te Kura ā Iwi o Ngāti Kauwhata,8.0,6.8213,Composite (Year 1-15),State,Whanganui Office,Taranaki/Whanganui/Manawatū,Manawatū-Whanganui Region,Manawatu District
2024,3619,Te Kāpehu Whetū,15.0,13.1566,Composite (Year 1-15),State,Whangarei Office,Tai Tokerau,Northland Region,Whangarei District
2024,3625,Māruawai College,60.0,49.391599999999976,Secondary (Year 7-15),State,Invercargill Office,Otago/Southland,Southland Region,Gore District
2024,3628,Elim Christian College Henderson,8.0,7.989,Full Primary (Year 1-8),State : Integrated,Auckland Office,Tāmaki Herenga Tāngata,Auckland Region,Auckland
2024,3630,Elim Christian College Mt Albert,35.0,30.412600000000005,Composite (Year 1-15),State : Integrated,Auckland Office,Tāmaki Herenga Manawa,Auckland Region,Auckland
2024,3700,Abbotsford School,20.0,16.911599999999996,Full Primary (Year 1-8),State,Dunedin Office,Otago/Southland,Otago Region,Dunedin City
2024,3701,Alexandra Primary School,19.0,14.122099999999998,Full Primary (Year 1-8),State,Dunedin Office,Otago/Southland,Otago Region,Central Otago District
2024,3703,Andersons Bay School,18.0,16.5385,Contributing (Year 1-6),State,Dunedin Office,Otago/Southland,Otago Region,Dunedin City
2024,3704,Ardgowan School,9.0,7.8039,Full Primary (Year 1-8),State,Dunedin Office,Otago/Southland,Otago Region,Waitaki District
2024,3706,Arthur Street School,18.0,14.1806,Full Primary (Year 1-8),State,Dunedin Office,Otago/Southland,Otago Region,Dunedin City
2024,3707,Fenwick School,20.0,18.158900000000003,Contributing (Year 1-6),State,Dunedin Office,Otago/Southland,Otago Region,Waitaki District
2024,3709,Balaclava School,18.0,14.8645,Contributing (Year 1-6),State,Dunedin Office,Otago/Southland,Otago Region,Dunedin City
2024,3710,Balclutha School,18.0,15.285799999999998,Full Primary (Year 1-8),State,Dunedin Office,Otago/Southland,Otago Region,Clutha District
2024,3711,Balmacewen Intermediate,31.0,27.9896,Intermediate (Year 7 & 8),State,Dunedin Office,Otago/Southland,Otago Region,Dunedin City
2024,3716,Bradford School,6.0,5.1165,Contributing (Year 1-6),State,Dunedin Office,Otago/Southland,Otago Region,Dunedin City
2024,3718,Broad Bay School,3.0,2.8706,Full Primary (Year 1-8),State,Dunedin Office,Otago/Southland,Otago Region,Dunedin City
2024,3719,Brockville School,9.0,8.2764,Full Primary (Year 1-8),State,Dunedin Office,Otago/Southland,Otago Region,Dunedin City
2024,3723,Clinton School,6.0,5.6159,Full Primary (Year 1-8),State,Dunedin Office,Otago/Southland,Otago Region,Clutha District
2024,3724,Clutha Valley School,10.0,8.402000000000001,Full Primary (Year 1-8),State,Dunedin Office,Otago/Southland,Otago Region,Clutha District
2024,3725,Clyde School,14.0,10.547,Full Primary (Year 1-8),State,Dunedin Office,Otago/Southland,Otago Region,Central Otago District
2024,3727,Concord School,6.0,4.5377,Contributing (Year 1-6),State,Dunedin Office,Otago/Southland,Otago Region,Dunedin City
2024,3729,Cromwell Primary School,29.0,22.7299,Contributing (Year 1-6),State,Dunedin Office,Otago/Southland,Otago Region,Central Otago District
2024,3731,Dunedin North Intermediate,26.0,20.9162,Intermediate (Year 7 & 8),State,Dunedin Office,Otago/Southland,Otago Region,Dunedin City
2024,3732,Duntroon School,6.0,5.6795,Full Primary (Year 1-8),State,Dunedin Office,Otago/Southland,Canterbury Region,Waitaki District
2024,3733,East Taieri School,22.0,18.0346,Contributing (Year 1-6),State,Dunedin Office,Otago/Southland,Otago Region,Dunedin City
2024,3736,Fairfield School (Dunedin),33.0,26.7938,Full Primary (Year 1-8),State,Dunedin Office,Otago/Southland,Otago Region,Dunedin City
2024,3737,Pembroke School (Oamaru),18.0,15.549300000000002,Contributing (Year 1-6),State,Dunedin Office,Otago/Southland,Otago Region,Waitaki District
2024,3738,Five Forks School,6.0,3.4238,Full Primary (Year 1-8),State,Dunedin Office,Otago/Southland,Otago Region,Waitaki District
2024,3740,George Street Normal School,38.0,27.9793,Contributing (Year 1-6),State,Dunedin Office,Otago/Southland,Otago Region,Dunedin City
2024,3741,Goldfields School (Cromwell),27.0,20.7134,Contributing (Year 1-6),State,Dunedin Office,Otago/Southland,Otago Region,Central Otago District
2024,3742,Grants Braes School,15.0,12.7919,Contributing (Year 1-6),State,Dunedin Office,Otago/Southland,Otago Region,Dunedin City
2024,3743,Green Island School,14.0,10.443800000000005,Full Primary (Year 1-8),State,Dunedin Office,Otago/Southland,Otago Region,Dunedin City
2024,3745,Halfway Bush School,4.0,3.3651,Contributing (Year 1-6),State,Dunedin Office,Otago/Southland,Otago Region,Dunedin City
2024,3746,Hampden School,5.0,3.1975,Full Primary (Year 1-8),State,Dunedin Office,Otago/Southland,Otago Region,Waitaki District
2024,3747,Hāwea Flat School,27.0,21.135700000000003,Contributing (Year 1-6),State,Dunedin Office,Otago/Southland,Otago Region,Queenstown-Lakes District
2024,3749,Heriot School,7.0,5.1712,Contributing (Year 1-6),State,Dunedin Office,Otago/Southland,Otago Region,Clutha District
2024,3753,Kaikorai School,19.0,15.7945,Contributing (Year 1-6),State,Dunedin Office,Otago/Southland,Otago Region,Dunedin City
2024,3754,Kaitangata School,9.0,6.900200000000001,Full Primary (Year 1-8),State,Dunedin Office,Otago/Southland,Otago Region,Clutha District
2024,3755,Kakanui School,8.0,5.0962,Full Primary (Year 1-8),State,Dunedin Office,Otago/Southland,Otago Region,Waitaki District
2024,3756,Karitane School,3.0,2.4164000000000003,Contributing (Year 1-6),State,Dunedin Office,Otago/Southland,Otago Region,Dunedin City
2024,3761,Lee Stream School,3.0,1.6595,Full Primary (Year 1-8),State,Dunedin Office,Otago/Southland,Otago Region,Dunedin City
2024,3762,Macandrew Bay School,10.0,7.8586,Contributing (Year 1-6),State,Dunedin Office,Otago/Southland,Otago Region,Dunedin City
2024,3764,Macraes Moonlight School,4.0,2.5367,Full Primary (Year 1-8),State,Dunedin Office,Otago/Southland,Otago Region,Waitaki District
2024,3765,Maheno School,6.0,5.1671,Full Primary (Year 1-8),State,Dunedin Office,Otago/Southland,Otago Region,Waitaki District
2024,3767,Makarora Primary School,3.0,1.6589,Full Primary (Year 1-8),State,Dunedin Office,Otago/Southland,Otago Region,Queenstown-Lakes District
2024,3768,Maori Hill School,20.0,16.2939,Contributing (Year 1-6),State,Dunedin Office,Otago/Southland,Otago Region,Dunedin City
2024,3771,Millers Flat School,3.0,2.6177,Full Primary (Year 1-8),State,Dunedin Office,Otago/Southland,Otago Region,Central Otago District
2024,3772,Milton School,9.0,7.2186,Contributing (Year 1-6),State,Dunedin Office,Otago/Southland,Otago Region,Clutha District
2024,3776,Mornington School,18.0,14.0515,Contributing (Year 1-6),State,Dunedin Office,Otago/Southland,Otago Region,Dunedin City
2024,3778,Elmgrove School,20.0,18.2129,Contributing (Year 1-6),State,Dunedin Office,Otago/Southland,Otago Region,Dunedin City
2024,3779,Musselburgh School,11.0,9.5177,Contributing (Year 1-6),State,Dunedin Office,Otago/Southland,Otago Region,Dunedin City
2024,3783,North East Valley Normal School,21.0,16.443099999999998,Contributing (Year 1-6),State,Dunedin Office,Otago/Southland,Otago Region,Dunedin City
2024,3784,Oamaru Intermediate,27.0,22.830200000000005,Intermediate (Year 7 & 8),State,Dunedin Office,Otago/Southland,Otago Region,Waitaki District
2024,3785,Te Pākihi o Maru,9.0,8.677900000000001,Contributing (Year 1-6),State,Dunedin Office,Otago/Southland,Otago Region,Waitaki District
2024,3788,Omakau School,8.0,5.572299999999999,Full Primary (Year 1-8),State,Dunedin Office,Otago/Southland,Otago Region,Central Otago District
2024,3789,Omarama School,3.0,2.7549,Full Primary (Year 1-8),State,Dunedin Office,Otago/Southland,Canterbury Region,Waitaki District
2024,3790,Ōpoho School,11.0,9.556599999999998,Contributing (Year 1-6),State,Dunedin Office,Otago/Southland,Otago Region,Dunedin City
2024,3795,Outram School,13.0,10.6137,Full Primary (Year 1-8),State,Dunedin Office,Otago/Southland,Otago Region,Dunedin City
2024,3797,Palmerston School,9.0,7.3061,Contributing (Year 1-6),State,Dunedin Office,Otago/Southland,Otago Region,Waitaki District
2024,3798,Papakaio School,9.0,7.953,Full Primary (Year 1-8),State,Dunedin Office,Otago/Southland,Otago Region,Waitaki District
2024,3801,Pine Hill School (Dunedin),5.0,3.8834,Contributing (Year 1-6),State,Dunedin Office,Otago/Southland,Otago Region,Dunedin City
2024,3802,Poolburn School,5.0,4.043,Full Primary (Year 1-8),State,Dunedin Office,Otago/Southland,Otago Region,Central Otago District
2024,3803,Port Chalmers School,9.0,7.959000000000001,Full Primary (Year 1-8),State,Dunedin Office,Otago/Southland,Otago Region,Dunedin City
2024,3805,Portobello School,5.0,4.0245,Full Primary (Year 1-8),State,Dunedin Office,Otago/Southland,Otago Region,Dunedin City
2024,3807,Pūrākaunui School,2.0,1.9143,Full Primary (Year 1-8),State,Dunedin Office,Otago/Southland,Otago Region,Dunedin City
2024,3808,Ravensbourne School,3.0,1.7754,Contributing (Year 1-6),State,Dunedin Office,Otago/Southland,Otago Region,Dunedin City
2024,3811,Romahapa School,6.0,4.1709,Full Primary (Year 1-8),State,Dunedin Office,Otago/Southland,Otago Region,Clutha District
2024,3812,Rosebank School (Balclutha),16.0,12.0831,Full Primary (Year 1-8),State,Dunedin Office,Otago/Southland,Otago Region,Clutha District
2024,3815,Sacred Heart School (Dunedin),6.0,3.8401,Contributing (Year 1-6),State : Integrated,Dunedin Office,Otago/Southland,Otago Region,Dunedin City
2024,3816,Sara Cohen School,27.0,20.5839,Specialist School,State,Dunedin Office,Otago/Southland,Otago Region,Dunedin City
2024,3817,Sawyers Bay School,9.0,7.554200000000001,Contributing (Year 1-6),State,Dunedin Office,Otago/Southland,Otago Region,Dunedin City
2024,3819,St Bernadette's School (Forbury),10.0,9.2565,Contributing (Year 1-6),State : Integrated,Dunedin Office,Otago/Southland,Otago Region,Dunedin City
2024,3820,St Brigids School (Tainui),5.0,4.3922,Contributing (Year 1-6),State : Integrated,Dunedin Office,Otago/Southland,Otago Region,Dunedin City
2024,3822,St Francis Xavier School (Mornington),8.0,7.184,Contributing (Year 1-6),State : Integrated,Dunedin Office,Otago/Southland,Otago Region,Dunedin City
2024,3823,St Gerard's School (Alexandra),11.0,8.9237,Full Primary (Year 1-8),State : Integrated,Dunedin Office,Otago/Southland,Otago Region,Central Otago District
2024,3824,St John's School (Ranfurly),5.0,3.9988,Full Primary (Year 1-8),State : Integrated,Dunedin Office,Otago/Southland,Otago Region,Central Otago District
2024,3825,St Joseph's School (Oamaru),10.0,7.0076,Full Primary (Year 1-8),State : Integrated,Dunedin Office,Otago/Southland,Otago Region,Waitaki District
2024,3826,St Joseph's School (Balclutha),5.0,3.964,Full Primary (Year 1-8),State : Integrated,Dunedin Office,Otago/Southland,Otago Region,Clutha District
2024,3827,St Joseph's Cathedral School,12.0,9.9204,Contributing (Year 1-6),State : Integrated,Dunedin Office,Otago/Southland,Otago Region,Dunedin City
2024,3829,St Leonard's School (Dunedin),2.0,1.8443,Contributing (Year 1-6),State,Dunedin Office,Otago/Southland,Otago Region,Dunedin City
2024,3830,St Mary's School (Dunedin),5.0,4.1519,Contributing (Year 1-6),State : Integrated,Dunedin Office,Otago/Southland,Otago Region,Dunedin City
2024,3831,St Mary's School (Milton),5.0,4.4922,Contributing (Year 1-6),State : Integrated,Dunedin Office,Otago/Southland,Otago Region,Clutha District
2024,3832,St Mary's School (Mosgiel),11.0,8.6928,Full Primary (Year 1-8),State : Integrated,Dunedin Office,Otago/Southland,Otago Region,Dunedin City
2024,3834,St Peter Chanel School (Green Island),4.0,3.8944,Full Primary (Year 1-8),State : Integrated,Dunedin Office,Otago/Southland,Otago Region,Dunedin City
2024,3835,St Clair School,27.0,23.8511,Contributing (Year 1-6),State,Dunedin Office,Otago/Southland,Otago Region,Dunedin City
2024,3836,Stirling School,5.0,3.9052,Full Primary (Year 1-8),State,Dunedin Office,Otago/Southland,Otago Region,Clutha District
2024,3837,Strath Taieri School,4.0,3.463,Full Primary (Year 1-8),State,Dunedin Office,Otago/Southland,Otago Region,Dunedin City
2024,3839,Tahuna Normal Intermediate,64.0,59.549399999999984,Intermediate (Year 7 & 8),State,Dunedin Office,Otago/Southland,Otago Region,Dunedin City
2024,3840,Taieri Beach School,3.0,1.61,Full Primary (Year 1-8),State,Dunedin Office,Otago/Southland,Otago Region,Clutha District
2024,3841,Tainui School,23.0,17.948900000000002,Contributing (Year 1-6),State,Dunedin Office,Otago/Southland,Otago Region,Dunedin City
2024,3842,Tapanui School,6.0,5.025799999999999,Contributing (Year 1-6),State,Dunedin Office,Otago/Southland,Otago Region,Clutha District
2024,3843,Tarras School,2.0,1.3192,Full Primary (Year 1-8),State,Dunedin Office,Otago/Southland,Otago Region,Central Otago District
2024,3844,The Terrace School (Alexandra),26.0,21.7894,Full Primary (Year 1-8),State,Dunedin Office,Otago/Southland,Otago Region,Central Otago District
2024,3845,Tokoiti School,5.0,3.6731,Contributing (Year 1-6),State,Dunedin Office,Otago/Southland,Otago Region,Clutha District
2024,3847,Totara School,4.0,3.7572,Full Primary (Year 1-8),State,Dunedin Office,Otago/Southland,Otago Region,Waitaki District
2024,3850,Waihola District School,6.0,4.6015,Full Primary (Year 1-8),State,Dunedin Office,Otago/Southland,Otago Region,Clutha District
2024,3851,Waikoikoi School,1.0,1.0,Contributing (Year 1-6),State,Dunedin Office,Otago/Southland,Otago Region,Clutha District
2024,3852,Waikouaiti School,6.0,5.2455,Contributing (Year 1-6),State,Dunedin Office,Otago/Southland,Otago Region,Dunedin City
2024,3855,Waitahuna School,1.0,1.0,Contributing (Year 1-6),State,Dunedin Office,Otago/Southland,Otago Region,Clutha District
2024,3857,Waitati School,6.0,5.303,Full Primary (Year 1-8),State,Dunedin Office,Otago/Southland,Otago Region,Dunedin City
2024,3858,Waiwera South School,4.0,3.1957,Full Primary (Year 1-8),State,Dunedin Office,Otago/Southland,Otago Region,Clutha District
2024,3859,Wakari School,20.0,17.360899999999997,Contributing (Year 1-6),State,Dunedin Office,Otago/Southland,Otago Region,Dunedin City
2024,3861,Warepa School,7.0,4.7656,Full Primary (Year 1-8),State,Dunedin Office,Otago/Southland,Otago Region,Clutha District
2024,3862,Warrington School,4.0,3.1096,Full Primary (Year 1-8),State,Dunedin Office,Otago/Southland,Otago Region,Dunedin City
2024,3864,Weston School,22.0,18.1782,Full Primary (Year 1-8),State,Dunedin Office,Otago/Southland,Otago Region,Waitaki District
2024,3930,Arrowtown School,31.0,25.5452,Full Primary (Year 1-8),State,Dunedin Office,Otago/Southland,Otago Region,Queenstown-Lakes District
2024,3932,Balfour School,9.0,6.6085,Contributing (Year 1-6),State,Invercargill Office,Otago/Southland,Southland Region,Southland District
2024,3935,Hillside Primary School,4.0,2.5708,Full Primary (Year 1-8),State,Invercargill Office,Otago/Southland,Southland Region,Southland District
2024,3938,Hauroko Valley Primary School,6.0,5.237299999999999,Full Primary (Year 1-8),State,Invercargill Office,Otago/Southland,Southland Region,Southland District
2024,3943,Dipton School,3.0,2.6732,Full Primary (Year 1-8),State,Invercargill Office,Otago/Southland,Southland Region,Southland District
2024,3946,East Gore School,12.0,7.3457,Contributing (Year 1-6),State,Invercargill Office,Otago/Southland,Southland Region,Gore District
2024,3947,Edendale School (Southland),11.0,8.6458,Contributing (Year 1-6),State,Invercargill Office,Otago/Southland,Southland Region,Southland District
2024,3953,Garston School,5.0,3.0619,Full Primary (Year 1-8),State,Invercargill Office,Otago/Southland,Southland Region,Southland District
2024,3955,Glenorchy School,5.0,3.8906,Full Primary (Year 1-8),State,Dunedin Office,Otago/Southland,Otago Region,Queenstown-Lakes District
2024,3956,Gore Main School,17.0,13.5868,Contributing (Year 1-6),State,Invercargill Office,Otago/Southland,Southland Region,Gore District
2024,3957,Gorge Road School,4.0,2.9079,Full Primary (Year 1-8),State,Invercargill Office,Otago/Southland,Southland Region,Southland District
2024,3961,Halfmoon Bay School,4.0,3.4873,Full Primary (Year 1-8),State,Invercargill Office,Otago/Southland,Southland Region,Southland District
2024,3963,Heddon Bush School,5.0,4.3114,Full Primary (Year 1-8),State,Invercargill Office,Otago/Southland,Southland Region,Southland District
2024,3964,Hedgehope School,4.0,3.3779,Full Primary (Year 1-8),State,Invercargill Office,Otago/Southland,Southland Region,Southland District
2024,3966,Invercargill Middle School,13.0,10.8511,Contributing (Year 1-6),State,Invercargill Office,Otago/Southland,Southland Region,Invercargill City
2024,3967,Windsor North School,23.0,18.6154,Contributing (Year 1-6),State,Invercargill Office,Otago/Southland,Southland Region,Invercargill City
2024,3973,Knapdale School,5.0,4.3902,Full Primary (Year 1-8),State,Invercargill Office,Otago/Southland,Southland Region,Gore District
2024,3975,Limehills School,12.0,9.159800000000002,Full Primary (Year 1-8),State,Invercargill Office,Otago/Southland,Southland Region,Southland District
2024,3977,Lochiel School,7.0,5.3348,Full Primary (Year 1-8),State,Invercargill Office,Otago/Southland,Southland Region,Southland District
2024,3980,Lumsden School,8.0,6.623,Contributing (Year 1-6),State,Invercargill Office,Otago/Southland,Southland Region,Southland District
2024,3982,Makarewa School,11.0,9.5132,Contributing (Year 1-6),State,Invercargill Office,Otago/Southland,Southland Region,Invercargill City
2024,3984,Mararoa School,3.0,2.189,Full Primary (Year 1-8),State,Invercargill Office,Otago/Southland,Southland Region,Southland District
2024,3986,Mataura School,12.0,11.365,Contributing (Year 1-6),State,Invercargill Office,Otago/Southland,Southland Region,Gore District
2024,3990,Mossburn School,6.0,5.2103,Contributing (Year 1-6),State,Invercargill Office,Otago/Southland,Southland Region,Southland District
2024,3991,Myross Bush School,14.0,9.8395,Contributing (Year 1-6),State,Invercargill Office,Otago/Southland,Southland Region,Invercargill City
2024,3997,Otama School,3.0,1.9591,Full Primary (Year 1-8),State,Invercargill Office,Otago/Southland,Southland Region,Gore District
2024,4000,Otatara School,19.0,15.1757,Contributing (Year 1-6),State,Invercargill Office,Otago/Southland,Southland Region,Invercargill City
2024,4001,Otautau School,11.0,10.6114,Full Primary (Year 1-8),State,Invercargill Office,Otago/Southland,Southland Region,Southland District
2024,4003,Pukerau School,6.0,4.062900000000001,Contributing (Year 1-6),State,Invercargill Office,Otago/Southland,Southland Region,Gore District
2024,4005,Queenstown Primary School,41.0,34.3508,Full Primary (Year 1-8),State,Dunedin Office,Otago/Southland,Otago Region,Queenstown-Lakes District
2024,4006,Rimu School,7.0,6.554,Full Primary (Year 1-8),State,Invercargill Office,Otago/Southland,Southland Region,Southland District
2024,4007,Riversdale School,13.0,8.235,Full Primary (Year 1-8),State,Invercargill Office,Otago/Southland,Southland Region,Southland District
2024,4008,Riverton School,11.0,8.3828,Contributing (Year 1-6),State,Invercargill Office,Otago/Southland,Southland Region,Southland District
2024,4011,Ruru Special School,32.0,28.7012,Specialist School,State,Invercargill Office,Otago/Southland,Southland Region,Invercargill City
2024,4013,Sacred Heart School (Waikiwi),6.0,5.9229,Contributing (Year 1-6),State : Integrated,Invercargill Office,Otago/Southland,Southland Region,Invercargill City
2024,4014,Salford School,18.0,15.2018,Contributing (Year 1-6),State,Invercargill Office,Otago/Southland,Southland Region,Invercargill City
2024,4016,St Joseph's School (Queenstown),12.0,8.752199999999998,Full Primary (Year 1-8),State : Integrated,Dunedin Office,Otago/Southland,Otago Region,Queenstown-Lakes District
2024,4017,St Joseph's School (Invercargill),11.0,9.8514,Full Primary (Year 1-8),State : Integrated,Invercargill Office,Otago/Southland,Southland Region,Invercargill City
2024,4018,St Mary's School (Gore),14.0,13.284,Contributing (Year 1-6),State : Integrated,Invercargill Office,Otago/Southland,Southland Region,Gore District
2024,4019,St Patrick's School (Nightcaps),4.0,2.8253,Full Primary (Year 1-8),State : Integrated,Invercargill Office,Otago/Southland,Southland Region,Southland District
2024,4020,St Patrick's School (Invercargill),23.0,19.2381,Contributing (Year 1-6),State : Integrated,Invercargill Office,Otago/Southland,Southland Region,Invercargill City
2024,4021,St Teresa's School (Bluff),1.0,1.0,Full Primary (Year 1-8),State : Integrated,Invercargill Office,Otago/Southland,Southland Region,Invercargill City
2024,4022,St Theresa's School (Invercargill),16.0,13.8669,Contributing (Year 1-6),State : Integrated,Invercargill Office,Otago/Southland,Southland Region,Invercargill City
2024,4023,St Thomas School (Winton),8.0,7.1841,Full Primary (Year 1-8),State : Integrated,Invercargill Office,Otago/Southland,Southland Region,Southland District
2024,4026,Te Anau School,23.0,18.679900000000004,Contributing (Year 1-6),State,Invercargill Office,Otago/Southland,Southland Region,Southland District
2024,4027,Te Tipua School,4.0,3.1416000000000004,Full Primary (Year 1-8),State,Invercargill Office,Otago/Southland,Southland Region,Southland District
2024,4028,Thornbury School,8.0,4.4527,Contributing (Year 1-6),State,Invercargill Office,Otago/Southland,Southland Region,Southland District
2024,4029,Tisbury School,8.0,7.315699999999999,Contributing (Year 1-6),State,Invercargill Office,Otago/Southland,Southland Region,Invercargill City
2024,4030,Tokanui School,4.0,4.0,Full Primary (Year 1-8),State,Invercargill Office,Otago/Southland,Southland Region,Southland District
2024,4032,Tuturau Primary School,4.0,3.1104000000000003,Contributing (Year 1-6),State,Invercargill Office,Otago/Southland,Southland Region,Southland District
2024,4034,Waianiwa School,5.0,4.1204,Full Primary (Year 1-8),State,Invercargill Office,Otago/Southland,Southland Region,Southland District
2024,4035,Waihopai School,26.0,20.39230000000001,Contributing (Year 1-6),State,Invercargill Office,Otago/Southland,Southland Region,Invercargill City
2024,4036,Waikaia School,4.0,2.6182,Full Primary (Year 1-8),State,Invercargill Office,Otago/Southland,Southland Region,Southland District
2024,4037,Waikaka School,6.0,4.8863,Full Primary (Year 1-8),State,Invercargill Office,Otago/Southland,Southland Region,Gore District
2024,4046,Wallacetown School,5.0,4.9752,Contributing (Year 1-6),State,Invercargill Office,Otago/Southland,Southland Region,Southland District
2024,4047,Waverley Park School,19.0,16.697799999999997,Contributing (Year 1-6),State,Invercargill Office,Otago/Southland,Southland Region,Invercargill City
2024,4050,West Gore School,16.0,10.8872,Contributing (Year 1-6),State,Invercargill Office,Otago/Southland,Southland Region,Gore District
2024,4052,Winton School,21.0,18.280700000000003,Full Primary (Year 1-8),State,Invercargill Office,Otago/Southland,Southland Region,Southland District
2024,4053,Woodlands Full Primary School,8.0,7.383699999999999,Full Primary (Year 1-8),State,Invercargill Office,Otago/Southland,Southland Region,Southland District
2024,4054,Wyndham School,11.0,8.3313,Contributing (Year 1-6),State,Invercargill Office,Otago/Southland,Southland Region,Southland District
2024,4100,Balmoral S D A School,6.0,4.964300000000001,Full Primary (Year 1-8),State : Integrated,Auckland Office,Tāmaki Herenga Manawa,Auckland Region,Auckland
2024,4104,Hadlow Preparatory School,18.0,16.0881,Full Primary (Year 1-8),State : Integrated,Lower Hutt Office,Wellington,Wellington Region,Masterton District
2024,4105,Hamilton Seventh-Day Adventist School,7.0,6.5902,Full Primary (Year 1-8),State : Integrated,Hamilton Office,Waikato,Waikato Region,Waikato District
2024,4107,Parkside Christian S D A School,4.0,3.6482,Full Primary (Year 1-8),State : Integrated,Napier Office,Hawke's Bay/Tairāwhiti,Hawke's Bay Region,Napier City
2024,4112,Southland Adventist Christian School,8.0,6.9275,Full Primary (Year 1-8),State : Integrated,Invercargill Office,Otago/Southland,Southland Region,Invercargill City
2024,4117,Liberton Christian School,9.0,7.195300000000001,Full Primary (Year 1-8),State : Integrated,Dunedin Office,Otago/Southland,Otago Region,Dunedin City
2024,4119,Wellington Hills Christian College,5.0,4.1314,Composite (Year 1-15),State : Integrated,Lower Hutt Office,Wellington,Wellington Region,Wellington City
2024,4121,Nelson College For Girls Prep School,,,Intermediate (Year 7 & 8),Private : Fully Registered,Nelson Office,Nelson/Marlborough/West Coast,Nelson Region,Nelson City
2024,4123,New Plymouth Adventist Christian School,6.0,4.5273,Full Primary (Year 1-8),State : Integrated,Whanganui Office,Taranaki/Whanganui/Manawatū,Taranaki Region,New Plymouth District
2024,4125,Southcity Christian School,17.0,11.795299999999996,Full Primary (Year 1-8),State : Integrated,Hamilton Office,Waikato,Waikato Region,Waipa District
2024,4126,Palmerston North Adventist Christian School,11.0,7.615099999999999,Contributing (Year 1-6),State : Integrated,Whanganui Office,Taranaki/Whanganui/Manawatū,Manawatū-Whanganui Region,Palmerston North City
2024,4129,Rotorua S D A School,3.0,2.5175,Full Primary (Year 1-8),State : Integrated,Rotorua Office,Bay of Plenty/Waiariki,Bay of Plenty Region,Rotorua District
2024,4131,St John's Girls' School (Invercargill),12.0,9.7331,Full Primary (Year 1-8),State : Integrated,Invercargill Office,Otago/Southland,Southland Region,Invercargill City
2024,4132,St Joseph's School (Rangiora),12.0,9.8645,Full Primary (Year 1-8),State : Integrated,Christchurch Office,Canterbury/Chatham Islands,Canterbury Region,Waimakariri District
2024,4135,St Mark's School (Christchurch),17.0,14.585700000000005,Full Primary (Year 1-8),State : Integrated,Christchurch Office,Canterbury/Chatham Islands,Canterbury Region,Christchurch City
2024,4140,South Auckland S D A School,24.0,22.1075,Full Primary (Year 1-8),State : Integrated,Auckland Office,Tāmaki Herenga Waka,Auckland Region,Auckland
2024,4143,Tamariki School,6.0,4.3308,Full Primary (Year 1-8),State : Integrated,Christchurch Office,Canterbury/Chatham Islands,Canterbury Region,Christchurch City
2024,4144,Tauranga Adventist School,8.0,6.768,Full Primary (Year 1-8),State : Integrated,Rotorua Office,Bay of Plenty/Waiariki,Bay of Plenty Region,Tauranga City
2024,4145,Te Pi'ipi'inga Kakano Mai I Rangiatea,23.0,17.0475,Composite (Year 1-15),State,Whanganui Office,Taranaki/Whanganui/Manawatū,Taranaki Region,New Plymouth District
2024,4146,Timatanga Community School,5.0,3.0153,Full Primary (Year 1-8),State : Integrated,Auckland Office,Tāmaki Herenga Tāngata,Auckland Region,Auckland
2024,4150,Wellington S D A School,8.0,7.1033,Full Primary (Year 1-8),State : Integrated,Lower Hutt Office,Wellington,Wellington Region,Porirua City
2024,4151,Waitakere S D A School,3.0,2.978,Full Primary (Year 1-8),State : Integrated,Auckland Office,Tāmaki Herenga Tāngata,Auckland Region,Auckland
2024,4154,Whangarei Adventist Christian School,3.0,2.4579,Full Primary (Year 1-8),State : Integrated,Whangarei Office,Tai Tokerau,Northland Region,Whangarei District
2024,4156,Blind and Low Vision Education Network NZ,159.0,136.64420000000007,Specialist School,State,Auckland Office,Tāmaki Herenga Waka,Auckland Region,Auckland
2024,4157,Westbridge Residential School,9.0,7.3377,Specialist School,State,Auckland Office,Tāmaki Herenga Tāngata,Auckland Region,Auckland
2024,4158,Hutt International Boys' School,70.0,60.6694,Secondary (Year 7-15),State : Integrated,Lower Hutt Office,Wellington,Wellington Region,Upper Hutt City
2024,4160,TKKM o Te Atihaunui-A-Paparangi,12.0,9.6576,Full Primary (Year 1-8),State,Whanganui Office,Taranaki/Whanganui/Manawatū,Manawatū-Whanganui Region,Whanganui District
2024,4204,Hare Krishna School,14.0,11.492,Composite (Year 1-15),State : Integrated,Auckland Office,Tāmaki Herenga Tāngata,Auckland Region,Auckland
2024,4205,TKKM o Piripono Te Kura Whakahou ki Ōtara,9.0,6.199000000000001,Full Primary (Year 1-8),State,Auckland Office,Tāmaki Herenga Waka,Auckland Region,Auckland
2024,4207,TKKM o Nga Maungarongo,14.0,12.2357,Composite (Year 1-15),State,Auckland Office,Tāmaki Herenga Manawa,Auckland Region,Auckland
2024,4208,TKKM o Mangere,30.0,26.1336,Composite (Year 1-15),State,Auckland Office,Tāmaki Herenga Waka,Auckland Region,Auckland
2024,4209,TKKM o Manawatu,9.0,8.1744,Full Primary (Year 1-8),State,Whanganui Office,Taranaki/Whanganui/Manawatū,Manawatū-Whanganui Region,Palmerston North City
2024,4211,TKKM o Te Rito,14.0,12.0718,Composite (Year 1-15),State,Lower Hutt Office,Wellington,Wellington Region,Kapiti Coast District
2024,4212,TKKM o Waitaha,24.0,22.481700000000007,Composite (Year 1-15),State,Christchurch Office,Canterbury/Chatham Islands,Canterbury Region,Christchurch City
2024,4217,Te Wharekura o Arowhenua,27.0,22.7114,Composite (Year 1-15),State,Invercargill Office,Otago/Southland,Southland Region,Invercargill City
2024,4218,TKKM o Tokomaru,4.0,3.1056,Full Primary (Year 1-8),State,Napier Office,Hawke's Bay/Tairāwhiti,Gisborne Region,Gisborne District
2024,4223,TKKM o Tamarongo,3.0,2.2298,Full Primary (Year 1-8),State,Whanganui Office,Taranaki/Whanganui/Manawatū,Taranaki Region,South Taranaki District
2024,4226,TKKM o Tamaki Nui A Rua,12.0,10.9576,Composite (Year 1-15),State,Lower Hutt Office,Wellington,Manawatū-Whanganui Region,Tararua District
2024,4227,TKKM o Kaikohe,25.0,21.1383,Composite (Year 1-15),State,Whangarei Office,Tai Tokerau,Northland Region,Far North District
2024,4228,TKKM o Puau Te Moananui-a-Kiwa,18.0,13.399599999999998,Composite (Year 1-15),State,Auckland Office,Tāmaki Herenga Manawa,Auckland Region,Auckland
2024,4229,TKKM o Manurewa,6.0,6.0,Full Primary (Year 1-8),State,Auckland Office,Tāmaki Herenga Waka,Auckland Region,Auckland
2024,4230,TKKM o Whakarewa I Te Reo Ki Tuwharetoa,23.0,15.8208,Composite (Year 1-15),State,Rotorua Office,Bay of Plenty/Waiariki,Waikato Region,Taupo District
2024,6070,Golden Sands School,31.0,27.000999999999998,Contributing (Year 1-6),State,Rotorua Office,Bay of Plenty/Waiariki,Bay of Plenty Region,Tauranga City
2024,6741,Te Matauranga,22.0,19.7691,Contributing (Year 1-6),State,Auckland Office,Tāmaki Herenga Waka,Auckland Region,Auckland
2024,6742,Tahatai Coast School,50.0,44.413,Contributing (Year 1-6),State,Rotorua Office,Bay of Plenty/Waiariki,Bay of Plenty Region,Tauranga City
2024,6759,Snells Beach Primary School,28.0,22.8354,Contributing (Year 1-6),State,Auckland Office,Tāmaki Herenga Tāngata,Auckland Region,Auckland
2024,6760,Somerville Intermediate School,60.0,49.7449,Intermediate (Year 7 & 8),State,Auckland Office,Tāmaki Herenga Manawa,Auckland Region,Auckland
2024,6763,Whangaparaoa College,131.0,117.6621,Secondary (Year 7-15),State,Auckland Office,Tāmaki Herenga Tāngata,Auckland Region,Auckland
2024,6783,Remarkables Primary School,33.0,27.514700000000005,Full Primary (Year 1-8),State,Dunedin Office,Otago/Southland,Otago Region,Queenstown-Lakes District
2024,6788,Hobsonville Point Primary School,54.0,47.044,Full Primary (Year 1-8),State,Auckland Office,Tāmaki Herenga Tāngata,Auckland Region,Auckland
2024,6920,Gulf Harbour School,41.0,35.166599999999995,Contributing (Year 1-6),State,Auckland Office,Tāmaki Herenga Tāngata,Auckland Region,Auckland
2024,6921,Point View School,47.0,39.25410000000001,Contributing (Year 1-6),State,Auckland Office,Tāmaki Herenga Manawa,Auckland Region,Auckland
2024,6922,Waiheke Primary School,24.0,16.6452,Full Primary (Year 1-8),State,Auckland Office,Tāmaki Herenga Manawa,Auckland Region,Auckland
2024,6929,Alfriston College,76.0,66.3274,Secondary (Year 9-15),State,Auckland Office,Tāmaki Herenga Waka,Auckland Region,Auckland
2024,6930,Botany Downs Secondary College,124.0,111.02140000000004,Secondary (Year 9-15),State,Auckland Office,Tāmaki Herenga Manawa,Auckland Region,Auckland
2024,6932,Pinehill School (Browns Bay),30.0,25.211700000000004,Contributing (Year 1-6),State,Auckland Office,Tāmaki Herenga Tāngata,Auckland Region,Auckland
2024,6937,Summerland Primary,44.0,36.6302,Contributing (Year 1-6),State,Auckland Office,Tāmaki Herenga Tāngata,Auckland Region,Auckland
2024,6939,Kohia Terrace School,26.0,22.912700000000005,Full Primary (Year 1-8),State,Auckland Office,Tāmaki Herenga Manawa,Auckland Region,Auckland
2024,6940,Te Akau ki Papamoa Primary School,80.0,71.9442,Contributing (Year 1-6),State,Rotorua Office,Bay of Plenty/Waiariki,Bay of Plenty Region,Tauranga City
2024,6941,Endeavour School,31.0,28.2018,Contributing (Year 1-6),State,Hamilton Office,Waikato,Waikato Region,Hamilton City
2024,6944,Randwick Park School,44.0,38.70379999999999,Full Primary (Year 1-8),State,Auckland Office,Tāmaki Herenga Waka,Auckland Region,Auckland
2024,6945,Selwyn Ridge School,29.0,26.5872,Contributing (Year 1-6),State,Rotorua Office,Bay of Plenty/Waiariki,Bay of Plenty Region,Tauranga City
2024,6946,Oteha Valley School,40.0,33.8856,Contributing (Year 1-6),State,Auckland Office,Tāmaki Herenga Tāngata,Auckland Region,Auckland
2024,6947,The Gardens School,43.0,35.3479,Full Primary (Year 1-8),State,Auckland Office,Tāmaki Herenga Waka,Auckland Region,Auckland
2024,6948,Albany Junior High School,84.0,75.00779999999999,Secondary (Year 7-15),State,Auckland Office,Tāmaki Herenga Tāngata,Auckland Region,Auckland
2024,6955,Upper Harbour Primary School,29.0,23.658799999999992,Contributing (Year 1-6),State,Auckland Office,Tāmaki Herenga Tāngata,Auckland Region,Auckland
2024,6959,Willowbank School (Howick),45.0,38.7287,Contributing (Year 1-6),State,Auckland Office,Tāmaki Herenga Manawa,Auckland Region,Auckland
2024,6960,Baverstock Oaks School,47.0,40.8157,Contributing (Year 1-6),State,Auckland Office,Tāmaki Herenga Manawa,Auckland Region,Auckland
2024,6962,Te Wharekura o Mauao,31.0,28.096400000000003,Secondary (Year 7-15),State,Rotorua Office,Bay of Plenty/Waiariki,Bay of Plenty Region,Tauranga City
2024,6963,Papamoa College,127.0,111.483,Secondary (Year 7-15),State,Rotorua Office,Bay of Plenty/Waiariki,Bay of Plenty Region,Tauranga City
2024,6967,Lemonwood Grove School,61.0,54.6842,Full Primary (Year 1-8),State,Christchurch Office,Canterbury/Chatham Islands,Canterbury Region,Selwyn District
2024,6975,Garin College,55.0,44.8025,Secondary (Year 9-15),State : Integrated,Nelson Office,Nelson/Marlborough/West Coast,Nelson Region,Nelson City
2024,6976,Rototuna Primary School,46.0,42.01729999999999,Contributing (Year 1-6),State,Hamilton Office,Waikato,Waikato Region,Hamilton City
2024,6977,Hobsonville Point Secondary School,71.0,63.0567,Secondary (Year 9-15),State,Auckland Office,Tāmaki Herenga Tāngata,Auckland Region,Auckland
2024,6978,Reremoana Primary School,28.0,24.2842,Full Primary (Year 1-8),State,Auckland Office,Tāmaki Herenga Waka,Auckland Region,Auckland
2024,6980,Clearview Primary,56.0,45.7837,Full Primary (Year 1-8),State,Christchurch Office,Canterbury/Chatham Islands,Canterbury Region,Selwyn District
